timestamp,price_dollar,sells
1385600400000,27.126,14
1385686800000,24.466,13
1385773200000,15.382,32
1385859600000,14.012,36
1385946000000,11.274,36
1386032400000,12.456,36
1386118800000,11.16,31
1386205200000,12.878,29
1386291600000,11.388,32
1386378000000,11.827,44
1386464400000,10.739,43
1386550800000,11.236,33
1386637200000,10.411,38
1386723600000,10.582,39
1386810000000,10.132,29
1386896400000,9.59,37
1386982800000,9.492,44
1387069200000,9.583,28
1387155600000,9.014,46
1387242000000,7.577,34
1387328400000,7.88,39
1387414800000,7.087,58
1387501200000,5.58,75
1387587600000,5.67,71
1387674000000,5.463,57
1387760400000,5.142,61
1387846800000,5.478,68
1387933200000,5.743,72
1388019600000,5.989,76
1388106000000,6.324,68
1388192400000,6.139,84
1388278800000,5.609,66
1388365200000,5.596,94
1388451600000,5.035,66
1388538000000,5.212,93
1388624400000,5.222,75
1388710800000,5.22,56
1388797200000,5.316,93
1388883600000,5.189,96
1388970000000,5.176,84
1389056400000,5.266,76
1389142800000,5.118,77
1389229200000,5.272,96
1389315600000,5.177,73
1389402000000,5.207,82
1389488400000,4.915,76
1389574800000,4.734,98
1389661200000,5.166,77
1389747600000,5.007,63
1389834000000,4.736,70
1389920400000,4.464,92
1390006800000,4.481,119
1390093200000,4.504,106
1390179600000,4.284,100
1390266000000,4.313,86
1390352400000,4.262,92
1390438800000,4.527,70
1390525200000,4.567,97
1390611600000,4.49,87
1390698000000,4.389,106
1390784400000,4.238,95
1390870800000,4.197,82
1390957200000,3.95,97
1391043600000,4.002,108
1391130000000,3.986,117
1391216400000,4.105,114
1391302800000,3.975,119
1391389200000,4.006,99
1391475600000,4.027,82
1391562000000,3.905,76
1391648400000,3.871,113
1391734800000,3.902,109
1391821200000,3.885,143
1391907600000,3.848,127
1391994000000,3.722,108
1392080400000,3.817,91
1392166800000,3.868,110
1392253200000,3.747,103
1392339600000,3.616,118
1392426000000,3.612,128
1392512400000,3.473,121
1392598800000,3.424,115
1392685200000,3.305,105
1392771600000,3.367,78
1392858000000,3.245,140
1392944400000,2.682,162
1393030800000,2.683,219
1393117200000,2.979,179
1393203600000,3.097,164
1393290000000,3.273,129
1393376400000,3.25,148
1393462800000,3.623,132
1393549200000,3.558,164
1393635600000,3.557,159
1393722000000,3.406,165
1393808400000,3.519,164
1393894800000,3.459,108
1393981200000,3.306,105
1394067600000,3.436,152
1394154000000,3.486,169
1394240400000,3.491,176
1394326800000,3.443,169
1394413200000,3.495,159
1394499600000,3.513,127
1394586000000,3.425,144
1394672400000,3.644,135
1394758800000,3.996,145
1394845200000,3.369,225
1394931600000,3.196,218
1395018000000,3.311,178
1395104400000,3.485,146
1395190800000,3.419,165
1395277200000,3.409,140
1395363600000,3.531,170
1395450000000,3.311,215
1395536400000,3.34,155
1395622800000,3.264,154
1395709200000,3.494,150
1395795600000,3.623,149
1395882000000,3.48,169
1395968400000,3.407,209
1396054800000,3.448,219
1396141200000,3.696,197
1396227600000,3.604,204
1396314000000,3.8,126
1396400400000,3.727,180
1396486800000,3.667,182
1396573200000,3.604,202
1396659600000,3.698,206
1396746000000,3.644,206
1396832400000,3.681,222
1396918800000,3.882,156
1397005200000,3.777,179
1397091600000,3.79,182
1397178000000,3.775,208
1397264400000,3.717,232
1397350800000,3.768,218
1397437200000,3.663,221
1397523600000,3.776,220
1397610000000,3.547,219
1397696400000,3.752,224
1397782800000,3.893,214
1397869200000,3.914,222
1397955600000,3.756,239
1398042000000,3.74,204
1398128400000,3.862,204
1398214800000,3.715,225
1398301200000,3.595,212
1398387600000,3.68,238
1398474000000,3.665,236
1398560400000,3.568,268
1398646800000,3.591,223
1398733200000,3.625,220
1398819600000,3.663,226
1398906000000,3.6,224
1398992400000,3.377,294
1399078800000,3.786,379
1399165200000,3.867,368
1399251600000,3.798,284
1399338000000,3.655,237
1399424400000,3.517,262
1399510800000,3.454,252
1399597200000,3.11,280
1399683600000,2.872,324
1399770000000,2.649,288
1399856400000,2.621,255
1399942800000,2.578,240
1400029200000,2.655,244
1400115600000,2.632,327
1400202000000,2.638,287
1400288400000,2.622,327
1400374800000,2.631,303
1400461200000,2.622,241
1400547600000,2.688,253
1400634000000,2.613,276
1400720400000,2.526,260
1400806800000,2.414,288
1400893200000,2.592,293
1400979600000,2.481,327
1401066000000,2.468,302
1401152400000,2.65,268
1401238800000,2.549,277
1401325200000,2.522,285
1401411600000,2.684,258
1401498000000,2.54,284
1401584400000,2.445,303
1401670800000,2.368,319
1401757200000,2.448,249
1401843600000,2.358,303
1401930000000,2.398,257
1402016400000,2.369,293
1402102800000,2.307,339
1402189200000,2.379,293
1402275600000,2.353,249
1402362000000,2.392,243
1402448400000,2.259,253
1402534800000,2.186,303
1402621200000,2.316,320
1402707600000,2.49,325
1402794000000,2.418,338
1402880400000,2.441,323
1402966800000,2.067,395
1403053200000,2.178,333
1403139600000,2.044,357
1403226000000,1.683,448
1403312400000,1.67,451
1403398800000,1.71,424
1403485200000,1.59,405
1403571600000,1.585,386
1403658000000,1.739,401
1403744400000,1.799,356
1403830800000,1.835,403
1403917200000,1.908,394
1404003600000,1.864,436
1404090000000,1.887,440
1404176400000,2.198,379
1404262800000,1.575,509
1404349200000,1.854,462
1404435600000,1.989,364
1404522000000,2.124,369
1404608400000,2.218,395
1404694800000,2.288,381
1404781200000,2.417,360
1404867600000,2.292,402
1404954000000,2.252,422
1405040400000,2.356,473
1405126800000,2.49,392
1405213200000,2.444,405
1405299600000,2.379,383
1405386000000,2.497,398
1405472400000,2.383,412
1405558800000,2.318,379
1405645200000,2.317,361
1405731600000,2.326,377
1405818000000,2.218,428
1405904400000,2.287,392
1405990800000,2.334,362
1406077200000,2.396,387
1406163600000,2.424,373
1406250000000,2.531,429
1406336400000,2.528,397
1406422800000,2.551,424
1406509200000,2.516,435
1406595600000,2.663,424
1406682000000,2.725,439
1406768400000,2.734,460
1406854800000,2.7,462
1406941200000,2.995,443
1407027600000,2.87,457
1407114000000,2.709,458
1407200400000,2.492,497
1407286800000,2.547,454
1407373200000,2.653,437
1407459600000,2.719,438
1407546000000,2.747,419
1407632400000,2.662,423
1407718800000,2.763,496
1407805200000,2.819,453
1407891600000,2.784,447
1407978000000,2.986,489
1408064400000,2.931,545
1408150800000,2.752,580
1408237200000,2.377,683
1408323600000,2.513,550
1408410000000,2.688,475
1408496400000,2.728,514
1408582800000,2.828,467
1408669200000,2.763,509
1408755600000,2.713,483
1408842000000,2.694,484
1408928400000,2.8,535
1409014800000,2.846,541
1409101200000,2.892,496
1409187600000,2.833,455
1409274000000,2.799,579
1409360400000,2.851,622
1409446800000,2.847,545
1409533200000,3.034,531
1409619600000,3.011,488
1409706000000,3.151,461
1409792400000,3.043,450
1409878800000,2.855,510
1409965200000,2.906,578
1410051600000,2.961,536
1410138000000,2.945,470
1410224400000,3.062,375
1410310800000,3.129,417
1410397200000,2.878,474
1410483600000,2.684,526
1410570000000,2.652,637
1410656400000,2.695,603
1410742800000,2.707,471
1410829200000,2.644,480
1410915600000,2.669,484
1411002000000,2.63,487
1411088400000,2.542,551
1411174800000,2.518,665
1411261200000,2.588,549
1411347600000,2.545,460
1411434000000,2.584,426
1411520400000,2.537,423
1411606800000,2.616,407
1411693200000,2.462,560
1411779600000,2.42,676
1411866000000,2.465,573
1411952400000,2.504,456
1412038800000,2.518,443
1412125200000,2.541,466
1412211600000,2.618,473
1412298000000,2.518,599
1412384400000,2.63,691
1412470800000,2.553,650
1412557200000,2.613,548
1412643600000,2.647,459
1412730000000,2.613,500
1412816400000,2.615,513
1412902800000,2.555,609
1412989200000,2.574,697
1413075600000,2.626,624
1413162000000,2.587,516
1413248400000,2.687,439
1413334800000,2.61,522
1413421200000,2.713,523
1413507600000,2.5,611
1413594000000,2.429,688
1413680400000,2.311,643
1413766800000,2.409,500
1413853200000,2.466,490
1413939600000,2.495,527
1414026000000,2.541,515
1414112400000,2.587,635
1414198800000,2.865,614
1414285200000,2.294,744
1414371600000,2.233,643
1414458000000,2.382,547
1414544400000,2.422,498
1414630800000,2.89,512
1414717200000,2.286,801
1414803600000,2.312,746
1414890000000,2.275,775
1414976400000,2.293,516
1415062800000,2.369,512
1415149200000,2.398,525
1415235600000,2.382,536
1415322000000,2.422,588
1415408400000,2.483,729
1415494800000,2.395,614
1415581200000,2.371,571
1415667600000,2.347,577
1415754000000,1.711,1044
1415840400000,1.748,789
1415926800000,1.896,744
1416013200000,1.951,794
1416099600000,1.977,730
1416186000000,1.881,588
1416272400000,2.07,530
1416358800000,1.989,516
1416445200000,1.957,471
1416531600000,1.81,721
1416618000000,1.895,702
1416704400000,1.816,731
1416790800000,1.772,618
1416877200000,1.994,553
1416963600000,2.058,632
1417050000000,1.986,751
1417136400000,2.058,863
1417222800000,3.267,177
1417309200000,2.37,1337
1417395600000,1.738,837
1417482000000,1.931,745
1417568400000,2.138,685
1417654800000,2.21,676
1417741200000,2.422,810
1417827600000,2.481,932
1417914000000,2.378,859
1418000400000,2.275,742
1418086800000,2.288,657
1418173200000,2.275,812
1418259600000,2.331,670
1418346000000,2.266,786
1418432400000,2.3,956
1418518800000,2.251,825
1418605200000,2.265,768
1418691600000,2.208,710
1418778000000,2.23,771
1418864400000,2.219,741
1418950800000,2.226,983
1419037200000,2.167,932
1419123600000,2.096,943
1419210000000,2.154,980
1419296400000,2.174,815
1419382800000,2.131,1011
1419469200000,2.508,1138
1419555600000,2.556,1036
1419642000000,2.606,1161
1419728400000,2.626,1002
1419814800000,2.558,1116
1419901200000,2.592,1143
1419987600000,2.726,1033
1420074000000,2.556,1034
1420160400000,2.655,1233
1420246800000,2.733,1119
1420333200000,2.755,1072
1420419600000,2.755,1028
1420506000000,2.8,985
1420592400000,2.929,819
1420678800000,2.879,949
1420765200000,2.963,1581
1420851600000,3.233,1656
1420938000000,3.21,1509
1421024400000,3.292,1203
1421110800000,3.301,1139
1421197200000,3.288,1082
1421283600000,3.191,1137
1421370000000,3.025,1362
1421456400000,2.936,1366
1421542800000,2.916,1298
1421629200000,2.879,1184
1421715600000,2.921,1056
1421802000000,2.902,1047
1421888400000,2.794,1066
1421974800000,2.932,1311
1422061200000,2.986,1383
1422147600000,2.801,1443
1422234000000,2.731,1226
1422320400000,2.776,1166
1422406800000,2.806,1073
1422493200000,2.662,1143
1422579600000,2.675,1358
1422666000000,2.758,1452
1422752400000,2.629,1518
1422838800000,2.718,1172
1422925200000,2.671,1173
1423011600000,2.726,1042
1423098000000,2.673,1182
1423184400000,2.659,1302
1423270800000,2.702,1498
1423357200000,2.549,1433
1423443600000,2.611,1096
1423530000000,2.653,1018
1423616400000,2.607,1149
1423702800000,2.592,1156
1423789200000,2.577,1391
1423875600000,2.617,1556
1423962000000,2.551,1440
1424048400000,2.511,1337
1424134800000,2.532,1226
1424221200000,2.589,1143
1424307600000,2.586,1188
1424394000000,2.617,1399
1424480400000,2.682,1296
1424566800000,2.663,1355
1424653200000,2.742,1244
1424739600000,2.765,1093
1424826000000,2.755,1124
1424912400000,2.798,1100
1424998800000,2.638,1453
1425085200000,2.738,1505
1425171600000,2.701,1390
1425258000000,2.748,1162
1425344400000,2.766,1115
1425430800000,2.795,1104
1425517200000,2.667,1169
1425603600000,2.74,1328
1425690000000,2.675,1560
1425776400000,2.637,1419
1425862800000,2.632,1170
1425949200000,2.633,1071
1426035600000,2.678,1005
1426122000000,2.719,1082
1426208400000,2.637,1454
1426294800000,2.642,1762
1426381200000,2.452,1712
1426467600000,2.386,1358
1426554000000,2.596,1208
1426640400000,2.664,1099
1426726800000,2.737,1146
1426813200000,2.709,1417
1426899600000,2.743,1626
1426986000000,2.721,1366
1427072400000,2.74,1348
1427158800000,2.802,1188
1427245200000,2.885,1257
1427331600000,2.891,1203
1427418000000,2.829,1453
1427504400000,2.841,1579
1427590800000,2.701,1553
1427677200000,2.746,1350
1427763600000,2.754,1309
1427850000000,2.769,1753
1427936400000,2.885,1558
1428022800000,2.91,1538
1428109200000,2.861,1675
1428195600000,2.844,1678
1428282000000,2.878,1537
1428368400000,3.023,1655
1428454800000,3.002,1396
1428541200000,2.981,1367
1428627600000,3.06,1321
1428714000000,2.962,1792
1428800400000,2.907,1558
1428886800000,2.781,1382
1428973200000,2.699,1264
1429059600000,2.639,1206
1429146000000,2.404,2218
1429232400000,2.567,2451
1429318800000,2.691,2451
1429405200000,2.625,1694
1429491600000,2.484,1901
1429578000000,2.5,1622
1429664400000,2.488,1489
1429750800000,2.46,1479
1429837200000,2.375,1795
1429923600000,2.337,2054
1430010000000,2.234,1786
1430096400000,2.156,1647
1430182800000,2.199,1473
1430269200000,2.248,1400
1430355600000,2.238,1734
1430442000000,2.103,1683
1430528400000,2.153,2017
1430614800000,2.048,1939
1430701200000,1.952,1856
1430787600000,2.004,1743
1430874000000,2.011,1572
1430960400000,2.009,1517
1431046800000,1.96,2010
1431133200000,1.991,2093
1431219600000,1.945,1969
1431306000000,1.905,1725
1431392400000,1.953,1472
1431478800000,1.949,1563
1431565200000,1.928,1581
1431651600000,1.898,1624
1431738000000,1.941,2060
1431824400000,1.906,1933
1431910800000,1.887,1558
1431997200000,1.898,1487
1432083600000,1.852,1438
1432170000000,1.847,1555
1432256400000,1.826,1815
1432342800000,1.863,2016
1432429200000,1.78,1762
1432515600000,1.733,1692
1432602000000,1.687,1662
1432688400000,1.131,3258
1432774800000,1.328,2697
1432861200000,1.41,2494
1432947600000,1.551,2380
1433034000000,1.553,2200
1433120400000,1.566,2070
1433206800000,1.635,1831
1433293200000,1.578,2040
1433379600000,1.511,1781
1433466000000,1.369,2024
1433552400000,1.39,1940
1433638800000,1.409,2042
1433725200000,1.444,1905
1433811600000,1.474,1718
1433898000000,1.421,1931
1433984400000,1.289,1841
1434070800000,1.127,2214
1434157200000,1.12,2224
1434243600000,1.105,2150
1434330000000,1.08,2072
1434416400000,1.124,1917
1434502800000,1.103,1936
1434589200000,1.108,1821
1434675600000,1.117,1994
1434762000000,1.123,2051
1434848400000,1.065,1921
1434934800000,1.082,1935
1435021200000,1.189,1645
1435107600000,1.255,1731
1435194000000,1.258,1671
1435280400000,1.279,1777
1435366800000,1.297,1811
1435453200000,1.279,1772
1435539600000,1.279,1727
1435626000000,1.279,1787
1435712400000,1.28,1786
1435798800000,1.277,1666
1435885200000,1.251,1661
1435971600000,1.241,1628
1436058000000,1.237,1534
1436144400000,1.255,1626
1436230800000,1.257,1646
1436317200000,1.232,1549
1436403600000,1.246,1658
1436490000000,1.262,1512
1436576400000,1.246,1616
1436662800000,1.235,1607
1436749200000,1.217,1727
1436835600000,1.237,1457
1436922000000,1.206,1745
1437008400000,1.19,1739
1437094800000,1.201,1545
1437181200000,1.18,1628
1437267600000,1.197,1606
1437354000000,1.198,1728
1437440400000,1.19,1670
1437526800000,1.203,1500
1437613200000,1.177,1830
1437699600000,1.165,1590
1437786000000,1.157,1464
1437872400000,1.137,1433
1437958800000,1.152,1680
1438045200000,1.146,1639
1438131600000,1.129,1511
1438218000000,1.11,1541
1438304400000,1.089,1582
1438390800000,1.057,1612
1438477200000,1.05,1571
1438563600000,1.048,1662
1438650000000,1.051,1484
1438736400000,1.049,1656
1438822800000,1.051,1617
1438909200000,1.042,1725
1438995600000,1.046,1624
1439082000000,1.065,1625
1439168400000,1.093,1599
1439254800000,1.077,1597
1439341200000,1.067,1727
1439427600000,1.065,1520
1439514000000,1.044,1566
1439600400000,0.849,2221
1439686800000,0.864,1720
1439773200000,0.866,1652
1439859600000,0.893,1624
1439946000000,0.877,1582
1440032400000,0.892,1635
1440118800000,0.835,1999
1440205200000,0.863,1915
1440291600000,0.771,2409
1440378000000,0.77,2188
1440464400000,0.909,1895
1440550800000,1.025,1789
1440637200000,1.024,1825
1440723600000,1.052,1790
1440810000000,1.065,1776
1440896400000,1.078,1847
1440982800000,1.095,1806
1441069200000,1.126,1869
1441155600000,1.121,1707
1441242000000,1.084,1600
1441328400000,1.07,1807
1441414800000,1.076,2148
1441501200000,1.05,1933
1441587600000,1.066,1497
1441674000000,1.035,1654
1441760400000,1.071,1360
1441846800000,1.059,1691
1441933200000,1.054,1856
1442019600000,1.056,2198
1442106000000,1.051,1863
1442192400000,1.023,1559
1442278800000,1.071,1458
1442365200000,1.056,1771
1442451600000,1.068,1638
1442538000000,1.066,3001
1442624400000,1.221,3642
1442710800000,1.334,3292
1442797200000,1.309,2336
1442883600000,1.382,2355
1442970000000,1.41,2581
1443056400000,1.434,2318
1443142800000,1.512,2650
1443229200000,1.496,2707
1443315600000,1.398,2182
1443402000000,1.374,1741
1443488400000,1.304,1757
1443574800000,1.239,1864
1443661200000,1.254,1819
1443747600000,1.278,2141
1443834000000,1.276,2262
1443920400000,1.234,1974
1444006800000,1.234,1589
1444093200000,1.266,1417
1444179600000,1.23,1693
1444266000000,1.226,1528
1444352400000,1.216,1936
1444438800000,1.192,2026
1444525200000,1.214,1952
1444611600000,1.202,1504
1444698000000,1.215,1426
1444784400000,1.163,1531
1444870800000,1.127,1573
1444957200000,1.122,1722
1445043600000,1.117,2188
1445130000000,1.083,1911
1445216400000,1.071,1356
1445302800000,1.101,1451
1445389200000,0.971,1828
1445475600000,0.929,1444
1445562000000,0.975,2053
1445648400000,1.008,2284
1445734800000,0.984,2082
1445821200000,0.976,1572
1445907600000,0.991,1447
1445994000000,0.959,1646
1446080400000,0.933,1682
1446166800000,0.904,2126
1446253200000,0.906,2394
1446339600000,0.806,2657
1446426000000,0.818,1983
1446512400000,0.894,1754
1446598800000,0.979,1652
1446685200000,0.994,1548
1446771600000,1.028,1869
1446858000000,1.056,2224
1446944400000,1.053,1975
1447030800000,1.043,1526
1447117200000,1.039,1526
1447203600000,1.055,1562
1447290000000,1.029,1453
1447376400000,1.014,1891
1447462800000,1.059,2009
1447549200000,1.035,1886
1447635600000,1.038,1425
1447722000000,1.029,1370
1447808400000,1.033,1476
1447894800000,1.033,1505
1447981200000,1.035,1705
1448067600000,1.041,2020
1448154000000,1.029,1797
1448240400000,1.004,1387
1448326800000,1.045,1584
1448413200000,1.004,1638
1448499600000,0.811,1959
1448586000000,0.764,2451
1448672400000,0.783,2845
1448758800000,0.751,2546
1448845200000,0.756,1904
1448931600000,0.793,1866
1449018000000,0.895,1700
1449104400000,0.934,1719
1449190800000,0.982,2100
1449277200000,1.034,2317
1449363600000,1.043,2364
1449450000000,1.067,1755
1449536400000,1.103,1839
1449622800000,1.038,2519
1449709200000,1.117,2273
1449795600000,1.214,2643
1449882000000,1.313,3075
1449968400000,1.285,2355
1450054800000,1.255,1641
1450141200000,1.266,1524
1450227600000,1.239,1585
1450314000000,1.155,1498
1450400400000,1.111,1722
1450486800000,1.078,1938
1450573200000,1.007,1783
1450659600000,1.037,1541
1450746000000,0.996,1664
1450832400000,0.742,2351
1450918800000,0.744,2020
1451005200000,0.801,2313
1451091600000,0.875,2295
1451178000000,0.872,2417
1451264400000,0.893,2517
1451350800000,0.89,2424
1451437200000,0.845,2277
1451523600000,0.853,2096
1451610000000,0.798,2302
1451696400000,0.783,2334
1451782800000,0.753,2311
1451869200000,0.788,2259
1451955600000,0.91,1863
1452042000000,0.935,1825
1452128400000,0.938,1754
1452214800000,0.954,1859
1452301200000,0.969,2337
1452387600000,1.017,1966
1452474000000,1.029,1639
1452560400000,0.998,1474
1452646800000,1.045,1511
1452733200000,0.97,1576
1452819600000,0.944,1883
1452906000000,0.962,2247
1452992400000,0.928,1922
1453078800000,0.938,1727
1453165200000,0.962,1514
1453251600000,0.945,1536
1453338000000,0.933,1576
1453424400000,0.978,1840
1453510800000,0.978,2133
1453597200000,0.976,1996
1453683600000,0.985,1704
1453770000000,1.002,1695
1453856400000,0.992,1810
1453942800000,0.989,1841
1454029200000,0.958,1888
1454115600000,0.976,2197
1454202000000,0.975,2128
1454288400000,0.974,1673
1454374800000,0.99,1581
1454461200000,0.983,1647
1454547600000,0.974,1610
1454634000000,0.961,1864
1454720400000,0.85,2572
1454806800000,0.858,2157
1454893200000,0.824,1774
1454979600000,0.822,1698
1455066000000,0.82,1872
1455152400000,0.842,1687
1455238800000,0.864,2028
1455325200000,0.951,2171
1455411600000,0.964,2038
1455498000000,1,1819
1455584400000,1.017,1568
1455670800000,1.005,1701
1455757200000,0.775,2723
1455843600000,0.831,2519
1455930000000,0.904,2888
1456016400000,0.899,2485
1456102800000,0.907,1903
1456189200000,0.929,2000
1456275600000,0.927,1977
1456362000000,0.914,2029
1456448400000,0.894,2147
1456534800000,0.893,2619
1456621200000,0.921,1793
1456707600000,0.923,1759
1456794000000,0.898,1808
1456880400000,0.915,1620
1456966800000,0.938,2292
1457053200000,0.931,1988
1457139600000,0.909,2267
1457226000000,0.869,2081
1457312400000,0.833,1855
1457398800000,0.847,1693
1457485200000,0.848,1687
1457571600000,0.926,1128
1457658000000,1.034,1231
1457744400000,1.098,1473
1457830800000,1.112,1339
1457917200000,1.115,1105
1458003600000,1.104,1044
1458090000000,1.146,1054
1458176400000,1.131,1062
1458262800000,1.058,1378
1458349200000,1.135,1414
1458435600000,1.127,1307
1458522000000,1.108,1135
1458608400000,1.116,1042
1458694800000,1.084,1059
1458781200000,1.066,1184
1458867600000,1.054,1243
1458954000000,1.037,1276
1459040400000,1.023,1264
1459126800000,1.026,1303
1459213200000,1.036,1281
1459299600000,1.018,1242
1459386000000,1.048,1281
1459472400000,1.079,1514
1459558800000,1.077,1717
1459645200000,0.994,1827
1459731600000,1.021,1327
1459818000000,1.08,1171
1459904400000,1.106,1232
1459990800000,1.149,1262
1460077200000,1.174,1339
1460163600000,1.174,1537
1460250000000,1.156,1548
1460336400000,1.125,1270
1460422800000,1.188,1125
1460509200000,1.133,1123
1460595600000,1.1,1128
1460682000000,1.145,1284
1460768400000,1.166,1439
1460854800000,1.145,1373
1460941200000,1.119,1329
1461027600000,1.151,1138
1461114000000,1.145,1088
1461200400000,1.141,1197
1461286800000,1.148,1345
1461373200000,1.16,1301
1461459600000,1.151,1422
1461546000000,1.119,1096
1461632400000,1.156,1193
1461718800000,1.164,1113
1461805200000,1.103,1405
1461891600000,1.17,1751
1461978000000,1.248,1820
1462064400000,1.218,1769
1462150800000,1.213,1565
1462237200000,1.253,1406
1462323600000,1.253,1449
1462410000000,1.275,1424
1462496400000,1.271,1586
1462582800000,1.276,1715
1462669200000,1.225,1512
1462755600000,1.228,1336
1462842000000,1.289,1198
1462928400000,1.263,1173
1463014800000,1.213,1206
1463101200000,1.2,1335
1463187600000,1.177,1637
1463274000000,1.189,1479
1463360400000,1.174,1162
1463446800000,1.073,1251
1463533200000,0.982,1420
1463619600000,1.004,1105
1463706000000,1.038,1233
1463792400000,1.039,1359
1463878800000,1.027,1287
1463965200000,0.989,1078
1464051600000,0.964,1122
1464138000000,0.937,1231
1464224400000,0.904,1217
1464310800000,0.881,1388
1464397200000,0.883,1359
1464483600000,0.896,1187
1464570000000,0.846,1274
1464656400000,0.835,1230
1464742800000,0.84,1410
1464829200000,0.844,1319
1464915600000,0.836,1424
1465002000000,0.823,1377
1465088400000,0.831,1305
1465174800000,0.828,1230
1465261200000,0.792,1022
1465347600000,0.753,1235
1465434000000,0.731,1189
1465520400000,0.744,1309
1465606800000,0.768,1303
1465693200000,0.8,1205
1465779600000,0.806,1106
1465866000000,0.79,1079
1465952400000,0.778,1134
1466038800000,0.748,1533
1466125200000,0.769,1771
1466211600000,0.842,1693
1466298000000,0.848,1720
1466384400000,0.85,1636
1466470800000,0.868,1570
1466557200000,0.769,1581
1466643600000,0.666,1767
1466730000000,0.584,2038
1466816400000,0.606,1701
1466902800000,0.616,1728
1466989200000,0.617,1714
1467075600000,0.617,1646
1467162000000,0.617,1642
1467248400000,0.624,1648
1467334800000,0.621,1664
1467421200000,0.622,1676
1467507600000,0.61,1613
1467594000000,0.614,1825
1467680400000,0.728,1547
1467766800000,0.772,1549
1467853200000,0.783,1533
1467939600000,0.791,1548
1468026000000,0.796,1572
1468112400000,0.738,1623
1468198800000,0.784,1450
1468285200000,0.837,1421
1468371600000,0.862,1343
1468458000000,0.833,1499
1468544400000,0.832,1361
1468630800000,0.849,1321
1468717200000,0.848,1382
1468803600000,0.915,1397
1468890000000,0.95,1311
1468976400000,0.937,1312
1469062800000,0.914,1256
1469149200000,0.89,1306
1469235600000,0.887,1224
1469322000000,0.87,1218
1469408400000,0.874,1330
1469494800000,0.874,1371
1469581200000,0.908,1352
1469667600000,0.94,1389
1469754000000,0.939,1341
1469840400000,0.951,1294
1469926800000,0.96,1249
1470013200000,0.964,1257
1470099600000,0.969,1239
1470186000000,0.943,1189
1470272400000,0.915,1154
1470358800000,0.887,1229
1470445200000,0.854,1284
1470531600000,0.833,1173
1470618000000,0.801,1168
1470704400000,0.78,1062
1470790800000,0.76,1114
1470877200000,0.757,1099
1470963600000,0.771,1121
1471050000000,0.78,1061
1471136400000,0.79,1051
1471222800000,0.799,1084
1471309200000,0.798,1059
1471395600000,0.801,1046
1471482000000,0.779,1129
1471568400000,0.753,1277
1471654800000,0.729,1445
1471741200000,0.712,1493
1471827600000,0.742,1333
1471914000000,0.782,1239
1472000400000,0.774,1294
1472086800000,0.774,1243
1472173200000,0.778,1292
1472259600000,0.786,1405
1472346000000,0.816,1323
1472432400000,0.842,1389
1472518800000,0.833,1351
1472605200000,0.821,1362
1472691600000,0.834,1332
1472778000000,0.832,1248
1472864400000,0.829,1399
1472950800000,0.799,1274
1473037200000,0.772,1124
1473123600000,0.763,963
1473210000000,0.761,1060
1473296400000,0.75,1023
1473382800000,0.728,1345
1473469200000,0.729,1471
1473555600000,0.733,1339
1473642000000,0.735,1032
1473728400000,0.752,891
1473814800000,0.757,848
1473901200000,0.737,997
1473987600000,0.707,1120
1474074000000,0.699,1473
1474160400000,0.71,1306
1474246800000,0.711,967
1474333200000,0.722,890
1474419600000,0.732,945
1474506000000,0.74,908
1474592400000,0.73,1148
1474678800000,0.718,1455
1474765200000,0.715,1171
1474851600000,0.715,838
1474938000000,0.714,845
1475024400000,0.72,834
1475110800000,0.717,966
1475197200000,0.717,1051
1475283600000,0.722,1303
1475370000000,0.719,1150
1475456400000,0.724,880
1475542800000,0.726,852
1475629200000,0.719,874
1475715600000,0.713,810
1475802000000,0.69,1184
1475888400000,0.673,1349
1475974800000,0.658,1234
1476061200000,0.646,918
1476147600000,0.669,909
1476234000000,0.687,848
1476320400000,0.682,877
1476406800000,0.646,1043
1476493200000,0.644,1178
1476579600000,0.637,1132
1476666000000,0.631,864
1476752400000,0.632,781
1476838800000,0.632,758
1476925200000,0.645,754
1477011600000,0.639,944
1477098000000,0.647,1147
1477184400000,0.647,1017
1477270800000,0.645,772
1477357200000,0.647,767
1477443600000,0.641,785
1477530000000,0.636,867
1477616400000,0.615,956
1477702800000,0.609,1209
1477789200000,0.6,1082
1477875600000,0.585,873
1477962000000,0.595,870
1478048400000,0.634,1079
1478134800000,0.642,627
1478221200000,0.641,975
1478307600000,0.651,1125
1478394000000,0.658,1044
1478480400000,0.672,1023
1478566800000,0.689,785
1478653200000,0.689,737
1478739600000,0.685,882
1478826000000,0.69,1052
1478912400000,0.703,1389
1478998800000,0.708,997
1479085200000,0.7,783
1479171600000,0.714,941
1479258000000,0.71,706
1479344400000,0.712,712
1479430800000,0.709,800
1479517200000,0.722,1008
1479603600000,0.706,982
1479690000000,0.704,1128
1479776400000,0.672,723
1479862800000,0.638,866
1479949200000,0.578,993
1480035600000,0.596,1160
1480122000000,0.59,1194
1480208400000,0.621,1501
1480294800000,0.612,891
1480381200000,0.611,1042
1480467600000,0.655,1104
1480554000000,0.683,1187
1480640400000,0.689,1394
1480726800000,0.719,1714
1480813200000,0.764,1524
1480899600000,0.78,1201
1480986000000,0.775,1179
1481072400000,0.777,1184
1481158800000,0.779,1121
1481245200000,0.803,1193
1481331600000,0.848,1352
1481418000000,0.855,1177
1481504400000,0.835,1025
1481590800000,0.76,985
1481677200000,0.749,884
1481763600000,0.717,883
1481850000000,0.688,1064
1481936400000,0.667,1183
1482022800000,0.638,1048
1482109200000,0.614,948
1482195600000,0.618,873
1482282000000,0.635,829
1482368400000,0.615,1069
1482454800000,0.567,1188
1482541200000,0.602,1340
1482627600000,0.614,1353
1482714000000,0.622,1472
1482800400000,0.614,1423
1482886800000,0.613,1424
1482973200000,0.619,1340
1483059600000,0.625,1446
1483146000000,0.629,1371
1483232400000,0.63,1350
1483318800000,0.662,1444
1483405200000,0.68,1260
1483491600000,0.683,1145
1483578000000,0.696,1235
1483664400000,0.68,1318
1483750800000,0.691,1382
1483837200000,0.707,1283
1483923600000,0.713,1154
1484010000000,0.729,999
1484096400000,0.736,954
1484182800000,0.719,962
1484269200000,0.718,1254
1484355600000,0.738,1378
1484442000000,0.747,1156
1484528400000,0.748,1022
1484614800000,0.752,1038
1484701200000,0.771,1011
1484787600000,0.76,1014
1484874000000,0.752,1105
1484960400000,0.757,1215
1485046800000,0.781,1115
1485133200000,0.79,1133
1485219600000,0.795,1011
1485306000000,0.797,1146
1485392400000,0.827,1469
1485478800000,0.842,1152
1485565200000,0.853,1365
1485651600000,0.824,1492
1485738000000,0.841,1197
1485824400000,0.851,963
1485910800000,0.813,1105
1485997200000,0.822,1024
1486083600000,0.837,966
1486170000000,0.855,1296
1486256400000,0.86,1135
1486342800000,0.854,899
1486429200000,0.851,933
1486515600000,0.838,1001
1486602000000,0.842,980
1486688400000,0.841,1166
1486774800000,0.851,1306
1486861200000,0.859,1114
1486947600000,0.848,1053
1487034000000,0.865,926
1487120400000,0.833,939
1487206800000,0.813,929
1487293200000,0.805,1067
1487379600000,0.812,1209
1487466000000,0.797,1164
1487552400000,0.795,1103
1487638800000,0.794,1131
1487725200000,0.822,927
1487811600000,0.831,1024
1487898000000,0.871,1378
1487984400000,0.904,1089
1488070800000,0.867,1120
1488157200000,0.852,901
1488243600000,0.844,1043
1488330000000,0.842,943
1488416400000,0.831,933
1488502800000,0.838,995
1488589200000,0.846,1170
1488675600000,0.837,1160
1488762000000,0.835,890
1488848400000,0.855,936
1488934800000,0.839,997
1489021200000,0.828,901
1489107600000,0.826,1006
1489194000000,0.84,1180
1489280400000,0.843,1076
1489366800000,0.856,828
1489453200000,0.853,862
1489539600000,0.842,990
1489626000000,0.832,1085
1489712400000,0.834,1461
1489798800000,0.904,1880
1489885200000,0.938,1737
1489971600000,0.924,1438
1490058000000,0.969,1161
1490144400000,0.956,1305
1490230800000,0.957,1219
1490317200000,0.947,1374
1490403600000,0.958,1730
1490490000000,0.945,1504
1490576400000,0.91,1277
1490662800000,0.91,1125
1490749200000,0.95,1917
1490835600000,0.942,1058
1490922000000,0.915,1367
1491008400000,0.911,1559
1491094800000,0.912,1401
1491181200000,0.936,1172
1491267600000,0.93,1117
1491354000000,0.924,1065
1491440400000,0.919,1151
1491526800000,0.912,1308
1491613200000,0.935,1499
1491699600000,0.972,1552
1491786000000,0.949,1294
1491872400000,0.944,1222
1491958800000,0.935,1208
1492045200000,0.963,1284
1492131600000,0.97,1299
1492218000000,0.985,1314
1492304400000,0.994,1265
1492390800000,0.984,1223
1492477200000,0.984,1147
1492563600000,0.957,1230
1492650000000,0.975,1102
1492736400000,0.978,1233
1492822800000,0.987,1241
1492909200000,0.956,1129
1492995600000,0.926,889
1493082000000,0.895,1020
1493168400000,0.907,1029
1493254800000,0.924,991
1493341200000,0.932,1145
1493427600000,0.929,1160
1493514000000,0.924,1106
1493600400000,0.905,965
1493686800000,0.889,829
1493773200000,0.88,995
1493859600000,0.884,768
1493946000000,0.864,1018
1494032400000,0.867,1086
1494118800000,0.851,1046
1494205200000,0.85,872
1494291600000,0.847,1257
1494378000000,0.848,846
1494464400000,0.838,783
1494550800000,0.839,993
1494637200000,0.854,1091
1494723600000,0.863,1010
1494810000000,0.852,808
1494896400000,0.878,962
1494982800000,0.89,707
1495069200000,0.876,799
1495155600000,0.884,810
1495242000000,0.874,1016
1495328400000,0.863,969
1495414800000,0.866,739
1495501200000,0.877,783
1495587600000,0.736,1560
1495674000000,0.774,1109
1495760400000,0.795,1114
1495846800000,0.798,1099
1495933200000,0.792,1053
1496019600000,0.792,886
1496106000000,0.787,895
1496192400000,0.781,926
1496278800000,0.788,880
1496365200000,0.796,942
1496451600000,0.81,995
1496538000000,0.809,995
1496624400000,0.816,873
1496710800000,0.814,831
1496797200000,0.814,906
1496883600000,0.802,828
1496970000000,0.809,917
1497056400000,0.794,965
1497142800000,0.792,908
1497229200000,0.782,869
1497315600000,0.777,833
1497402000000,0.768,714
1497488400000,0.773,850
1497574800000,0.762,851
1497661200000,0.732,845
1497747600000,0.712,814
1497834000000,0.724,795
1497920400000,0.729,769
1498006800000,0.714,881
1498093200000,0.67,1089
1498179600000,0.632,1307
1498266000000,0.617,956
1498352400000,0.588,1060
1498438800000,0.606,1051
1498525200000,0.619,895
1498611600000,0.645,1064
1498698000000,0.647,967
1498784400000,0.671,1032
1498870800000,0.69,1021
1498957200000,0.683,887
1499043600000,0.664,986
1499130000000,0.677,1015
1499216400000,0.696,987
1499302800000,0.736,822
1499389200000,0.733,962
1499475600000,0.711,985
1499562000000,0.713,921
1499648400000,0.715,926
1499734800000,0.717,1030
1499821200000,0.731,802
1499907600000,0.744,726
1499994000000,0.735,820
1500080400000,0.74,796
1500166800000,0.733,888
1500253200000,0.746,833
1500339600000,0.759,841
1500426000000,0.771,876
1500512400000,0.775,896
1500598800000,0.772,833
1500685200000,0.785,880
1500771600000,0.754,1027
1500858000000,0.76,904
1500944400000,0.765,871
1501030800000,0.773,927
1501117200000,0.797,846
1501203600000,0.814,844
1501290000000,0.814,876
1501376400000,0.813,892
1501462800000,0.822,925
1501549200000,0.817,831
1501635600000,0.814,932
1501722000000,0.818,947
1501808400000,0.815,943
1501894800000,0.819,970
1501981200000,0.8,967
1502067600000,0.818,1035
1502154000000,0.815,972
1502240400000,0.827,1020
1502326800000,0.828,909
1502413200000,0.81,871
1502499600000,0.817,896
1502586000000,0.811,835
1502672400000,0.8,994
1502758800000,0.797,921
1502845200000,0.788,918
1502931600000,0.801,860
1503018000000,0.803,921
1503104400000,0.804,927
1503190800000,0.788,900
1503277200000,0.791,955
1503363600000,0.778,858
1503450000000,0.793,809
1503536400000,0.788,780
1503622800000,0.787,799
1503709200000,0.788,848
1503795600000,0.8,878
1503882000000,0.798,904
1503968400000,0.794,841
1504054800000,0.785,838
1504141200000,0.809,702
1504227600000,0.813,927
1504314000000,0.837,845
1504400400000,0.848,934
1504486800000,0.835,821
1504573200000,0.864,731
1504659600000,0.85,685
1504746000000,0.84,647
1504832400000,0.839,789
1504918800000,0.894,1848
1505005200000,0.839,903
1505091600000,0.83,696
1505178000000,0.815,706
1505264400000,0.82,658
1505350800000,0.809,708
1505437200000,0.817,1075
1505523600000,0.891,1326
1505610000000,0.887,1126
1505696400000,0.863,822
1505782800000,0.888,808
1505869200000,0.876,869
1505955600000,0.871,812
1506042000000,0.894,1054
1506128400000,0.952,1322
1506214800000,0.902,1154
1506301200000,0.897,909
1506387600000,0.919,1055
1506474000000,0.914,908
1506560400000,0.879,861
1506646800000,0.903,998
1506733200000,0.896,1027
1506819600000,0.869,896
1506906000000,0.865,769
1506992400000,0.851,830
1507078800000,0.84,727
1507165200000,0.832,671
1507251600000,0.837,770
1507338000000,0.839,955
1507424400000,0.826,859
1507510800000,0.8,705
1507597200000,0.805,688
1507683600000,0.806,598
1507770000000,0.789,697
1507856400000,0.795,800
1507942800000,0.805,915
1508029200000,0.803,936
1508115600000,0.8,780
1508202000000,0.79,694
1508288400000,0.788,673
1508374800000,0.765,741
1508461200000,0.766,788
1508547600000,0.768,971
1508634000000,0.759,871
1508720400000,0.73,670
1508806800000,0.73,644
1508893200000,0.699,781
1508979600000,0.658,780
1509066000000,0.625,1008
1509152400000,0.656,982
1509238800000,0.653,1160
1509325200000,0.666,877
1509411600000,0.664,823
1509498000000,0.668,900
1509584400000,0.689,649
1509670800000,0.693,715
1509757200000,0.681,798
1509843600000,0.664,777
1509930000000,0.667,605
1510016400000,0.669,544
1510102800000,0.65,537
1510189200000,0.659,587
1510275600000,0.647,651
1510362000000,0.648,853
1510448400000,0.664,763
1510534800000,0.659,613
1510621200000,0.65,673
1510707600000,0.656,603
1510794000000,0.657,654
1510880400000,0.648,707
1510966800000,0.642,828
1511053200000,0.638,781
1511139600000,0.61,677
1511226000000,0.612,600
1511312400000,0.593,698
1511398800000,0.549,929
1511485200000,0.561,922
1511571600000,0.579,1142
1511658000000,0.58,971
1511744400000,0.563,783
1511830800000,0.562,710
1511917200000,0.581,735
1512003600000,0.602,675
1512090000000,0.596,853
1512176400000,0.617,891
1512262800000,0.63,882
1512349200000,0.623,692
1512435600000,0.642,655
1512522000000,0.655,749
1512608400000,0.663,631
1512694800000,0.673,782
1512781200000,0.669,880
1512867600000,0.657,872
1512954000000,0.649,737
1513040400000,0.645,669
1513126800000,0.666,697
1513213200000,0.664,657
1513299600000,0.652,706
1513386000000,0.666,863
1513472400000,0.662,812
1513558800000,0.67,726
1513645200000,0.68,568
1513731600000,0.675,648
1513818000000,0.635,819
1513904400000,0.608,993
1513990800000,0.612,982
1514077200000,0.62,925
1514163600000,0.649,994
1514250000000,0.658,985
1514336400000,0.68,1110
1514422800000,0.704,1105
1514509200000,0.723,1184
1514595600000,0.723,1073
1514682000000,0.732,912
1514768400000,0.732,910
1514854800000,0.731,1018
1514941200000,0.736,987
1515027600000,0.739,1064
1515114000000,0.747,1003
1515200400000,0.768,973
1515286800000,0.779,973
1515373200000,0.804,924
1515459600000,0.816,817
1515546000000,0.817,809
1515632400000,0.806,902
1515718800000,0.811,1079
1515805200000,0.835,1157
1515891600000,0.835,1001
1515978000000,0.824,982
1516064400000,0.837,1016
1516150800000,0.853,872
1516237200000,0.857,903
1516323600000,0.846,941
1516410000000,0.871,1273
1516496400000,0.884,1156
1516582800000,0.875,1109
1516669200000,0.878,858
1516755600000,0.894,872
1516842000000,0.889,1001
1516928400000,0.867,1033
1517014800000,0.854,1228
1517101200000,0.841,1101
1517187600000,0.844,955
1517274000000,0.857,834
1517360400000,0.853,878
1517446800000,0.844,851
1517533200000,0.839,1052
1517619600000,0.846,1140
1517706000000,0.854,1039
1517792400000,0.851,864
1517878800000,0.859,765
1517965200000,0.863,834
1518051600000,0.844,792
1518138000000,0.866,968
1518224400000,0.861,1026
1518310800000,0.857,1016
1518397200000,0.85,914
1518483600000,0.862,791
1518570000000,0.863,761
1518656400000,0.849,882
1518742800000,0.827,1246
1518829200000,0.876,1576
1518915600000,0.882,1490
1519002000000,0.898,1268
1519088400000,0.916,1119
1519174800000,0.92,1211
1519261200000,0.928,1238
1519347600000,0.947,1487
1519434000000,0.993,1577
1519520400000,0.991,1434
1519606800000,0.992,1097
1519693200000,0.971,1034
1519779600000,0.972,986
1519866000000,0.963,1103
1519952400000,0.958,1184
1520038800000,0.99,1606
1520125200000,1.024,1431
1520211600000,1.004,1274
1520298000000,1.001,1117
1520384400000,1.01,1249
1520470800000,1.016,1096
1520557200000,1.008,968
1520643600000,0.997,1080
1520730000000,0.972,840
1520816400000,0.928,759
1520902800000,0.948,664
1520989200000,0.92,678
1521075600000,0.919,605
1521162000000,0.923,722
1521248400000,0.916,895
1521334800000,0.904,863
1521421200000,0.897,681
1521507600000,0.88,660
1521594000000,0.873,654
1521680400000,0.874,635
1521766800000,0.863,716
1521853200000,0.869,774
1521939600000,0.847,819
1522026000000,0.838,675
1522112400000,0.802,1019
1522198800000,0.786,813
1522285200000,0.774,902
1522371600000,0.752,957
1522458000000,0.754,1028
1522544400000,0.796,809
1522630800000,0.823,689
1522717200000,0.843,692
1522803600000,0.857,594
1522890000000,0.857,555
1522976400000,0.875,607
1523062800000,0.866,737
1523149200000,0.861,686
1523235600000,0.862,647
1523322000000,0.858,571
1523408400000,0.87,530
1523494800000,0.856,486
1523581200000,0.862,577
1523667600000,0.862,661
1523754000000,0.865,683
1523840400000,0.854,577
1523926800000,0.858,541
1524013200000,0.854,530
1524099600000,0.844,505
1524186000000,0.839,615
1524272400000,0.863,666
1524358800000,0.861,616
1524445200000,0.857,494
1524531600000,0.843,460
1524618000000,0.869,432
1524704400000,0.857,501
1524790800000,0.862,510
1524877200000,0.85,570
1524963600000,0.854,603
1525050000000,0.864,563
1525136400000,0.867,553
1525222800000,0.873,553
1525309200000,0.872,431
1525395600000,0.887,566
1525482000000,0.899,596
1525568400000,0.87,557
1525654800000,0.874,528
1525741200000,0.861,485
1525827600000,0.843,589
1525914000000,0.855,525
1526000400000,0.85,522
1526086800000,0.873,582
1526173200000,0.87,554
1526259600000,0.864,472
1526346000000,0.875,429
1526432400000,0.842,437
1526518800000,0.848,494
1526605200000,0.834,485
1526691600000,0.849,558
1526778000000,0.861,534
1526864400000,0.879,470
1526950800000,0.888,406
1527037200000,0.871,464
1527123600000,0.848,444
1527210000000,0.854,465
1527296400000,0.848,492
1527382800000,0.859,497
1527469200000,0.845,440
1527555600000,0.856,491
1527642000000,0.847,458
1527728400000,0.858,452
1527814800000,0.837,477
1527901200000,0.841,538
1527987600000,0.852,498
1528074000000,0.84,425
1528160400000,0.834,506
1528246800000,0.845,432
1528333200000,0.837,415
1528419600000,0.852,471
1528506000000,0.845,526
1528592400000,0.821,501
1528678800000,0.798,443
1528765200000,0.807,443
1528851600000,0.808,438
1528938000000,0.807,428
1529024400000,0.808,417
1529110800000,0.793,446
1529197200000,0.803,507
1529283600000,0.79,508
1529370000000,0.784,523
1529456400000,0.783,463
1529542800000,0.743,553
1529629200000,0.695,854
1529715600000,0.695,700
1529802000000,0.699,702
1529888400000,0.693,620
1529974800000,0.662,590
1530061200000,0.692,520
1530147600000,0.668,525
1530234000000,0.663,596
1530320400000,0.691,519
1530406800000,0.704,566
1530493200000,0.7,574
1530579600000,0.705,547
1530666000000,0.697,595
1530752400000,0.701,633
1530838800000,0.765,520
1530925200000,0.786,539
1531011600000,0.789,575
1531098000000,0.809,506
1531184400000,0.811,483
1531270800000,0.837,534
1531357200000,0.841,537
1531443600000,0.843,445
1531530000000,0.864,513
1531616400000,0.882,460
1531702800000,0.899,564
1531789200000,0.898,480
1531875600000,0.881,468
1531962000000,0.893,527
1532048400000,0.893,517
1532134800000,0.888,458
1532221200000,0.907,487
1532307600000,0.908,462
1532394000000,0.92,505
1532480400000,0.926,489
1532566800000,0.937,490
1532653200000,0.956,468
1532739600000,0.966,500
1532826000000,0.962,496
1532912400000,0.975,484
1532998800000,1,481
1533085200000,1.01,543
1533171600000,1.013,478
1533258000000,1.013,628
1533344400000,1.045,629
1533430800000,1.088,699
1533517200000,1.127,757
1533603600000,1.145,648
1533690000000,1.164,680
1533776400000,1.153,617
1533862800000,1.106,669
1533949200000,1.041,659
1534035600000,1.064,630
1534122000000,1.07,645
1534208400000,1.094,639
1534294800000,1.121,647
1534381200000,1.102,667
1534467600000,1.108,643
1534554000000,1.142,682
1534640400000,1.166,716
1534726800000,1.139,638
1534813200000,1.133,565
1534899600000,1.11,551
1534986000000,1.101,549
1535072400000,1.132,611
1535158800000,1.123,548
1535245200000,1.12,583
1535331600000,1.133,529
1535418000000,1.124,528
1535504400000,1.108,518
1535590800000,1.082,692
1535677200000,1.054,564
1535763600000,1.063,510
1535850000000,1.055,507
1535936400000,1.017,499
1536022800000,1.043,424
1536109200000,1.01,441
1536195600000,1,456
1536282000000,1.01,508
1536368400000,1.021,596
1536454800000,1.038,660
1536541200000,1.037,532
1536627600000,1.046,468
1536714000000,1.039,512
1536800400000,1.04,519
1536886800000,1.033,555
1536973200000,1.041,693
1537059600000,1.024,621
1537146000000,1.062,516
1537232400000,1.035,472
1537318800000,1.043,461
1537405200000,1.038,492
1537491600000,1.054,528
1537578000000,1.013,781
1537664400000,0.972,813
1537750800000,0.971,578
1537837200000,1.009,556
1537923600000,1.025,492
1538010000000,1.029,477
1538096400000,1.039,520
1538182800000,1.051,628
1538269200000,1.053,622
1538355600000,1.044,502
1538442000000,1.071,503
1538528400000,1.085,578
1538614800000,1.065,502
1538701200000,1.066,578
1538787600000,1.074,603
1538874000000,1.06,651
1538960400000,1.087,503
1539046800000,1.073,492
1539133200000,1.077,498
1539219600000,1.069,472
1539306000000,1.088,574
1539392400000,1.109,651
1539478800000,1.093,613
1539565200000,1.111,468
1539651600000,1.126,469
1539738000000,1.112,461
1539824400000,1.121,460
1539910800000,1.105,544
1539997200000,1.108,623
1540083600000,1.077,587
1540170000000,1.068,467
1540256400000,1.056,415
1540342800000,1.055,434
1540429200000,1.04,444
1540515600000,1.013,491
1540602000000,1.025,643
1540688400000,1.005,574
1540774800000,0.994,517
1540861200000,0.941,647
1540947600000,0.899,567
1541034000000,0.919,602
1541120400000,0.972,531
1541206800000,1.017,586
1541293200000,1.013,609
1541379600000,1.014,483
1541466000000,1.002,451
1541552400000,0.989,438
1541638800000,0.999,539
1541725200000,1.009,568
1541811600000,1.04,654
1541898000000,1.002,734
1541984400000,1.023,442
1542070800000,1.008,377
1542157200000,1.005,495
1542243600000,0.997,575
1542330000000,0.97,628
1542416400000,0.989,757
1542502800000,0.992,665
1542589200000,0.971,511
1542675600000,0.976,490
1542762000000,0.94,555
1542848400000,0.882,703
1542934800000,0.902,790
1543021200000,0.911,840
1543107600000,0.916,769
1543194000000,0.919,588
1543280400000,0.936,538
1543366800000,0.949,517
1543453200000,0.949,461
1543539600000,0.947,593
1543626000000,0.969,723
1543712400000,0.99,648
1543798800000,0.995,493
1543885200000,0.982,460
1543971600000,0.992,525
1544058000000,0.976,517
1544144400000,0.954,871
1544230800000,1.016,1017
1544317200000,1.031,997
1544403600000,1.043,765
1544490000000,1.084,693
1544576400000,1.095,688
1544662800000,1.121,677
1544749200000,1.116,779
1544835600000,1.157,1013
1544922000000,1.162,864
1545008400000,1.101,681
1545094800000,1.123,693
1545181200000,1.104,786
1545267600000,1.086,763
1545354000000,1.019,1074
1545440400000,1.017,1033
1545526800000,1.017,997
1545613200000,1,822
1545699600000,1.026,817
1545786000000,1.052,801
1545872400000,1.056,865
1545958800000,1.102,796
1546045200000,1.068,893
1546131600000,1.005,1011
1546218000000,1.019,907
1546304400000,1.037,827
1546390800000,1.033,966
1546477200000,1.055,886
1546563600000,1.11,809
1546650000000,1.176,736
1546736400000,1.212,676
1546822800000,1.143,722
1546909200000,1.177,715
1546995600000,1.214,697
1547082000000,1.237,605
1547168400000,1.237,743
1547254800000,1.247,761
1547341200000,1.286,652
1547427600000,1.237,588
1547514000000,1.243,590
1547600400000,1.232,608
1547686800000,1.211,614
1547773200000,1.217,617
1547859600000,1.232,782
1547946000000,1.209,757
1548032400000,1.195,666
1548118800000,1.218,589
1548205200000,1.2,603
1548291600000,1.198,602
1548378000000,1.224,677
1548464400000,1.207,762
1548550800000,1.231,761
1548637200000,1.226,622
1548723600000,1.232,607
1548810000000,1.235,602
1548896400000,1.221,601
1548982800000,1.243,650
1549069200000,1.26,713
1549155600000,1.215,659
1549242000000,1.202,659
1549328400000,1.143,744
1549414800000,1.127,740
1549501200000,1.078,782
1549587600000,1.081,853
1549674000000,1.063,900
1549760400000,1.046,786
1549846800000,1.051,704
1549933200000,1.067,572
1550019600000,1.096,706
1550106000000,1.126,636
1550192400000,1.158,675
1550278800000,1.168,676
1550365200000,1.155,649
1550451600000,1.177,589
1550538000000,1.177,575
1550624400000,1.159,532
1550710800000,1.186,551
1550797200000,1.212,682
1550883600000,1.214,787
1550970000000,1.216,706
1551056400000,1.251,614
1551142800000,1.225,544
1551229200000,1.202,527
1551315600000,1.219,509
1551402000000,1.242,621
1551488400000,1.204,999
1551574800000,1.148,816
1551661200000,1.181,707
1551747600000,1.213,550
1551834000000,1.205,528
1551920400000,1.219,572
1552006800000,1.241,677
1552093200000,1.261,705
1552179600000,1.253,656
1552266000000,1.222,566
1552352400000,1.236,570
1552438800000,1.249,559
1552525200000,1.235,720
1552611600000,1.24,803
1552698000000,1.277,982
1552784400000,1.293,945
1552870800000,1.27,773
1552957200000,1.317,734
1553043600000,1.306,644
1553130000000,1.258,734
1553216400000,1.26,796
1553302800000,1.259,898
1553389200000,1.223,898
1553475600000,1.208,851
1553562000000,1.2,715
1553648400000,1.181,743
1553734800000,1.171,749
1553821200000,1.146,925
1553907600000,1.156,901
1553994000000,1.141,965
1554080400000,1.17,825
1554166800000,1.151,648
1554253200000,1.159,716
1554339600000,1.143,692
1554426000000,1.168,812
1554512400000,1.146,1044
1554598800000,1.185,1006
1554685200000,1.177,858
1554771600000,1.189,696
1554858000000,1.167,753
1554944400000,1.181,753
1555030800000,1.18,844
1555117200000,1.198,1089
1555203600000,1.22,863
1555290000000,1.198,663
1555376400000,1.201,712
1555462800000,1.197,630
1555549200000,1.222,656
1555635600000,1.231,692
1555722000000,1.237,677
1555808400000,1.224,678
1555894800000,1.207,573
1555981200000,1.205,584
1556067600000,1.203,599
1556154000000,1.212,502
1556240400000,1.149,607
1556326800000,1.138,743
1556413200000,1.137,686
1556499600000,1.113,557
1556586000000,1.11,617
1556672400000,1.104,653
1556758800000,1.089,609
1556845200000,1.08,646
1556931600000,1.092,692
1557018000000,1.06,619
1557104400000,1.051,498
1557190800000,1.033,542
1557277200000,0.969,758
1557363600000,0.986,675
1557450000000,0.972,747
1557536400000,0.969,755
1557622800000,0.954,690
1557709200000,0.982,560
1557795600000,0.966,595
1557882000000,0.982,567
1557968400000,0.972,522
1558054800000,0.974,655
1558141200000,0.968,740
1558227600000,0.979,757
1558314000000,0.982,620
1558400400000,0.972,603
1558486800000,0.963,664
1558573200000,0.974,621
1558659600000,0.985,666
1558746000000,1.006,744
1558832400000,1.018,702
1558918800000,1.035,608
1559005200000,1.037,571
1559091600000,1.017,636
1559178000000,1.027,632
1559264400000,1.028,603
1559350800000,1.037,646
1559437200000,1.044,650
1559523600000,1.048,627
1559610000000,1.042,628
1559696400000,1.04,618
1559782800000,1.054,633
1559869200000,1.053,644
1559955600000,1.046,702
1560042000000,1.041,695
1560128400000,1.053,681
1560214800000,1.061,612
1560301200000,1.05,629
1560387600000,1.05,631
1560474000000,1.052,620
1560560400000,1.056,604
1560646800000,1.047,619
1560733200000,1.039,592
1560819600000,1.032,559
1560906000000,1.017,608
1560992400000,1.01,655
1561078800000,1.008,598
1561165200000,1.011,646
1561251600000,1.011,641
1561338000000,0.999,617
1561424400000,0.98,766
1561510800000,0.914,1004
1561597200000,0.892,846
1561683600000,0.907,806
1561770000000,0.903,786
1561856400000,0.901,814
1561942800000,0.879,828
1562029200000,0.896,795
1562115600000,0.892,732
1562202000000,0.899,710
1562288400000,0.897,705
1562374800000,0.906,709
1562461200000,0.904,703
1562547600000,0.922,727
1562634000000,0.929,753
1562720400000,0.976,618
1562806800000,0.972,661
1562893200000,0.978,630
1562979600000,0.983,654
1563066000000,0.996,628
1563152400000,1.009,667
1563238800000,1.015,659
1563325200000,1.011,697
1563411600000,1.012,666
1563498000000,1.02,602
1563584400000,1.015,589
1563670800000,1.016,642
1563757200000,1.024,681
1563843600000,1.018,675
1563930000000,1.021,655
1564016400000,1.003,729
1564102800000,1.005,688
1564189200000,1.02,666
1564275600000,1.012,633
1564362000000,1.016,729
1564448400000,1.026,735
1564534800000,1.016,642
1564621200000,1.01,662
1564707600000,1.023,661
1564794000000,1.027,637
1564880400000,1.038,626
1564966800000,1.055,669
1565053200000,1.058,611
1565139600000,1.064,630
1565226000000,1.077,640
1565312400000,1.082,659
1565398800000,1.059,662
1565485200000,1.066,654
1565571600000,1.059,717
1565658000000,1.062,622
1565744400000,1.052,776
1565830800000,1.048,661
1565917200000,1.055,737
1566003600000,1.068,638
1566090000000,1.068,690
1566176400000,1.08,734
1566262800000,1.075,653
1566349200000,1.075,668
1566435600000,1.075,659
1566522000000,1.063,692
1566608400000,1.056,631
1566694800000,1.06,644
1566781200000,1.068,692
1566867600000,1.057,726
1566954000000,1.055,595
1567040400000,1.045,722
1567126800000,1.059,695
1567213200000,1.054,678
1567299600000,1.05,712
1567386000000,1.06,675
1567472400000,1.079,634
1567558800000,1.064,618
1567645200000,1.07,590
1567731600000,1.075,661
1567818000000,1.079,892
1567904400000,1.02,1017
1567990800000,1.029,753
1568077200000,1.017,619
1568163600000,1.036,655
1568250000000,1.009,623
1568336400000,1.008,746
1568422800000,1.033,813
1568509200000,1.039,731
1568595600000,1.037,644
1568682000000,1.063,628
1568768400000,1.073,547
1568854800000,1.052,592
1568941200000,1.076,674
1569027600000,1.086,791
1569114000000,1.079,717
1569200400000,1.083,608
1569286800000,1.113,566
1569373200000,1.107,589
1569459600000,1.09,598
1569546000000,1.108,630
1569632400000,1.081,713
1569718800000,1.094,738
1569805200000,1.126,578
1569891600000,1.115,605
1569978000000,1.094,662
1570064400000,1.083,742
1570150800000,1.077,783
1570237200000,1.117,811
1570323600000,1.107,774
1570410000000,1.117,633
1570496400000,1.117,575
1570582800000,1.117,616
1570669200000,1.135,641
1570755600000,1.169,667
1570842000000,1.168,780
1570928400000,1.135,776
1571014800000,1.158,649
1571101200000,1.175,543
1571187600000,1.193,530
1571274000000,1.18,604
1571360400000,1.161,775
1571446800000,1.119,1631
1571533200000,1.219,1544
1571619600000,1.235,1151
1571706000000,1.229,872
1571792400000,1.162,815
1571878800000,1.129,804
1571965200000,1.149,921
1572051600000,1.148,1065
1572138000000,1.109,1023
1572224400000,1.084,882
1572310800000,1.092,1042
1572397200000,1.084,936
1572483600000,1.1,961
1572570000000,1.127,891
1572656400000,1.164,920
1572742800000,1.18,911
1572829200000,1.176,722
1572915600000,1.163,710
1573002000000,1.166,654
1573088400000,1.171,765
1573174800000,1.171,747
1573261200000,1.158,902
1573347600000,1.131,856
1573434000000,1.116,743
1573520400000,1.119,739
1573606800000,1.126,706
1573693200000,1.111,700
1573779600000,1.11,765
1573866000000,1.132,899
1573952400000,1.122,815
1574038800000,1.128,705
1574125200000,0.972,1475
1574211600000,0.922,909
1574298000000,0.939,737
1574384400000,0.944,862
1574470800000,0.938,942
1574557200000,0.93,805
1574643600000,0.918,680
1574730000000,0.899,760
1574816400000,0.888,1083
1574902800000,0.886,836
1574989200000,0.876,941
1575075600000,0.906,1055
1575162000000,0.889,933
1575248400000,0.894,780
1575334800000,0.931,760
1575421200000,0.937,685
1575507600000,0.927,736
1575594000000,0.949,811
1575680400000,0.944,875
1575766800000,0.923,843
1575853200000,0.942,710
1575939600000,0.929,731
1576026000000,0.916,789
1576112400000,0.915,749
1576198800000,0.909,855
1576285200000,0.905,940
1576371600000,0.897,931
1576458000000,0.898,736
1576544400000,0.892,766
1576630800000,0.873,959
1576717200000,0.866,1025
1576803600000,0.839,1167
1576890000000,0.865,1374
1576976400000,0.887,1071
1577062800000,0.918,1054
1577149200000,0.933,897
1577235600000,0.906,957
1577322000000,0.948,1087
1577408400000,0.946,1086
1577494800000,0.935,1044
1577581200000,0.957,1034
1577667600000,0.968,995
1577754000000,0.969,897
1577840400000,0.969,987
1577926800000,0.967,1129
1578013200000,1.02,914
1578099600000,1.038,1061
1578186000000,1.058,960
1578272400000,1.042,927
1578358800000,1.065,903
1578445200000,1.1,1056
1578531600000,1.117,968
1578618000000,1.135,1002
1578704400000,1.147,1039
1578790800000,1.142,908
1578877200000,1.119,810
1578963600000,1.152,863
1579050000000,1.146,784
1579136400000,1.138,782
1579222800000,1.156,898
1579309200000,1.154,986
1579395600000,1.189,863
1579482000000,1.163,816
1579568400000,1.138,834
1579654800000,1.114,816
1579741200000,1.138,842
1579827600000,1.101,1050
1579914000000,1.083,1120
1580000400000,1.076,1002
1580086800000,1.03,908
1580173200000,1.089,790
1580259600000,1.095,795
1580346000000,1.156,911
1580432400000,1.145,866
1580518800000,1.134,1017
1580605200000,1.134,933
1580691600000,1.13,779
1580778000000,1.134,775
1580864400000,1.119,851
1580950800000,1.116,880
1581037200000,1.116,970
1581123600000,1.117,1068
1581210000000,1.103,1015
1581296400000,1.11,937
1581382800000,1.123,829
1581469200000,1.134,887
1581555600000,1.107,903
1581642000000,1.147,925
1581728400000,1.137,1039
1581814800000,1.129,966
1581901200000,1.148,795
1581987600000,1.124,752
1582074000000,1.098,889
1582160400000,1.101,789
1582246800000,1.107,935
1582333200000,1.103,1035
1582419600000,1.106,1004
1582506000000,1.083,932
1582592400000,1.065,1124
1582678800000,1.064,957
1582765200000,1.064,920
1582851600000,1.048,1031
1582938000000,1.079,1188
1583024400000,1.081,965
1583110800000,1.077,931
1583197200000,1.087,865
1583283600000,1.102,952
1583370000000,1.095,917
1583456400000,1.107,1062
1583542800000,1.095,1187
1583629200000,1.104,1109
1583715600000,1.091,938
1583802000000,1.08,861
1583888400000,1.068,946
1583974800000,1.05,993
1584061200000,1.042,1115
1584147600000,1.058,1168
1584234000000,1.069,1089
1584320400000,1.058,1029
1584406800000,1.033,1049
1584493200000,1.027,1085
1584579600000,1.007,1085
1584666000000,0.988,1080
1584752400000,1.037,954
1584838800000,0.992,1166
1584925200000,1.004,965
1585011600000,0.984,1023
1585098000000,0.969,1089
1585184400000,0.939,1160
1585270800000,0.934,1045
1585357200000,0.942,1075
1585443600000,1.025,810
1585530000000,1.003,924
1585616400000,0.904,1497
1585702800000,0.891,1766
1585789200000,0.888,1650
1585875600000,0.895,1513
1585962000000,0.939,1419
1586048400000,0.967,1370
1586134800000,0.976,1317
1586221200000,0.99,1388
1586307600000,0.983,1492
1586394000000,0.98,1481
1586480400000,0.99,1477
1586566800000,0.991,1539
1586653200000,0.997,1491
1586739600000,0.992,1441
1586826000000,0.979,1490
1586912400000,0.983,1585
1586998800000,1.013,1608
1587085200000,1.009,1546
1587171600000,1.005,1551
1587258000000,1.006,1454
1587344400000,1.03,1483
1587430800000,1.015,1426
1587517200000,0.973,1310
1587603600000,0.948,1433
1587690000000,0.942,1515
1587776400000,0.943,1436
1587862800000,0.948,1298
1587949200000,0.922,1319
1588035600000,0.913,1346
1588122000000,0.921,1441
1588208400000,0.914,1300
1588294800000,0.913,1372
1588381200000,0.911,1324
1588467600000,0.919,1281
1588554000000,0.91,1198
1588640400000,0.908,1200
1588726800000,0.903,1304
1588813200000,0.899,1234
1588899600000,0.905,1184
1588986000000,0.909,1136
1589072400000,0.891,1129
1589158800000,0.886,1159
1589245200000,0.884,1202
1589331600000,0.897,1096
1589418000000,0.882,1160
1589504400000,0.868,1082
1589590800000,0.867,1055
1589677200000,0.85,995
1589763600000,0.828,933
1589850000000,0.846,933
1589936400000,0.822,1037
1590022800000,0.807,1141
1590109200000,0.812,1003
1590195600000,0.798,1098
1590282000000,0.788,1189
1590368400000,0.778,1352
1590454800000,0.767,1263
1590541200000,0.765,1137
1590627600000,0.759,1092
1590714000000,0.765,1178
1590800400000,0.758,957
1590886800000,0.763,1005
1590973200000,0.762,1033
1591059600000,0.763,1084
1591146000000,0.767,1013
1591232400000,0.76,924
1591318800000,0.743,1160
1591405200000,0.748,979
1591491600000,0.75,931
1591578000000,0.768,942
1591664400000,0.755,861
1591750800000,0.747,914
1591837200000,0.746,950
1591923600000,0.728,882
1592010000000,0.725,972
1592096400000,0.736,994
1592182800000,0.734,989
1592269200000,0.715,930
1592355600000,0.723,893
1592442000000,0.731,895
1592528400000,0.715,978
1592614800000,0.69,855
1592701200000,0.681,923
1592787600000,0.67,929
1592874000000,0.667,952
1592960400000,0.658,926
1593046800000,0.638,1097
1593133200000,0.637,1228
1593219600000,0.657,1187
1593306000000,0.657,972
1593392400000,0.644,1090
1593478800000,0.641,1019
1593565200000,0.638,975
1593651600000,0.651,988
1593738000000,0.647,994
1593824400000,0.639,997
1593910800000,0.657,926
1593997200000,0.653,991
1594083600000,0.649,975
1594170000000,0.637,1027
1594256400000,0.657,973
1594342800000,0.675,775
1594429200000,0.687,787
1594515600000,0.686,794
1594602000000,0.697,825
1594688400000,0.694,834
1594774800000,0.701,830
1594861200000,0.689,814
1594947600000,0.682,782
1595034000000,0.655,880
1595120400000,0.666,905
1595206800000,0.664,1007
1595293200000,0.674,933
1595379600000,0.663,811
1595466000000,0.666,795
1595552400000,0.677,991
1595638800000,0.679,782
1595725200000,0.682,1008
1595811600000,0.721,954
1595898000000,0.703,901
1595984400000,0.689,832
1596070800000,0.688,913
1596157200000,0.668,824
1596243600000,0.674,797
1596330000000,0.681,799
1596416400000,0.686,906
1596502800000,0.689,853
1596589200000,0.672,931
1596675600000,0.687,914
1596762000000,0.694,1129
1596848400000,0.679,1029
1596934800000,0.687,1009
1597021200000,0.692,1070
1597107600000,0.699,1026
1597194000000,0.698,1107
1597280400000,0.705,1029
1597366800000,0.722,1031
1597453200000,0.717,958
1597539600000,0.701,984
1597626000000,0.717,965
1597712400000,0.717,974
1597798800000,0.713,1003
1597885200000,0.709,919
1597971600000,0.69,972
1598058000000,0.695,890
1598144400000,0.703,933
1598230800000,0.682,956
1598317200000,0.685,1065
1598403600000,0.688,994
1598490000000,0.698,1015
1598576400000,0.688,999
1598662800000,0.706,1009
1598749200000,0.708,940
1598835600000,0.703,889
1598922000000,0.703,818
1599008400000,0.7,836
1599094800000,0.67,714
1599181200000,0.676,849
1599267600000,0.661,936
1599354000000,0.672,964
1599440400000,0.658,766
1599526800000,0.65,772
1599613200000,0.643,948
1599699600000,0.647,848
1599786000000,0.647,984
1599872400000,0.639,1050
1599958800000,0.652,1073
1600045200000,0.645,970
1600131600000,0.645,919
1600218000000,0.656,914
1600304400000,0.646,966
1600390800000,0.641,1007
1600477200000,0.647,1082
1600563600000,0.641,1017
1600650000000,0.638,907
1600736400000,0.633,934
1600822800000,0.623,864
1600909200000,0.611,944
1600995600000,0.605,1066
1601082000000,0.601,1196
1601168400000,0.604,1019
1601254800000,0.61,915
1601341200000,0.61,935
1601427600000,0.615,919
1601514000000,0.608,1029
1601600400000,0.61,1244
1601686800000,0.627,1228
1601773200000,0.629,1145
1601859600000,0.644,1122
1601946000000,0.647,1027
1602032400000,0.635,964
1602118800000,0.631,883
1602205200000,0.648,980
1602291600000,0.654,1012
1602378000000,0.654,1071
1602464400000,0.656,894
1602550800000,0.659,849
1602637200000,0.646,922
1602723600000,0.649,811
1602810000000,0.656,915
1602896400000,0.66,1004
1602982800000,0.649,981
1603069200000,0.655,829
1603155600000,0.67,850
1603242000000,0.655,925
1603328400000,0.654,902
1603414800000,0.63,1007
1603501200000,0.629,993
1603587600000,0.633,983
1603674000000,0.632,892
1603760400000,0.626,930
1603846800000,0.636,933
1603933200000,0.621,1040
1604019600000,0.594,1205
1604106000000,0.589,1160
1604192400000,0.589,1076
1604278800000,0.599,870
1604365200000,0.611,1080
1604451600000,0.611,1063
1604538000000,0.612,927
1604624400000,0.624,1017
1604710800000,0.614,1069
1604797200000,0.604,1127
1604883600000,0.603,1053
1604970000000,0.615,983
1605056400000,0.603,966
1605142800000,0.602,1053
1605229200000,0.609,1014
1605315600000,0.597,1126
1605402000000,0.597,1151
1605488400000,0.592,1150
1605574800000,0.588,1161
1605661200000,0.58,1248
1605747600000,0.568,1175
1605834000000,0.577,1217
1605920400000,0.587,1238
1606006800000,0.585,1090
1606093200000,0.589,963
1606179600000,0.592,981
1606266000000,0.587,1113
1606352400000,0.558,1376
1606438800000,0.559,1304
1606525200000,0.57,1224
1606611600000,0.568,1150
1606698000000,0.567,1172
1606784400000,0.56,1188
1606870800000,0.575,959
1606957200000,0.587,1132
1607043600000,0.522,1830
1607130000000,0.526,1161
1607216400000,0.526,1108
1607302800000,0.529,1126
1607389200000,0.528,1083
1607475600000,0.516,1004
1607562000000,0.506,1053
1607648400000,0.511,1121
1607734800000,0.516,1094
1607821200000,0.531,1014
1607907600000,0.545,917
1607994000000,0.538,851
1608080400000,0.535,1016
1608166800000,0.532,944
1608253200000,0.534,1031
1608339600000,0.527,1133
1608426000000,0.532,1035
1608512400000,0.528,964
1608598800000,0.529,1149
1608685200000,0.509,1285
1608771600000,0.518,1298
1608858000000,0.524,1241
1608944400000,0.518,1364
1609030800000,0.542,941
1609117200000,0.526,1312
1609203600000,0.531,1229
1609290000000,0.54,1309
1609376400000,0.533,1242
1609462800000,0.539,1166
1609549200000,0.54,1299
1609635600000,0.542,1378
1609722000000,0.547,1344
1609808400000,0.541,1267
1609894800000,0.551,1325
1609981200000,0.556,1327
1610067600000,0.58,1459
1610154000000,0.593,1392
1610240400000,0.588,1207
1610326800000,0.585,1182
1610413200000,0.589,1246
1610499600000,0.585,1335
1610586000000,0.589,1328
1610672400000,0.594,1347
1610758800000,0.586,1485
1610845200000,0.591,1232
1610931600000,0.59,1221
1611018000000,0.588,1261
1611104400000,0.599,1298
1611190800000,0.589,1171
1611277200000,0.6,1213
1611363600000,0.596,1302
1611450000000,0.59,1236
1611536400000,0.62,1160
1611622800000,0.62,1160
1611709200000,0.615,1249
1611795600000,0.547,2161
1611882000000,0.536,1411
1611968400000,0.544,1368
1612054800000,0.544,1185
1612141200000,0.551,1212
1612227600000,0.557,1034
1612314000000,0.563,1161
1612400400000,0.549,1095
1612486800000,0.563,1238
1612573200000,0.576,1358
1612659600000,0.555,1011
1612746000000,0.54,1047
1612832400000,0.55,1171
1612918800000,0.543,1269
1613005200000,0.538,1194
1613091600000,0.521,1323
1613178000000,0.525,1429
1613264400000,0.524,1294
1613350800000,0.518,1273
1613437200000,0.53,1012
1613523600000,0.532,1185
1613610000000,0.533,1093
1613696400000,0.535,1093
1613782800000,0.548,1297
1613869200000,0.538,1141
1613955600000,0.552,1259
1614042000000,0.556,1376
1614128400000,0.548,1279
1614214800000,0.549,1240
1614301200000,0.567,1486
1614387600000,0.578,1446
1614474000000,0.591,1461
1614560400000,0.589,1320
1614646800000,0.599,1173
1614733200000,0.604,1375
1614819600000,0.612,1283
1614906000000,0.636,1694
1614992400000,0.655,1712
1615078800000,0.618,1449
1615165200000,0.625,1403
1615251600000,0.623,1517
1615338000000,0.623,1414
1615424400000,0.626,1307
1615510800000,0.635,1615
1615597200000,0.66,1703
1615683600000,0.671,1357
1615770000000,0.656,1269
1615856400000,0.656,1460
1615942800000,0.65,1583
1616029200000,0.663,1218
1616115600000,0.634,1820
1616202000000,0.624,1409
1616288400000,0.632,1312
1616374800000,0.617,1356
1616461200000,0.609,1511
1616547600000,0.615,1451
1616634000000,0.62,1463
1616720400000,0.624,1422
1616806800000,0.618,1330
1616893200000,0.616,1333
1616979600000,0.63,1354
1617066000000,0.646,1324
1617152400000,0.643,1400
1617238800000,0.625,1264
1617325200000,0.636,1441
1617411600000,0.645,1382
1617498000000,0.646,1230
1617584400000,0.63,1205
1617670800000,0.649,1495
1617757200000,0.56,2226
1617843600000,0.497,1889
1617930000000,0.493,1942
1618016400000,0.494,1504
1618102800000,0.489,1139
1618189200000,0.489,1246
1618275600000,0.489,1031
1618362000000,0.537,454
1618448400000,0.495,1335
1618534800000,0.493,1148
1618621200000,0.498,1121
1618707600000,0.503,1092
1618794000000,0.516,1135
1618880400000,0.513,1003
1618966800000,0.515,1061
1619053200000,0.518,965
1619139600000,0.52,1173
1619226000000,0.525,1291
1619312400000,0.521,997
1619398800000,0.518,978
1619485200000,0.513,952
1619571600000,0.515,970
1619658000000,0.502,943
1619744400000,0.508,1177
1619830800000,0.513,1038
1619917200000,0.501,935
1620003600000,0.497,1003
1620090000000,0.505,1467
1620176400000,0.494,1288
1620262800000,0.501,1378
1620349200000,0.505,1171
1620435600000,0.493,1133
1620522000000,0.493,1078
1620608400000,0.496,1142
1620694800000,0.508,1154
1620781200000,0.504,1099
1620867600000,0.503,1100
1620954000000,0.513,1441
1621040400000,0.5,1140
1621126800000,0.504,1024
1621213200000,0.511,994
1621299600000,0.52,1244
1621386000000,0.519,1057
1621472400000,0.506,1075
1621558800000,0.514,1255
1621645200000,0.522,1105
1621731600000,0.513,1070
1621818000000,0.522,1135
1621904400000,0.528,1123
1621990800000,0.53,1091
1622077200000,0.518,1055
1622163600000,0.513,1443
1622250000000,0.506,1143
1622336400000,0.495,1189
1622422800000,0.494,1140
1622509200000,0.505,1058
1622595600000,0.507,1142
1622682000000,0.502,1021
1622768400000,0.499,1281
1622854800000,0.489,1236
1622941200000,0.493,1012
1623027600000,0.492,1096
1623114000000,0.492,970
1623200400000,0.487,1033
1623286800000,0.491,977
1623373200000,0.488,1052
1623459600000,0.485,1046
1623546000000,0.484,1009
1623632400000,0.471,1083
1623718800000,0.475,1038
1623805200000,0.475,1211
1623891600000,0.478,1086
1623978000000,0.478,1004
1624064400000,0.471,864
1624150800000,0.471,922
1624237200000,0.47,983
1624323600000,0.475,995
1624410000000,0.456,914
1624496400000,0.438,1271
1624582800000,0.423,1650
1624669200000,0.42,1192
1624755600000,0.418,972
1624842000000,0.418,942
1624928400000,0.427,1306
1625014800000,0.403,1009
1625101200000,0.408,974
1625187600000,0.416,1038
1625274000000,0.408,829
1625360400000,0.398,906
1625446800000,0.407,1112
1625533200000,0.398,890
1625619600000,0.392,1069
1625706000000,0.384,919
1625792400000,0.395,747
1625878800000,0.395,726
1625965200000,0.394,701
1626051600000,0.396,747
1626138000000,0.392,767
1626224400000,0.39,1024
1626310800000,0.388,815
1626397200000,0.387,843
1626483600000,0.392,821
1626570000000,0.388,772
1626656400000,0.398,903
1626742800000,0.394,783
1626829200000,0.4,754
1626915600000,0.412,850
1627002000000,0.411,801
1627088400000,0.41,808
1627174800000,0.41,756
1627261200000,0.413,756
1627347600000,0.422,444
1627434000000,0.417,1004
1627520400000,0.406,856
1627606800000,0.412,837
1627693200000,0.403,782
1627779600000,0.403,802
1627866000000,0.405,783
1627952400000,0.405,807
1628038800000,0.405,701
1628125200000,0.403,681
1628211600000,0.382,854
1628298000000,0.387,881
1628384400000,0.394,744
1628470800000,0.403,966
1628557200000,0.399,848
1628643600000,0.388,891
1628730000000,0.395,951
1628816400000,0.404,827
1628902800000,0.401,760
1628989200000,0.401,732
1629075600000,0.406,884
1629162000000,0.398,819
1629248400000,0.392,889
1629334800000,0.393,846
1629421200000,0.387,817
1629507600000,0.388,818
1629594000000,0.394,920
1629680400000,0.395,962
1629766800000,0.394,923
1629853200000,0.395,885
1629939600000,0.395,1169
1630026000000,0.395,899
1630112400000,0.396,762
1630198800000,0.392,844
1630285200000,0.392,957
1630371600000,0.405,861
1630458000000,0.41,681
1630544400000,0.41,741
1630630800000,0.4,716
1630717200000,0.398,874
1630803600000,0.399,838
1630890000000,0.402,793
1630976400000,0.411,682
1631062800000,0.4,737
1631149200000,0.393,767
1631235600000,0.376,1106
1631322000000,0.372,1055
1631408400000,0.379,945
1631494800000,0.37,948
1631581200000,0.369,885
1631667600000,0.366,785
1631754000000,0.369,954
1631840400000,0.372,1019
1631926800000,0.361,990
1632013200000,0.38,1192
1632099600000,0.396,1318
1632186000000,0.407,963
1632272400000,0.349,1679
1632358800000,0.324,1074
1632445200000,0.331,1037
1632531600000,0.335,1186
1632618000000,0.364,1042
1632704400000,0.386,1252
1632790800000,0.387,767
1632877200000,0.375,906
1632963600000,0.352,731
1633050000000,0.344,744
1633136400000,0.341,1064
1633222800000,0.341,992
1633309200000,0.337,725
1633395600000,0.341,849
1633482000000,0.337,766
1633568400000,0.342,747
1633654800000,0.344,758
1633741200000,0.337,894
1633827600000,0.345,811
1633914000000,0.336,726
1634000400000,0.329,630
1634086800000,0.329,800
1634173200000,0.329,722
1634259600000,0.33,783
1634346000000,0.328,899
1634432400000,0.323,829
1634518800000,0.327,761
1634605200000,0.324,744
1634691600000,0.316,699
1634778000000,0.309,675
1634864400000,0.294,1120
1634950800000,0.302,972
1635037200000,0.299,741
1635123600000,0.3,795
1635210000000,0.296,718
1635296400000,0.294,789
1635382800000,0.293,783
1635469200000,0.281,961
1635555600000,0.274,938
1635642000000,0.279,864
1635728400000,0.281,873
1635814800000,0.29,835
1635901200000,0.288,1000
1635987600000,0.287,880
1636074000000,0.292,814
1636160400000,0.292,865
1636246800000,0.299,871
1636333200000,0.299,978
1636419600000,0.295,706
1636506000000,0.279,1082
1636592400000,0.284,930
1636678800000,0.278,885
1636765200000,0.273,1040
1636851600000,0.279,790
1636938000000,0.292,940
1637024400000,0.289,795
1637110800000,0.288,775
1637197200000,0.288,916
1637283600000,0.285,864
1637370000000,0.289,973
1637456400000,0.295,851
1637542800000,0.298,810
1637629200000,0.31,800
1637715600000,0.309,866
1637802000000,0.3,1041
1637888400000,0.283,972
1637974800000,0.289,1057
1638061200000,0.283,974
1638147600000,0.288,1070
1638234000000,0.279,1310
1638320400000,0.278,974
1638406800000,0.279,814
1638493200000,0.289,866
1638579600000,0.298,923
1638666000000,0.302,939
1638752400000,0.314,745
1638838800000,0.32,876
1638925200000,0.323,731
1639011600000,0.324,668
1639098000000,0.327,1102
1639184400000,0.333,871
1639270800000,0.326,740
1639357200000,0.336,708
1639443600000,0.343,674
1639530000000,0.332,712
1639616400000,0.324,614
1639702800000,0.316,673
1639789200000,0.312,765
1639875600000,0.312,809
1639962000000,0.314,819
1640048400000,0.308,715
1640134800000,0.326,745
1640221200000,0.305,811
1640307600000,0.302,887
1640394000000,0.304,884
1640480400000,0.311,1087
1640566800000,0.31,882
1640653200000,0.31,1096
1640739600000,0.32,987
1640826000000,0.316,910
1640912400000,0.32,1022
1640998800000,0.318,883
1641085200000,0.316,990
1641171600000,0.321,1018
1641258000000,0.319,931
1641344400000,0.314,920
1641430800000,0.33,1037
1641517200000,0.327,878
1641603600000,0.335,920
1641690000000,0.338,877
1641776400000,0.335,791
1641862800000,0.346,1185
1641949200000,0.343,1039
1642035600000,0.346,795
1642122000000,0.35,945
1642208400000,0.353,928
1642294800000,0.351,1025
1642381200000,0.357,1226
1642467600000,0.36,803
1642554000000,0.361,876
1642640400000,0.366,1048
1642726800000,0.374,1018
1642813200000,0.369,1169
1642899600000,0.356,1112
1642986000000,0.355,1200
1643072400000,0.353,1047
1643158800000,0.353,1273
1643245200000,0.359,1106
1643331600000,0.353,1473
1643418000000,0.334,1325
1643504400000,0.323,1197
1643590800000,0.33,1271
1643677200000,0.325,1185
1643763600000,0.338,1642
1643850000000,0.345,1293
1643936400000,0.365,1185
1644022800000,0.373,1103
1644109200000,0.374,1251
1644195600000,0.37,1051
1644282000000,0.377,1145
1644368400000,0.391,1234
1644454800000,0.387,1178
1644541200000,0.389,1255
1644627600000,0.395,1262
1644714000000,0.393,1112
1644800400000,0.415,1267
1644886800000,0.413,1030
1644973200000,0.424,1075
1645059600000,0.416,978
1645146000000,0.431,1269
1645232400000,0.42,1167
1645318800000,0.433,1224
1645405200000,0.426,1027
1645491600000,0.432,1295
1645578000000,0.432,1260
1645664400000,0.433,995
1645750800000,0.45,1115
1645837200000,0.435,1058
1645923600000,0.438,1078
1646010000000,0.433,1086
1646096400000,0.424,1143
1646182800000,0.426,1188
1646269200000,0.413,1065
1646355600000,0.413,1514
1646442000000,0.446,1317
1646528400000,0.466,1419
1646614800000,0.459,1370
1646701200000,0.449,1591
1646787600000,0.442,1122
1646874000000,0.466,1644
1646960400000,0.527,1211
1647046800000,0.502,1274
1647133200000,0.501,1180
1647219600000,0.512,1014
1647306000000,0.52,1018
1647392400000,0.499,936
1647478800000,0.513,1051
1647565200000,0.527,1174
1647651600000,0.526,1185
1647738000000,0.525,1149
1647824400000,0.53,1080
1647910800000,0.549,1078
1647997200000,0.556,1008
1648083600000,0.535,964
1648170000000,0.545,1162
1648256400000,0.535,1043
1648342800000,0.536,1120
1648429200000,0.531,1086
1648515600000,0.524,1131
1648602000000,0.539,917
1648688400000,0.523,973
1648774800000,0.545,961
1648861200000,0.534,1065
1648947600000,0.531,963
1649034000000,0.528,821
1649120400000,0.525,811
1649206800000,0.519,823
1649293200000,0.513,899
1649379600000,0.506,860
1649466000000,0.516,1068
1649552400000,0.522,1080
1649638800000,0.522,905
1649725200000,0.531,1055
1649811600000,0.544,995
1649898000000,0.54,898
1649984400000,0.544,959
1650070800000,0.555,1084
1650157200000,0.544,982
1650243600000,0.547,862
1650330000000,0.557,773
1650416400000,0.547,757
1650502800000,0.543,824
1650589200000,0.546,823
1650675600000,0.544,880
1650762000000,0.532,897
1650848400000,0.531,855
1650934800000,0.531,708
1651021200000,0.517,781
1651107600000,0.518,703
1651194000000,0.513,726
1651280400000,0.514,798
1651366800000,0.507,799
1651453200000,0.516,928
1651539600000,0.515,726
1651626000000,0.484,1117
1651712400000,0.46,780
1651798800000,0.449,775
1651885200000,0.442,886
1651971600000,0.436,944
1652058000000,0.428,702
1652144400000,0.421,620
1652230800000,0.415,871
1652317200000,0.412,665
1652403600000,0.421,728
1652490000000,0.418,832
1652576400000,0.42,739
1652662800000,0.413,813
1652749200000,0.422,660
1652835600000,0.424,682
1652922000000,0.423,718
1653008400000,0.44,702
1653094800000,0.415,862
1653181200000,0.418,898
1653267600000,0.415,788
1653354000000,0.423,714
1653440400000,0.438,731
1653526800000,0.426,795
1653613200000,0.426,787
1653699600000,0.415,828
1653786000000,0.403,942
1653872400000,0.407,726
1653958800000,0.406,730
1654045200000,0.402,745
1654131600000,0.402,932
1654218000000,0.376,1177
1654304400000,0.373,975
1654390800000,0.367,965
1654477200000,0.37,857
1654563600000,0.376,983
1654650000000,0.365,717
1654736400000,0.366,769
1654822800000,0.35,962
1654909200000,0.347,792
1654995600000,0.339,943
1655082000000,0.345,783
1655168400000,0.336,773
1655254800000,0.338,837
1655341200000,0.343,837
1655427600000,0.329,810
1655514000000,0.329,771
1655600400000,0.328,797
1655686800000,0.323,943
1655773200000,0.317,758
1655859600000,0.316,807
1655946000000,0.308,833
1656032400000,0.297,1056
1656118800000,0.299,882
1656205200000,0.293,936
1656291600000,0.296,940
1656378000000,0.296,887
1656464400000,0.302,844
1656550800000,0.309,989
1656637200000,0.305,935
1656723600000,0.314,1070
1656810000000,0.321,962
1656896400000,0.335,1035
1656982800000,0.331,1459
1657069200000,0.326,954
1657155600000,0.316,1153
1657242000000,0.321,1039
1657328400000,0.324,950
1657414800000,0.33,836
1657501200000,0.344,932
1657587600000,0.349,957
1657674000000,0.363,939
1657760400000,0.357,1028
1657846800000,0.363,975
1657933200000,0.357,840
1658019600000,0.351,826
1658106000000,0.353,917
1658192400000,0.354,935
1658278800000,0.37,870
1658365200000,0.358,934
1658451600000,0.346,1015
1658538000000,0.353,904
1658624400000,0.356,956
1658710800000,0.357,1036
1658797200000,0.364,961
1658883600000,0.354,933
1658970000000,0.352,916
1659056400000,0.363,973
1659142800000,0.361,903
1659229200000,0.364,1118
1659315600000,0.366,1009
1659402000000,0.384,966
1659488400000,0.376,965
1659574800000,0.382,961
1659661200000,0.387,989
1659747600000,0.389,904
1659834000000,0.394,1073
1659920400000,0.398,929
1660006800000,0.388,557
1660093200000,0.407,1059
1660179600000,0.416,981
1660266000000,0.43,970
1660352400000,0.418,914
1660438800000,0.417,922
1660525200000,0.425,948
1660611600000,0.426,1025
1660698000000,0.414,1294
1660784400000,0.41,1107
1660870800000,0.415,1119
1660957200000,0.425,939
1661043600000,0.419,980
1661130000000,0.43,1021
1661216400000,0.429,1110
1661302800000,0.423,994
1661389200000,0.423,1105
1661475600000,0.423,1012
1661562000000,0.433,982
1661648400000,0.438,1114
1661734800000,0.429,1066
1661821200000,0.451,1075
1661907600000,0.45,1046
1661994000000,0.448,1044
1662080400000,0.437,1128
1662166800000,0.444,1160
1662253200000,0.45,1047
1662339600000,0.459,898
1662426000000,0.446,828
1662512400000,0.44,941
1662598800000,0.451,1015
1662685200000,0.446,984
1662771600000,0.457,1190
1662858000000,0.451,1068
1662944400000,0.455,962
1663030800000,0.449,832
1663117200000,0.453,918
1663203600000,0.464,928
1663290000000,0.466,974
1663376400000,0.453,1112
1663462800000,0.457,1117
1663549200000,0.453,876
1663635600000,0.445,903
1663722000000,0.435,925
1663808400000,0.443,1028
1663894800000,0.434,1014
1663981200000,0.45,1128
1664067600000,0.448,1181
1664154000000,0.441,879
1664240400000,0.443,886
1664326800000,0.45,1011
1664413200000,0.438,985
1664499600000,0.438,997
1664586000000,0.44,1195
1664672400000,0.439,1109
1664758800000,0.454,937
1664845200000,0.46,846
1664931600000,0.454,888
1665018000000,0.455,860
1665104400000,0.464,902
1665190800000,0.462,1025
1665277200000,0.466,954
1665363600000,0.466,895
1665450000000,0.471,938
1665536400000,0.47,869
1665622800000,0.472,936
1665709200000,0.454,627
1665795600000,0.467,1186
1665882000000,0.466,886
1665968400000,0.47,786
1666054800000,0.465,851
1666141200000,0.45,795
1666227600000,0.452,784
1666314000000,0.449,979
1666400400000,0.419,1345
1666486800000,0.419,968
1666573200000,0.413,783
1666659600000,0.413,774
1666746000000,0.402,916
1666832400000,0.4,893
1666918800000,0.398,967
1667005200000,0.392,1109
1667091600000,0.391,1063
1667178000000,0.388,1110
1667264400000,0.396,939
1667350800000,0.398,873
1667437200000,0.399,872
1667523600000,0.397,1002
1667610000000,0.404,984
1667696400000,0.406,1038
1667782800000,0.416,806
1667869200000,0.429,941
1667955600000,0.442,912
1668042000000,0.448,916
1668128400000,0.45,1034
1668214800000,0.456,1019
1668301200000,0.46,1137
1668387600000,0.45,838
1668474000000,0.463,884
1668560400000,0.463,856
1668646800000,0.462,873
1668733200000,0.453,991
1668819600000,0.455,1210
1668906000000,0.452,1061
1668992400000,0.456,826
1669078800000,0.446,895
1669165200000,0.422,1296
1669251600000,0.418,1173
1669338000000,0.4,1066
1669424400000,0.405,1115
1669510800000,0.402,1149
1669597200000,0.399,930
1669683600000,0.4,824
1669770000000,0.413,798
1669856400000,0.419,790
1669942800000,0.425,853
1670029200000,0.425,1048
1670115600000,0.427,1076
1670202000000,0.43,783
1670288400000,0.441,792
1670374800000,0.448,847
1670461200000,0.457,836
1670547600000,0.457,906
1670634000000,0.446,905
1670720400000,0.445,944
1670806800000,0.443,813
1670893200000,0.438,787
1670979600000,0.428,970
1671066000000,0.421,892
1671152400000,0.426,933
1671238800000,0.431,1016
1671325200000,0.425,930
1671411600000,0.423,814
1671498000000,0.42,871
1671584400000,0.423,785
1671670800000,0.416,982
1671757200000,0.396,1351
1671843600000,0.4,1157
1671930000000,0.397,1249
1672016400000,0.402,1144
1672102800000,0.401,1131
1672189200000,0.395,1154
1672275600000,0.397,1217
1672362000000,0.405,1440
1672448400000,0.405,1157
1672534800000,0.413,1158
1672621200000,0.409,1153
1672707600000,0.414,1103
1672794000000,0.416,1131
1672880400000,0.415,1173
1672966800000,0.432,1142
1673053200000,0.443,1198
1673139600000,0.454,1179
1673226000000,0.459,1092
1673312400000,0.471,988
1673398800000,0.471,1055
1673485200000,0.479,1014
1673571600000,0.486,1109
1673658000000,0.487,1313
1673744400000,0.488,1159
1673830800000,0.496,1019
1673917200000,0.495,999
1674003600000,0.506,970
1674090000000,0.51,1060
1674176400000,0.505,1089
1674262800000,0.506,1332
1674349200000,0.511,1256
1674435600000,0.516,1033
1674522000000,0.523,1076
1674608400000,0.517,1150
1674694800000,0.51,1094
1674781200000,0.514,1222
1674867600000,0.523,1333
1674954000000,0.514,1326
1675040400000,0.522,1091
1675126800000,0.53,1197
1675213200000,0.528,1205
1675299600000,0.523,1161
1675386000000,0.528,1246
1675472400000,0.527,1418
1675558800000,0.536,1385
1675645200000,0.538,1149
1675731600000,0.544,1207
1675818000000,0.543,1203
1675904400000,0.553,1072
1675990800000,0.544,1601
1676077200000,0.537,1734
1676163600000,0.541,1632
1676250000000,0.542,1344
1676336400000,0.56,1480
1676422800000,0.571,1312
1676509200000,0.598,1895
1676595600000,0.597,1349
1676682000000,0.604,1712
1676768400000,0.598,1523
1676854800000,0.594,1171
1676941200000,0.593,1308
1677027600000,0.585,1268
1677114000000,0.552,1537
1677200400000,0.55,1541
1677286800000,0.56,1474
1677373200000,0.553,1426
1677459600000,0.57,1259
1677546000000,0.566,1265
1677632400000,0.559,1260
1677718800000,0.572,1384
1677805200000,0.575,1571
1677891600000,0.579,1698
1677978000000,0.61,1585
1678064400000,0.595,1257
1678150800000,0.597,1432
1678237200000,0.6,1445
1678323600000,0.602,1327
1678410000000,0.612,1577
1678496400000,0.632,1685
1678582800000,0.627,1723
1678669200000,0.61,1323
1678755600000,0.621,1261
1678842000000,0.611,1414
1678928400000,0.59,1559
1679014800000,0.561,1850
1679101200000,0.564,1890
1679187600000,0.568,1755
1679274000000,0.553,1567
1679360400000,0.567,1583
1679446800000,0.574,2138
1679533200000,0.607,2364
1679619600000,0.674,2225
1679706000000,0.732,1987
1679792400000,0.762,1999
1679878800000,0.76,1855
1679965200000,0.761,1797
1680051600000,0.749,1741
1680138000000,0.73,1236
1680224400000,0.738,1263
1680310800000,0.742,1755
1680397200000,0.741,1724
1680483600000,0.73,1679
1680570000000,0.737,1346
1680656400000,0.736,1529
1680742800000,0.717,1645
1680829200000,0.71,1372
1680915600000,0.715,1538
1681002000000,0.71,1718
1681088400000,0.701,1610
1681174800000,0.72,1511
1681261200000,0.727,1506
1681347600000,0.749,1506
1681434000000,0.782,1362
1681520400000,0.832,1120
1681606800000,0.87,1125
1681693200000,0.841,1484
1681779600000,0.855,1298
1681866000000,0.872,1224
1681952400000,0.831,504
1681988400000,0.831,88
1681992000000,0.83,119
1681995600000,0.842,108
1681999200000,0.828,93
1682002800000,0.819,144
1682006400000,0.842,107
1682010000000,0.83,137
1682013600000,0.813,138
1682017200000,0.826,94
1682020800000,0.858,45
1682024400000,0.819,132
1682028000000,0.821,84
1682031600000,0.82,54
1682035200000,0.806,35
1682038800000,0.809,33
1682042400000,0.83,32
1682046000000,0.813,23
1682049600000,0.809,39
1682053200000,0.839,41
1682056800000,0.842,41
1682060400000,0.832,34
1682064000000,0.805,70
1682067600000,0.819,58
1682071200000,0.805,67
1682074800000,0.804,72
1682078400000,0.799,78
1682082000000,0.792,79
1682085600000,0.804,107
1682089200000,0.794,84
1682092800000,0.785,114
1682096400000,0.78,133
1682100000000,0.802,132
1682103600000,0.865,124
1682107200000,0.821,114
1682110800000,0.835,119
1682114400000,0.813,81
1682118000000,0.8,67
1682121600000,0.81,54
1682125200000,0.771,31
1682128800000,0.833,23
1682132400000,0.779,23
1682136000000,0.784,22
1682139600000,0.789,35
1682143200000,0.793,40
1682146800000,0.782,42
1682150400000,0.789,78
1682154000000,0.79,84
1682157600000,0.813,101
1682161200000,0.8,96
1682164800000,0.835,150
1682168400000,0.802,80
1682172000000,0.802,109
1682175600000,0.791,93
1682179200000,0.808,89
1682182800000,0.819,120
1682186400000,0.78,123
1682190000000,0.797,121
1682193600000,0.811,119
1682197200000,0.812,112
1682200800000,0.798,94
1682204400000,0.816,72
1682208000000,0.79,44
1682211600000,0.824,37
1682215200000,0.787,23
1682218800000,0.779,28
1682222400000,0.771,19
1682226000000,0.805,27
1682229600000,0.818,28
1682233200000,0.784,40
1682236800000,0.769,62
1682240400000,0.785,75
1682244000000,0.816,94
1682247600000,0.784,100
1682251200000,0.773,95
1682254800000,0.793,88
1682258400000,0.824,104
1682262000000,0.86,141
1682265600000,0.807,113
1682269200000,0.808,118
1682272800000,0.785,110
1682276400000,0.832,101
1682280000000,0.811,113
1682283600000,0.803,87
1682287200000,0.869,66
1682290800000,0.791,35
1682294400000,0.781,30
1682298000000,0.783,31
1682301600000,0.77,25
1682305200000,0.763,25
1682308800000,0.819,27
1682312400000,0.793,25
1682316000000,0.769,25
1682319600000,0.771,35
1682323200000,0.779,40
1682326800000,0.773,66
1682330400000,0.791,55
1682334000000,0.772,65
1682337600000,0.795,66
1682341200000,0.812,68
1682344800000,0.791,94
1682348400000,0.788,103
1682352000000,0.838,100
1682355600000,0.777,98
1682359200000,0.783,110
1682362800000,0.797,107
1682366400000,0.809,109
1682370000000,0.783,88
1682373600000,0.769,50
1682377200000,0.786,40
1682380800000,0.786,59
1682384400000,0.771,36
1682388000000,0.771,59
1682391600000,0.753,36
1682395200000,0.771,53
1682398800000,0.759,72
1682402400000,0.749,61
1682406000000,0.76,71
1682409600000,0.753,102
1682413200000,0.759,107
1682416800000,0.759,126
1682420400000,0.76,136
1682424000000,0.76,149
1682427600000,0.703,161
1682431200000,0.696,165
1682434800000,0.7,138
1682438400000,0.697,174
1682442000000,0.69,188
1682445600000,0.694,188
1682449200000,0.694,153
1682452800000,0.694,147
1682456400000,0.689,114
1682460000000,0.694,71
1682463600000,0.681,33
1682467200000,0.691,40
1682470800000,0.681,33
1682474400000,0.677,36
1682478000000,0.682,27
1682481600000,0.686,23
1682485200000,0.689,37
1682488800000,0.691,32
1682492400000,0.705,32
1682496000000,0.692,59
1682499600000,0.708,49
1682503200000,0.69,69
1682506800000,0.698,78
1682510400000,0.698,67
1682514000000,0.686,85
1682517600000,0.698,127
1682521200000,0.707,127
1682524800000,0.695,126
1682528400000,0.697,116
1682532000000,0.683,118
1682535600000,0.677,140
1682539200000,0.678,114
1682542800000,0.709,88
1682546400000,0.687,67
1682550000000,0.68,47
1682553600000,0.7,32
1682557200000,0.684,13
1682560800000,0.674,19
1682564400000,0.679,15
1682568000000,0.665,31
1682571600000,0.679,23
1682575200000,0.701,19
1682578800000,0.679,42
1682582400000,0.679,38
1682586000000,0.73,52
1682589600000,0.699,56
1682593200000,0.695,63
1682596800000,0.699,86
1682600400000,0.688,95
1682604000000,0.7,82
1682607600000,0.706,103
1682611200000,0.676,128
1682614800000,0.695,128
1682618400000,0.703,104
1682622000000,0.696,108
1682625600000,0.698,110
1682629200000,0.681,88
1682632800000,0.693,67
1682636400000,0.695,39
1682640000000,0.673,39
1682643600000,0.681,21
1682647200000,0.701,29
1682650800000,0.733,22
1682654400000,0.682,15
1682658000000,0.721,18
1682661600000,0.698,22
1682665200000,0.697,35
1682668800000,0.686,52
1682672400000,0.678,57
1682676000000,0.685,55
1682679600000,0.692,66
1682683200000,0.695,80
1682686800000,0.685,91
1682690400000,0.683,109
1682694000000,0.693,106
1682697600000,0.678,139
1682701200000,0.672,134
1682704800000,0.697,109
1682708400000,0.677,126
1682712000000,0.671,118
1682715600000,0.677,103
1682719200000,0.68,98
1682722800000,0.677,75
1682726400000,0.667,49
1682730000000,0.663,43
1682733600000,0.698,30
1682737200000,0.689,31
1682740800000,0.752,23
1682744400000,0.683,30
1682748000000,0.682,33
1682751600000,0.661,42
1682755200000,0.691,71
1682758800000,0.689,86
1682762400000,0.669,88
1682766000000,0.693,87
1682769600000,0.677,105
1682773200000,0.679,91
1682776800000,0.681,106
1682780400000,0.668,116
1682784000000,0.67,115
1682787600000,0.66,112
1682791200000,0.66,133
1682794800000,0.666,149
1682798400000,0.688,144
1682802000000,0.689,124
1682805600000,0.693,105
1682809200000,0.691,67
1682812800000,0.699,45
1682816400000,0.682,21
1682820000000,0.661,28
1682823600000,0.689,26
1682827200000,0.718,26
1682830800000,0.696,24
1682834400000,0.673,33
1682838000000,0.682,71
1682841600000,0.704,69
1682845200000,0.693,75
1682848800000,0.682,88
1682852400000,0.675,104
1682856000000,0.701,93
1682859600000,0.683,109
1682863200000,0.673,108
1682866800000,0.678,113
1682870400000,0.695,96
1682874000000,0.682,108
1682877600000,0.693,113
1682881200000,0.693,116
1682884800000,0.671,130
1682888400000,0.67,101
1682892000000,0.689,88
1682895600000,0.696,65
1682899200000,0.656,40
1682902800000,0.648,34
1682906400000,0.686,32
1682910000000,0.696,24
1682913600000,0.691,35
1682917200000,0.689,22
1682920800000,0.708,47
1682924400000,0.658,48
1682928000000,0.67,61
1682931600000,0.67,75
1682935200000,0.666,88
1682938800000,0.666,95
1682942400000,0.681,110
1682946000000,0.682,115
1682949600000,0.66,111
1682953200000,0.667,106
1682956800000,0.693,104
1682960400000,0.662,103
1682964000000,0.666,103
1682967600000,0.659,131
1682971200000,0.674,120
1682974800000,0.667,84
1682978400000,0.658,84
1682982000000,0.683,48
1682985600000,0.675,37
1682989200000,0.681,30
1682992800000,0.659,27
1682996400000,0.657,20
1683000000000,0.64,21
1683003600000,0.674,21
1683007200000,0.671,34
1683010800000,0.692,52
1683014400000,0.683,37
1683018000000,0.672,54
1683021600000,0.669,60
1683025200000,0.687,60
1683028800000,0.682,79
1683032400000,0.671,92
1683036000000,0.661,101
1683039600000,0.671,104
1683043200000,0.684,93
1683046800000,0.673,102
1683050400000,0.661,107
1683054000000,0.672,105
1683057600000,0.7,100
1683061200000,0.676,79
1683064800000,0.657,71
1683068400000,0.678,38
1683072000000,0.656,33
1683075600000,0.66,21
1683079200000,0.668,21
1683082800000,0.648,18
1683086400000,0.71,21
1683090000000,0.659,28
1683093600000,0.65,27
1683097200000,0.656,34
1683100800000,0.668,49
1683104400000,0.659,66
1683108000000,0.667,57
1683111600000,0.701,62
1683115200000,0.685,65
1683118800000,0.701,85
1683122400000,0.683,76
1683126000000,0.671,79
1683129600000,0.667,102
1683133200000,0.672,103
1683136800000,0.69,101
1683140400000,0.682,105
1683144000000,0.672,113
1683147600000,0.684,89
1683151200000,0.68,70
1683154800000,0.676,52
1683158400000,0.689,35
1683162000000,0.69,26
1683165600000,0.679,27
1683169200000,0.679,23
1683172800000,0.687,17
1683176400000,0.699,29
1683180000000,0.691,27
1683183600000,0.685,34
1683187200000,0.687,54
1683190800000,0.684,47
1683194400000,0.69,55
1683198000000,0.695,60
1683201600000,0.684,77
1683205200000,0.686,77
1683208800000,0.684,85
1683212400000,0.687,86
1683216000000,0.673,102
1683219600000,0.69,83
1683223200000,0.687,107
1683226800000,0.683,108
1683230400000,0.687,118
1683234000000,0.68,82
1683237600000,0.69,62
1683241200000,0.685,54
1683244800000,0.688,28
1683248400000,0.678,77
1683252000000,0.678,41
1683255600000,0.66,34
1683259200000,0.66,41
1683262800000,0.66,63
1683266400000,0.66,72
1683270000000,0.66,95
1683273600000,0.65,79
1683277200000,0.66,101
1683280800000,0.66,117
1683284400000,0.66,144
1683288000000,0.66,117
1683291600000,0.66,118
1683295200000,0.66,90
1683298800000,0.66,74
1683302400000,0.671,115
1683306000000,0.678,171
1683309600000,0.66,144
1683313200000,0.648,152
1683316800000,0.64,149
1683320400000,0.659,125
1683324000000,0.642,87
1683327600000,0.633,48
1683331200000,0.622,44
1683334800000,0.61,28
1683338400000,0.61,30
1683342000000,0.63,33
1683345600000,0.618,24
1683349200000,0.61,25
1683352800000,0.646,31
1683356400000,0.654,40
1683360000000,0.641,59
1683363600000,0.647,73
1683367200000,0.638,76
1683370800000,0.634,76
1683374400000,0.633,99
1683378000000,0.645,87
1683381600000,0.658,70
1683385200000,0.658,96
1683388800000,0.64,133
1683392400000,0.641,92
1683396000000,0.634,94
1683399600000,0.623,102
1683403200000,0.626,106
1683406800000,0.627,95
1683410400000,0.614,88
1683414000000,0.621,50
1683417600000,0.625,42
1683421200000,0.635,34
1683424800000,0.632,23
1683428400000,0.636,24
1683432000000,0.669,22
1683435600000,0.69,83
1683439200000,0.64,27
1683442800000,0.681,47
1683446400000,0.647,50
1683450000000,0.659,98
1683453600000,0.647,86
1683457200000,0.644,95
1683460800000,0.66,89
1683464400000,0.645,101
1683468000000,0.644,88
1683471600000,0.64,98
1683475200000,0.659,104
1683478800000,0.646,92
1683482400000,0.659,111
1683486000000,0.648,132
1683489600000,0.646,99
1683493200000,0.64,74
1683496800000,0.645,72
1683500400000,0.658,42
1683504000000,0.646,40
1683507600000,0.646,25
1683511200000,0.657,20
1683514800000,0.646,17
1683518400000,0.648,17
1683522000000,0.638,22
1683525600000,0.646,29
1683529200000,0.653,30
1683532800000,0.661,46
1683536400000,0.659,60
1683540000000,0.68,72
1683543600000,0.672,60
1683547200000,0.648,70
1683550800000,0.649,90
1683554400000,0.669,71
1683558000000,0.648,81
1683561600000,0.65,88
1683565200000,0.622,79
1683568800000,0.626,114
1683572400000,0.624,103
1683576000000,0.624,108
1683579600000,0.626,64
1683583200000,0.622,61
1683586800000,0.675,38
1683590400000,0.605,31
1683594000000,0.62,13
1683597600000,0.626,21
1683601200000,0.632,14
1683604800000,0.63,14
1683608400000,0.62,21
1683612000000,0.629,22
1683615600000,0.64,31
1683619200000,0.662,29
1683622800000,0.626,41
1683626400000,0.625,51
1683630000000,0.619,55
1683633600000,0.622,65
1683637200000,0.626,79
1683640800000,0.628,62
1683644400000,0.627,84
1683648000000,0.627,92
1683651600000,0.637,90
1683655200000,0.635,87
1683658800000,0.63,84
1683662400000,0.632,91
1683666000000,0.629,59
1683669600000,0.667,57
1683673200000,0.642,31
1683676800000,0.645,28
1683680400000,0.617,18
1683684000000,0.637,25
1683687600000,0.639,19
1683691200000,0.642,12
1683694800000,0.64,22
1683698400000,0.64,19
1683702000000,0.638,28
1683705600000,0.657,41
1683709200000,0.655,38
1683712800000,0.646,42
1683716400000,0.653,46
1683720000000,0.645,47
1683723600000,0.646,67
1683727200000,0.645,81
1683730800000,0.65,82
1683734400000,0.652,96
1683738000000,0.651,90
1683741600000,0.651,95
1683745200000,0.642,72
1683748800000,0.65,93
1683752400000,0.643,78
1683756000000,0.637,50
1683759600000,0.64,32
1683763200000,0.657,37
1683766800000,0.655,17
1683770400000,0.631,25
1683774000000,0.643,15
1683777600000,0.689,22
1683781200000,0.652,18
1683784800000,0.658,28
1683788400000,0.656,36
1683792000000,0.631,33
1683795600000,0.64,53
1683799200000,0.656,46
1683802800000,0.63,51
1683806400000,0.656,50
1683810000000,0.648,71
1683813600000,0.647,71
1683817200000,0.634,68
1683820800000,0.63,71
1683824400000,0.636,83
1683828000000,0.631,74
1683831600000,0.643,93
1683835200000,0.633,73
1683838800000,0.63,69
1683842400000,0.62,47
1683846000000,0.62,31
1683849600000,0.622,29
1683853200000,0.655,21
1683856800000,0.63,21
1683860400000,0.648,12
1683864000000,0.627,16
1683867600000,0.627,18
1683871200000,0.624,27
1683874800000,0.629,36
1683878400000,0.629,29
1683882000000,0.624,43
1683885600000,0.627,45
1683889200000,0.628,59
1683892800000,0.626,58
1683896400000,0.627,54
1683900000000,0.623,75
1683903600000,0.627,85
1683907200000,0.643,93
1683910800000,0.646,72
1683914400000,0.64,83
1683918000000,0.644,112
1683921600000,0.642,103
1683925200000,0.629,82
1683928800000,0.622,83
1683932400000,0.625,48
1683936000000,0.623,24
1683939600000,0.627,23
1683943200000,0.624,23
1683946800000,0.637,26
1683950400000,0.622,17
1683954000000,0.623,22
1683957600000,0.628,24
1683961200000,0.62,27
1683964800000,0.641,56
1683968400000,0.64,56
1683972000000,0.633,56
1683975600000,0.638,69
1683979200000,0.638,79
1683982800000,0.625,81
1683986400000,0.622,64
1683990000000,0.613,82
1683993600000,0.621,74
1683997200000,0.614,76
1684000800000,0.613,73
1684004400000,0.613,90
1684008000000,0.62,84
1684011600000,0.62,84
1684015200000,0.61,67
1684018800000,0.625,60
1684022400000,0.603,34
1684026000000,0.603,21
1684029600000,0.598,22
1684033200000,0.611,24
1684036800000,0.608,25
1684040400000,0.612,26
1684044000000,0.59,28
1684047600000,0.601,38
1684051200000,0.627,45
1684054800000,0.6,55
1684058400000,0.642,62
1684062000000,0.632,70
1684065600000,0.601,84
1684069200000,0.601,91
1684072800000,0.602,84
1684076400000,0.642,80
1684080000000,0.64,83
1684083600000,0.637,85
1684087200000,0.625,112
1684090800000,0.629,92
1684094400000,0.634,100
1684098000000,0.62,69
1684101600000,0.601,59
1684105200000,0.623,34
1684108800000,0.632,31
1684112400000,0.633,25
1684116000000,0.65,25
1684119600000,0.627,14
1684123200000,0.635,29
1684126800000,0.632,15
1684130400000,0.63,25
1684134000000,0.635,27
1684137600000,0.641,36
1684141200000,0.608,36
1684144800000,0.64,61
1684148400000,0.627,47
1684152000000,0.589,58
1684155600000,0.626,58
1684159200000,0.627,80
1684162800000,0.649,94
1684166400000,0.633,75
1684170000000,0.632,78
1684173600000,0.633,96
1684177200000,0.629,92
1684180800000,0.61,80
1684184400000,0.612,72
1684188000000,0.631,65
1684191600000,0.629,39
1684195200000,0.599,22
1684198800000,0.629,18
1684202400000,0.632,12
1684206000000,0.603,16
1684209600000,0.614,13
1684213200000,0.602,16
1684216800000,0.6,27
1684220400000,0.628,25
1684224000000,0.623,36
1684227600000,0.615,48
1684231200000,0.628,47
1684234800000,0.627,62
1684238400000,0.639,45
1684242000000,0.621,74
1684245600000,0.627,81
1684249200000,0.626,77
1684252800000,0.626,85
1684256400000,0.625,81
1684260000000,0.625,118
1684263600000,0.623,125
1684267200000,0.628,86
1684270800000,0.621,52
1684274400000,0.622,46
1684278000000,0.632,24
1684281600000,0.62,27
1684285200000,0.616,26
1684288800000,0.607,18
1684292400000,0.64,10
1684296000000,0.61,9
1684299600000,0.601,21
1684303200000,0.605,35
1684306800000,0.62,52
1684310400000,0.608,35
1684314000000,0.598,49
1684317600000,0.605,46
1684321200000,0.597,47
1684324800000,0.591,66
1684328400000,0.622,71
1684332000000,0.591,84
1684335600000,0.622,73
1684339200000,0.618,83
1684342800000,0.601,82
1684346400000,0.602,88
1684350000000,0.6,106
1684353600000,0.598,93
1684357200000,0.616,70
1684360800000,0.606,42
1684364400000,0.607,44
1684368000000,0.595,38
1684371600000,0.591,24
1684375200000,0.601,13
1684378800000,0.591,12
1684382400000,0.605,19
1684386000000,0.62,17
1684389600000,0.609,21
1684393200000,0.607,38
1684396800000,0.595,28
1684400400000,0.609,56
1684404000000,0.571,58
1684407600000,0.6,41
1684411200000,0.597,61
1684414800000,0.605,61
1684418400000,0.6,67
1684422000000,0.602,70
1684425600000,0.598,67
1684429200000,0.595,73
1684432800000,0.609,92
1684436400000,0.595,116
1684440000000,0.597,103
1684443600000,0.593,84
1684447200000,0.592,38
1684450800000,0.607,26
1684454400000,0.625,28
1684458000000,0.598,30
1684461600000,0.61,17
1684465200000,0.606,13
1684468800000,0.592,23
1684472400000,0.598,18
1684476000000,0.602,20
1684479600000,0.568,30
1684483200000,0.575,27
1684486800000,0.59,44
1684490400000,0.591,40
1684494000000,0.577,50
1684497600000,0.574,64
1684501200000,0.568,65
1684504800000,0.571,77
1684508400000,0.585,75
1684512000000,0.569,67
1684515600000,0.574,77
1684519200000,0.599,86
1684522800000,0.581,96
1684526400000,0.582,93
1684530000000,0.574,73
1684533600000,0.583,78
1684537200000,0.615,55
1684540800000,0.572,34
1684544400000,0.585,20
1684548000000,0.55,12
1684551600000,0.576,16
1684555200000,0.6,15
1684558800000,0.607,18
1684562400000,0.572,27
1684566000000,0.55,47
1684569600000,0.593,45
1684573200000,0.572,58
