item_hash_name_base64,file_name,update_timestamp,name
QUstNDcgfCBBc2lpbW92IChCYXR0bGUtU2NhcnJlZCk=,17.csv,1684560873495,AK-47 | Asiimov (Battle-Scarred)
QUstNDcgfCBBc2lpbW92IChGYWN0b3J5IE5ldyk=,18.csv,1684560884056,AK-47 | Asiimov (Factory New)
QUstNDcgfCBBc2lpbW92IChGaWVsZC1UZXN0ZWQp,19.csv,1684560894658,AK-47 | Asiimov (Field-Tested)
QUstNDcgfCBBc2lpbW92IChNaW5pbWFsIFdlYXIp,20.csv,1684560905218,AK-47 | Asiimov (Minimal Wear)
QUstNDcgfCBBc2lpbW92IChXZWxsLVdvcm4p,21.csv,1684560915782,AK-47 | Asiimov (Well-Worn)
QUstNDcgfCBGaXJlIFNlcnBlbnQgKEJhdHRsZS1TY2FycmVkKQ==,60.csv,1684561462807,AK-47 | Fire Serpent (Battle-Scarred)
QUstNDcgfCBGaXJlIFNlcnBlbnQgKEZpZWxkLVRlc3RlZCk=,61.csv,1684561473942,AK-47 | Fire Serpent (Field-Tested)
QUstNDcgfCBGaXJlIFNlcnBlbnQgKE1pbmltYWwgV2Vhcik=,62.csv,1684561484499,AK-47 | Fire Serpent (Minimal Wear)
QUstNDcgfCBGaXJlIFNlcnBlbnQgKFdlbGwtV29ybik=,63.csv,1684557169694,AK-47 | Fire Serpent (Well-Worn)
QUstNDcgfCBMZWV0IE11c2VvIChCYXR0bGUtU2NhcnJlZCk=,111.csv,1684557901415,AK-47 | Leet Museo (Battle-Scarred)
QUstNDcgfCBMZWV0IE11c2VvIChGYWN0b3J5IE5ldyk=,112.csv,1684557912352,AK-47 | Leet Museo (Factory New)
QUstNDcgfCBMZWV0IE11c2VvIChGaWVsZC1UZXN0ZWQp,113.csv,1684557923154,AK-47 | Leet Museo (Field-Tested)
QUstNDcgfCBMZWV0IE11c2VvIChNaW5pbWFsIFdlYXIp,114.csv,1684557934213,AK-47 | Leet Museo (Minimal Wear)
QUstNDcgfCBMZWV0IE11c2VvIChXZWxsLVdvcm4p,115.csv,1684557944948,AK-47 | Leet Museo (Well-Worn)
QUstNDcgfCBSZWRsaW5lIChCYXR0bGUtU2NhcnJlZCk=,171.csv,1684553458673,AK-47 | Redline (Battle-Scarred)
QUstNDcgfCBSZWRsaW5lIChGaWVsZC1UZXN0ZWQp,172.csv,1684553469994,AK-47 | Redline (Field-Tested)
QUstNDcgfCBSZWRsaW5lIChNaW5pbWFsIFdlYXIp,173.csv,1684553480392,AK-47 | Redline (Minimal Wear)
QUstNDcgfCBSZWRsaW5lIChXZWxsLVdvcm4p,174.csv,1684553490469,AK-47 | Redline (Well-Worn)
QUstNDcgfCBWdWxjYW4gKEJhdHRsZS1TY2FycmVkKQ==,205.csv,1684553873963,AK-47 | Vulcan (Battle-Scarred)
QUstNDcgfCBWdWxjYW4gKEZhY3RvcnkgTmV3KQ==,206.csv,1684553884755,AK-47 | Vulcan (Factory New)
QUstNDcgfCBWdWxjYW4gKEZpZWxkLVRlc3RlZCk=,207.csv,1684553894935,AK-47 | Vulcan (Field-Tested)
QUstNDcgfCBWdWxjYW4gKE1pbmltYWwgV2Vhcik=,208.csv,1684553905788,AK-47 | Vulcan (Minimal Wear)
QUstNDcgfCBWdWxjYW4gKFdlbGwtV29ybik=,209.csv,1684553915926,AK-47 | Vulcan (Well-Worn)
QVVHIHwgQW1iZXIgRmFkZSAoRmFjdG9yeSBOZXcp,221.csv,1684554707732,AUG | Amber Fade (Factory New)
QVVHIHwgQW1iZXIgRmFkZSAoRmllbGQtVGVzdGVkKQ==,222.csv,1684554721676,AUG | Amber Fade (Field-Tested)
QVVHIHwgQW1iZXIgRmFkZSAoTWluaW1hbCBXZWFyKQ==,223.csv,1684554732805,AUG | Amber Fade (Minimal Wear)
QVVHIHwgQW1iZXIgRmFkZSAoV2VsbC1Xb3JuKQ==,224.csv,1684554743956,AUG | Amber Fade (Well-Worn)
QVdQIHwgQXNpaW1vdiAoQmF0dGxlLVNjYXJyZWQp,390.csv,1684563191981,AWP | Asiimov (Battle-Scarred)
QVdQIHwgQXNpaW1vdiAoRmllbGQtVGVzdGVkKQ==,391.csv,1684563202748,AWP | Asiimov (Field-Tested)
QVdQIHwgQXNpaW1vdiAoV2VsbC1Xb3JuKQ==,392.csv,1684563213333,AWP | Asiimov (Well-Worn)
QVdQIHwgRmFkZSAoRmFjdG9yeSBOZXcp,443.csv,1684563881830,AWP | Fade (Factory New)
QVdQIHwgRmFkZSAoTWluaW1hbCBXZWFyKQ==,444.csv,1684563892283,AWP | Fade (Minimal Wear)
QVdQIHwgSHlwZXIgQmVhc3QgKEJhdHRsZS1TY2FycmVkKQ==,452.csv,1684564039005,AWP | Hyper Beast (Battle-Scarred)
QVdQIHwgSHlwZXIgQmVhc3QgKEZhY3RvcnkgTmV3KQ==,453.csv,1684574308875,AWP | Hyper Beast (Factory New)
QVdQIHwgSHlwZXIgQmVhc3QgKEZpZWxkLVRlc3RlZCk=,454.csv,1684574319732,AWP | Hyper Beast (Field-Tested)
QVdQIHwgSHlwZXIgQmVhc3QgKE1pbmltYWwgV2Vhcik=,455.csv,1684574330673,AWP | Hyper Beast (Minimal Wear)
QVdQIHwgSHlwZXIgQmVhc3QgKFdlbGwtV29ybik=,456.csv,1684574341342,AWP | Hyper Beast (Well-Worn)
QVdQIHwgTmVvLU5vaXIgKEJhdHRsZS1TY2FycmVkKQ==,466.csv,1684574510239,AWP | Neo-Noir (Battle-Scarred)
QVdQIHwgTmVvLU5vaXIgKEZhY3RvcnkgTmV3KQ==,467.csv,1684574521232,AWP | Neo-Noir (Factory New)
QVdQIHwgTmVvLU5vaXIgKEZpZWxkLVRlc3RlZCk=,468.csv,1684574531763,AWP | Neo-Noir (Field-Tested)
QVdQIHwgTmVvLU5vaXIgKE1pbmltYWwgV2Vhcik=,469.csv,1684574542555,AWP | Neo-Noir (Minimal Wear)
QVdQIHwgTmVvLU5vaXIgKFdlbGwtV29ybik=,470.csv,1684574553722,AWP | Neo-Noir (Well-Worn)
QVdQIHwgUmVkbGluZSAoRmllbGQtVGVzdGVkKQ==,498.csv,1684574923990,AWP | Redline (Field-Tested)
QVdQIHwgUmVkbGluZSAoTWluaW1hbCBXZWFyKQ==,499.csv,1684574935156,AWP | Redline (Minimal Wear)
QVdQIHwgUmVkbGluZSAoV2VsbC1Xb3JuKQ==,500.csv,1684574946692,AWP | Redline (Well-Worn)
RGVzZXJ0IEVhZ2xlIHwgUHJpbnRzdHJlYW0gKEJhdHRsZS1TY2FycmVkKQ==,1015.csv,1684564761180,Desert Eagle | Printstream (Battle-Scarred)
RGVzZXJ0IEVhZ2xlIHwgUHJpbnRzdHJlYW0gKEZhY3RvcnkgTmV3KQ==,1016.csv,1684564771771,Desert Eagle | Printstream (Factory New)
RGVzZXJ0IEVhZ2xlIHwgUHJpbnRzdHJlYW0gKEZpZWxkLVRlc3RlZCk=,1017.csv,1684564782354,Desert Eagle | Printstream (Field-Tested)
RGVzZXJ0IEVhZ2xlIHwgUHJpbnRzdHJlYW0gKE1pbmltYWwgV2Vhcik=,1018.csv,1684564793302,Desert Eagle | Printstream (Minimal Wear)
RGVzZXJ0IEVhZ2xlIHwgUHJpbnRzdHJlYW0gKFdlbGwtV29ybik=,1019.csv,1684564804024,Desert Eagle | Printstream (Well-Worn)
Rml2ZS1TZXZlTiB8IEh5cGVyIEJlYXN0IChCYXR0bGUtU2NhcnJlZCk=,1500.csv,1684579017573,Five-SeveN | Hyper Beast (Battle-Scarred)
Rml2ZS1TZXZlTiB8IEh5cGVyIEJlYXN0IChGYWN0b3J5IE5ldyk=,1501.csv,1684579028954,Five-SeveN | Hyper Beast (Factory New)
Rml2ZS1TZXZlTiB8IEh5cGVyIEJlYXN0IChGaWVsZC1UZXN0ZWQp,1502.csv,1684579040248,Five-SeveN | Hyper Beast (Field-Tested)
Rml2ZS1TZXZlTiB8IEh5cGVyIEJlYXN0IChNaW5pbWFsIFdlYXIp,1503.csv,1684579051189,Five-SeveN | Hyper Beast (Minimal Wear)
Rml2ZS1TZXZlTiB8IEh5cGVyIEJlYXN0IChXZWxsLVdvcm4p,1504.csv,1684579062091,Five-SeveN | Hyper Beast (Well-Worn)
R2FsaWwgQVIgfCBBbWJlciBGYWRlIChGYWN0b3J5IE5ldyk=,1710.csv,1684814413461,Galil AR | Amber Fade (Factory New)
R2FsaWwgQVIgfCBBbWJlciBGYWRlIChGaWVsZC1UZXN0ZWQp,1711.csv,1684814402890,Galil AR | Amber Fade (Field-Tested)
R2FsaWwgQVIgfCBBbWJlciBGYWRlIChNaW5pbWFsIFdlYXIp,1712.csv,1684814424523,Galil AR | Amber Fade (Minimal Wear)
R2FsaWwgQVIgfCBBbWJlciBGYWRlIChXZWxsLVdvcm4p,1713.csv,1684814435240,Galil AR | Amber Fade (Well-Worn)
R2xvY2stMTggfCBHYW1tYSBEb3BwbGVyIChCYXR0bGUtU2NhcnJlZCk=,1910.csv,1685082868596,Glock-18 | Gamma Doppler (Battle-Scarred)
R2xvY2stMTggfCBHYW1tYSBEb3BwbGVyIChGYWN0b3J5IE5ldyk=,1911.csv,1685082858033,Glock-18 | Gamma Doppler (Factory New)
R2xvY2stMTggfCBHYW1tYSBEb3BwbGVyIChGaWVsZC1UZXN0ZWQp,1912.csv,1685082847451,Glock-18 | Gamma Doppler (Field-Tested)
R2xvY2stMTggfCBHYW1tYSBEb3BwbGVyIChNaW5pbWFsIFdlYXIp,1913.csv,1685082879184,Glock-18 | Gamma Doppler (Minimal Wear)
R2xvY2stMTggfCBHYW1tYSBEb3BwbGVyIChXZWxsLVdvcm4p,1914.csv,1685082890238,Glock-18 | Gamma Doppler (Well-Worn)
R2xvY2stMTggfCBOZW8tTm9pciAoQmF0dGxlLVNjYXJyZWQp,1935.csv,1685084860936,Glock-18 | Neo-Noir (Battle-Scarred)
R2xvY2stMTggfCBOZW8tTm9pciAoRmFjdG9yeSBOZXcp,1936.csv,1685084850321,Glock-18 | Neo-Noir (Factory New)
R2xvY2stMTggfCBOZW8tTm9pciAoRmllbGQtVGVzdGVkKQ==,1937.csv,1685084839725,Glock-18 | Neo-Noir (Field-Tested)
R2xvY2stMTggfCBOZW8tTm9pciAoTWluaW1hbCBXZWFyKQ==,1938.csv,1685084871546,Glock-18 | Neo-Noir (Minimal Wear)
R2xvY2stMTggfCBOZW8tTm9pciAoV2VsbC1Xb3JuKQ==,1939.csv,1685084882159,Glock-18 | Neo-Noir (Well-Worn)
SG93bCBQaW4=,2065.csv,1685008411205,Howl Pin
TTRBMS1TIHwgSHlwZXIgQmVhc3QgKEJhdHRsZS1TY2FycmVkKQ==,2298.csv,1684596884986,M4A1-S | Hyper Beast (Battle-Scarred)
TTRBMS1TIHwgSHlwZXIgQmVhc3QgKEZhY3RvcnkgTmV3KQ==,2299.csv,1684596874390,M4A1-S | Hyper Beast (Factory New)
TTRBMS1TIHwgSHlwZXIgQmVhc3QgKEZpZWxkLVRlc3RlZCk=,2300.csv,1684596863542,M4A1-S | Hyper Beast (Field-Tested)
TTRBMS1TIHwgSHlwZXIgQmVhc3QgKE1pbmltYWwgV2Vhcik=,2301.csv,1684596895982,M4A1-S | Hyper Beast (Minimal Wear)
TTRBMS1TIHwgSHlwZXIgQmVhc3QgKFdlbGwtV29ybik=,2302.csv,1684596908005,M4A1-S | Hyper Beast (Well-Worn)
TTRBMS1TIHwgUHJpbnRzdHJlYW0gKEJhdHRsZS1TY2FycmVkKQ==,2351.csv,1684596370262,M4A1-S | Printstream (Battle-Scarred)
TTRBMS1TIHwgUHJpbnRzdHJlYW0gKEZhY3RvcnkgTmV3KQ==,2352.csv,1684596359586,M4A1-S | Printstream (Factory New)
TTRBMS1TIHwgUHJpbnRzdHJlYW0gKEZpZWxkLVRlc3RlZCk=,2353.csv,1684596348469,M4A1-S | Printstream (Field-Tested)
TTRBMS1TIHwgUHJpbnRzdHJlYW0gKE1pbmltYWwgV2Vhcik=,2354.csv,1684596380872,M4A1-S | Printstream (Minimal Wear)
TTRBMS1TIHwgUHJpbnRzdHJlYW0gKFdlbGwtV29ybik=,2355.csv,1684596391831,M4A1-S | Printstream (Well-Worn)
TTRBNCB8IEFzaWltb3YgKEJhdHRsZS1TY2FycmVkKQ==,2363.csv,1684646899444,M4A4 | Asiimov (Battle-Scarred)
TTRBNCB8IEFzaWltb3YgKEZpZWxkLVRlc3RlZCk=,2364.csv,1684646888566,M4A4 | Asiimov (Field-Tested)
TTRBNCB8IEFzaWltb3YgKFdlbGwtV29ybik=,2365.csv,1684646910158,M4A4 | Asiimov (Well-Worn)
TTRBNCB8IEZhZGVkIFplYnJhIChCYXR0bGUtU2NhcnJlZCk=,2418.csv,1684647983533,M4A4 | Faded Zebra (Battle-Scarred)
TTRBNCB8IEZhZGVkIFplYnJhIChGYWN0b3J5IE5ldyk=,2419.csv,1684647972828,M4A4 | Faded Zebra (Factory New)
TTRBNCB8IEZhZGVkIFplYnJhIChGaWVsZC1UZXN0ZWQp,2420.csv,1684647961204,M4A4 | Faded Zebra (Field-Tested)
TTRBNCB8IEZhZGVkIFplYnJhIChNaW5pbWFsIFdlYXIp,2421.csv,1684647994365,M4A4 | Faded Zebra (Minimal Wear)
TTRBNCB8IEZhZGVkIFplYnJhIChXZWxsLVdvcm4p,2422.csv,1684648005299,M4A4 | Faded Zebra (Well-Worn)
TTRBNCB8IE5lby1Ob2lyIChCYXR0bGUtU2NhcnJlZCk=,2463.csv,1684648893386,M4A4 | Neo-Noir (Battle-Scarred)
TTRBNCB8IE5lby1Ob2lyIChGYWN0b3J5IE5ldyk=,2464.csv,1684648882764,M4A4 | Neo-Noir (Factory New)
TTRBNCB8IE5lby1Ob2lyIChGaWVsZC1UZXN0ZWQp,2465.csv,1684648871839,M4A4 | Neo-Noir (Field-Tested)
TTRBNCB8IE5lby1Ob2lyIChNaW5pbWFsIFdlYXIp,2466.csv,1684648904077,M4A4 | Neo-Noir (Minimal Wear)
TTRBNCB8IE5lby1Ob2lyIChXZWxsLVdvcm4p,2467.csv,1684648915126,M4A4 | Neo-Noir (Well-Worn)
TUFDLTEwIHwgQW1iZXIgRmFkZSAoRmFjdG9yeSBOZXcp,2553.csv,1684654306897,MAC-10 | Amber Fade (Factory New)
TUFDLTEwIHwgQW1iZXIgRmFkZSAoRmllbGQtVGVzdGVkKQ==,2554.csv,1684654235133,MAC-10 | Amber Fade (Field-Tested)
TUFDLTEwIHwgQW1iZXIgRmFkZSAoTWluaW1hbCBXZWFyKQ==,2555.csv,1684654317556,MAC-10 | Amber Fade (Minimal Wear)
TUFDLTEwIHwgQW1iZXIgRmFkZSAoV2VsbC1Xb3JuKQ==,2556.csv,1684654328309,MAC-10 | Amber Fade (Well-Worn)
TUFDLTEwIHwgRmFkZSAoRmFjdG9yeSBOZXcp,2615.csv,1684654213701,MAC-10 | Fade (Factory New)
TUFDLTEwIHwgRmFkZSAoTWluaW1hbCBXZWFyKQ==,2616.csv,1684654224357,MAC-10 | Fade (Minimal Wear)
TVA3IHwgRmFkZSAoRmFjdG9yeSBOZXcp,3022.csv,1684668390859,MP7 | Fade (Factory New)
TVA3IHwgRmFkZSAoRmllbGQtVGVzdGVkKQ==,3023.csv,1684668319075,MP7 | Fade (Field-Tested)
TVA3IHwgRmFkZSAoTWluaW1hbCBXZWFyKQ==,3024.csv,1684668402831,MP7 | Fade (Minimal Wear)
Tm92YSB8IEh5cGVyIEJlYXN0IChCYXR0bGUtU2NhcnJlZCk=,3493.csv,1685076577381,Nova | Hyper Beast (Battle-Scarred)
Tm92YSB8IEh5cGVyIEJlYXN0IChGYWN0b3J5IE5ldyk=,3494.csv,1685076565805,Nova | Hyper Beast (Factory New)
Tm92YSB8IEh5cGVyIEJlYXN0IChGaWVsZC1UZXN0ZWQp,3495.csv,1685076555156,Nova | Hyper Beast (Field-Tested)
Tm92YSB8IEh5cGVyIEJlYXN0IChNaW5pbWFsIFdlYXIp,3496.csv,1685076588042,Nova | Hyper Beast (Minimal Wear)
Tm92YSB8IEh5cGVyIEJlYXN0IChXZWxsLVdvcm4p,3497.csv,1685076598977,Nova | Hyper Beast (Well-Worn)
UDIwMDAgfCBBbWJlciBGYWRlIChGYWN0b3J5IE5ldyk=,3633.csv,1684675021840,P2000 | Amber Fade (Factory New)
UDIwMDAgfCBBbWJlciBGYWRlIChGaWVsZC1UZXN0ZWQp,3634.csv,1684675011013,P2000 | Amber Fade (Field-Tested)
UDIwMDAgfCBBbWJlciBGYWRlIChNaW5pbWFsIFdlYXIp,3635.csv,1684675032590,P2000 | Amber Fade (Minimal Wear)
UDIwMDAgfCBBbWJlciBGYWRlIChXZWxsLVdvcm4p,3636.csv,1684675043479,P2000 | Amber Fade (Well-Worn)
UDI1MCB8IEFzaWltb3YgKEJhdHRsZS1TY2FycmVkKQ==,3765.csv,1684677657119,P250 | Asiimov (Battle-Scarred)
UDI1MCB8IEFzaWltb3YgKEZpZWxkLVRlc3RlZCk=,3766.csv,1684677646249,P250 | Asiimov (Field-Tested)
UDI1MCB8IEFzaWltb3YgKE1pbmltYWwgV2Vhcik=,3767.csv,1684677667968,P250 | Asiimov (Minimal Wear)
UDI1MCB8IEFzaWltb3YgKFdlbGwtV29ybik=,3768.csv,1684677678826,P250 | Asiimov (Well-Worn)
UDkwIHwgQXNpaW1vdiAoQmF0dGxlLVNjYXJyZWQp,3986.csv,1684683026429,P90 | Asiimov (Battle-Scarred)
UDkwIHwgQXNpaW1vdiAoRmFjdG9yeSBOZXcp,3987.csv,1684683014208,P90 | Asiimov (Factory New)
UDkwIHwgQXNpaW1vdiAoRmllbGQtVGVzdGVkKQ==,3988.csv,1684683002453,P90 | Asiimov (Field-Tested)
UDkwIHwgQXNpaW1vdiAoTWluaW1hbCBXZWFyKQ==,3989.csv,1684683037486,P90 | Asiimov (Minimal Wear)
UDkwIHwgQXNpaW1vdiAoV2VsbC1Xb3JuKQ==,3990.csv,1684683048994,P90 | Asiimov (Well-Worn)
UGF0Y2ggfCBCYXlvbmV0IEZyb2c=,4352.csv,1685064436308,Patch | Bayonet Frog
UGF0Y2ggfCBIb3ds,4394.csv,1685064480095,Patch | Howl
UjggUmV2b2x2ZXIgfCBBbWJlciBGYWRlIChGYWN0b3J5IE5ldyk=,4467.csv,1684732637114,R8 Revolver | Amber Fade (Factory New)
UjggUmV2b2x2ZXIgfCBBbWJlciBGYWRlIChGaWVsZC1UZXN0ZWQp,4468.csv,1684732625420,R8 Revolver | Amber Fade (Field-Tested)
UjggUmV2b2x2ZXIgfCBBbWJlciBGYWRlIChNaW5pbWFsIFdlYXIp,4469.csv,1684732648099,R8 Revolver | Amber Fade (Minimal Wear)
UjggUmV2b2x2ZXIgfCBBbWJlciBGYWRlIChXZWxsLVdvcm4p,4470.csv,1684732658775,R8 Revolver | Amber Fade (Well-Worn)
UjggUmV2b2x2ZXIgfCBGYWRlIChGYWN0b3J5IE5ldyk=,4508.csv,1684732591926,R8 Revolver | Fade (Factory New)
UjggUmV2b2x2ZXIgfCBGYWRlIChGaWVsZC1UZXN0ZWQp,4509.csv,1684732581296,R8 Revolver | Fade (Field-Tested)
UjggUmV2b2x2ZXIgfCBGYWRlIChNaW5pbWFsIFdlYXIp,4510.csv,1684732603170,R8 Revolver | Fade (Minimal Wear)
UjggUmV2b2x2ZXIgfCBGYWRlIChXZWxsLVdvcm4p,4511.csv,1684732614444,R8 Revolver | Fade (Well-Worn)
U1NHIDA4IHwgQWNpZCBGYWRlIChGYWN0b3J5IE5ldyk=,4871.csv,1684790369075,SSG 08 | Acid Fade (Factory New)
U2F3ZWQtT2ZmIHwgQW1iZXIgRmFkZSAoRmFjdG9yeSBOZXcp,5009.csv,1685068607659,Sawed-Off | Amber Fade (Factory New)
U2F3ZWQtT2ZmIHwgQW1iZXIgRmFkZSAoRmllbGQtVGVzdGVkKQ==,5010.csv,1685068596790,Sawed-Off | Amber Fade (Field-Tested)
U2F3ZWQtT2ZmIHwgQW1iZXIgRmFkZSAoTWluaW1hbCBXZWFyKQ==,5011.csv,1685068618879,Sawed-Off | Amber Fade (Minimal Wear)
U2F3ZWQtT2ZmIHwgQW1iZXIgRmFkZSAoV2VsbC1Xb3JuKQ==,5012.csv,1685068629628,Sawed-Off | Amber Fade (Well-Worn)
U2VhbGVkIEdyYWZmaXRpIHwgRmlyZSBTZXJwZW50,5620.csv,1685025542766,Sealed Graffiti | Fire Serpent
U2VhbGVkIEdyYWZmaXRpIHwgSG93bGluZyBEYXdu,5808.csv,1685017598942,Sealed Graffiti | Howling Dawn
U2VhbGVkIEdyYWZmaXRpIHwgS2FyYW1iaXQgKEJhdHRsZSBHcmVlbik=,5830.csv,1685025964009,Sealed Graffiti | Karambit (Battle Green)
U2VhbGVkIEdyYWZmaXRpIHwgS2FyYW1iaXQgKEJhem9va2EgUGluayk=,5831.csv,1685025953255,Sealed Graffiti | Karambit (Bazooka Pink)
U2VhbGVkIEdyYWZmaXRpIHwgS2FyYW1iaXQgKEJsb29kIFJlZCk=,5832.csv,1685026158476,Sealed Graffiti | Karambit (Blood Red)
U2VhbGVkIEdyYWZmaXRpIHwgS2FyYW1iaXQgKEJyaWNrIFJlZCk=,5833.csv,1685026042983,Sealed Graffiti | Karambit (Brick Red)
U2VhbGVkIEdyYWZmaXRpIHwgS2FyYW1iaXQgKENhc2ggR3JlZW4p,5834.csv,1685026169684,Sealed Graffiti | Karambit (Cash Green)
U2VhbGVkIEdyYWZmaXRpIHwgS2FyYW1iaXQgKERlc2VydCBBbWJlcik=,5835.csv,1685025998300,Sealed Graffiti | Karambit (Desert Amber)
U2VhbGVkIEdyYWZmaXRpIHwgS2FyYW1iaXQgKER1c3QgQnJvd24p,5836.csv,1685026031778,Sealed Graffiti | Karambit (Dust Brown)
U2VhbGVkIEdyYWZmaXRpIHwgS2FyYW1iaXQgKEZyb2cgR3JlZW4p,5837.csv,1685025986422,Sealed Graffiti | Karambit (Frog Green)
U2VhbGVkIEdyYWZmaXRpIHwgS2FyYW1iaXQgKEp1bmdsZSBHcmVlbik=,5838.csv,1685026009086,Sealed Graffiti | Karambit (Jungle Green)
U2VhbGVkIEdyYWZmaXRpIHwgS2FyYW1iaXQgKE1vbmFyY2ggQmx1ZSk=,5839.csv,1685026212656,Sealed Graffiti | Karambit (Monarch Blue)
U2VhbGVkIEdyYWZmaXRpIHwgS2FyYW1iaXQgKE1vbnN0ZXIgUHVycGxlKQ==,5840.csv,1685025974889,Sealed Graffiti | Karambit (Monster Purple)
U2VhbGVkIEdyYWZmaXRpIHwgS2FyYW1iaXQgKFByaW5jZXNzIFBpbmsp,5841.csv,1685026180466,Sealed Graffiti | Karambit (Princess Pink)
U2VhbGVkIEdyYWZmaXRpIHwgS2FyYW1iaXQgKFNXQVQgQmx1ZSk=,5842.csv,1685026191286,Sealed Graffiti | Karambit (SWAT Blue)
U2VhbGVkIEdyYWZmaXRpIHwgS2FyYW1iaXQgKFNoYXJrIFdoaXRlKQ==,5843.csv,1685026019712,Sealed Graffiti | Karambit (Shark White)
U2VhbGVkIEdyYWZmaXRpIHwgS2FyYW1iaXQgKFRpZ2VyIE9yYW5nZSk=,5844.csv,1685026201922,Sealed Graffiti | Karambit (Tiger Orange)
U2VhbGVkIEdyYWZmaXRpIHwgS2FyYW1iaXQgKFRyYWNlciBZZWxsb3cp,5845.csv,1685026075163,Sealed Graffiti | Karambit (Tracer Yellow)
U2VhbGVkIEdyYWZmaXRpIHwgS2FyYW1iaXQgKFZpb2xlbnQgVmlvbGV0KQ==,5846.csv,1685026053781,Sealed Graffiti | Karambit (Violent Violet)
U2VhbGVkIEdyYWZmaXRpIHwgS2FyYW1iaXQgKFdhciBQaWcgUGluayk=,5847.csv,1685026085957,Sealed Graffiti | Karambit (War Pig Pink)
U2VhbGVkIEdyYWZmaXRpIHwgS2FyYW1iaXQgKFdpcmUgQmx1ZSk=,5848.csv,1685026064438,Sealed Graffiti | Karambit (Wire Blue)
U291dmVuaXIgR2FsaWwgQVIgfCBBbWJlciBGYWRlIChGYWN0b3J5IE5ldyk=,7265.csv,1685159501242,Souvenir Galil AR | Amber Fade (Factory New)
U291dmVuaXIgR2FsaWwgQVIgfCBBbWJlciBGYWRlIChGaWVsZC1UZXN0ZWQp,7266.csv,1685159490436,Souvenir Galil AR | Amber Fade (Field-Tested)
U291dmVuaXIgR2FsaWwgQVIgfCBBbWJlciBGYWRlIChNaW5pbWFsIFdlYXIp,7267.csv,1685159512407,Souvenir Galil AR | Amber Fade (Minimal Wear)
U291dmVuaXIgR2FsaWwgQVIgfCBBbWJlciBGYWRlIChXZWxsLVdvcm4p,7268.csv,1685159523049,Souvenir Galil AR | Amber Fade (Well-Worn)
U291dmVuaXIgTUFDLTEwIHwgQW1iZXIgRmFkZSAoRmFjdG9yeSBOZXcp,7420.csv,1684659500090,Souvenir MAC-10 | Amber Fade (Factory New)
U291dmVuaXIgTUFDLTEwIHwgQW1iZXIgRmFkZSAoRmllbGQtVGVzdGVkKQ==,7421.csv,1684659488727,Souvenir MAC-10 | Amber Fade (Field-Tested)
U291dmVuaXIgTUFDLTEwIHwgQW1iZXIgRmFkZSAoTWluaW1hbCBXZWFyKQ==,7422.csv,1684659510950,Souvenir MAC-10 | Amber Fade (Minimal Wear)
U291dmVuaXIgTUFDLTEwIHwgQW1iZXIgRmFkZSAoV2VsbC1Xb3JuKQ==,7423.csv,1684659521903,Souvenir MAC-10 | Amber Fade (Well-Worn)
U291dmVuaXIgTVA3IHwgRmFkZSAoRmFjdG9yeSBOZXcp,7546.csv,1684670360334,Souvenir MP7 | Fade (Factory New)
U291dmVuaXIgTVA3IHwgRmFkZSAoRmllbGQtVGVzdGVkKQ==,7547.csv,1684670349487,Souvenir MP7 | Fade (Field-Tested)
U291dmVuaXIgTVA3IHwgRmFkZSAoTWluaW1hbCBXZWFyKQ==,7548.csv,1684670432058,Souvenir MP7 | Fade (Minimal Wear)
U291dmVuaXIgUDIwMDAgfCBBbWJlciBGYWRlIChGYWN0b3J5IE5ldyk=,7685.csv,1684677333551,Souvenir P2000 | Amber Fade (Factory New)
U291dmVuaXIgUDIwMDAgfCBBbWJlciBGYWRlIChGaWVsZC1UZXN0ZWQp,7686.csv,1684677322608,Souvenir P2000 | Amber Fade (Field-Tested)
U291dmVuaXIgUDIwMDAgfCBBbWJlciBGYWRlIChNaW5pbWFsIFdlYXIp,7687.csv,1684677347495,Souvenir P2000 | Amber Fade (Minimal Wear)
U291dmVuaXIgUDIwMDAgfCBBbWJlciBGYWRlIChXZWxsLVdvcm4p,7688.csv,1684677361144,Souvenir P2000 | Amber Fade (Well-Worn)
U291dmVuaXIgUjggUmV2b2x2ZXIgfCBBbWJlciBGYWRlIChGYWN0b3J5IE5ldyk=,7884.csv,1684734257070,Souvenir R8 Revolver | Amber Fade (Factory New)
U291dmVuaXIgUjggUmV2b2x2ZXIgfCBBbWJlciBGYWRlIChGaWVsZC1UZXN0ZWQp,7885.csv,1684734245950,Souvenir R8 Revolver | Amber Fade (Field-Tested)
U291dmVuaXIgUjggUmV2b2x2ZXIgfCBBbWJlciBGYWRlIChNaW5pbWFsIFdlYXIp,7886.csv,1684734267957,Souvenir R8 Revolver | Amber Fade (Minimal Wear)
U291dmVuaXIgU1NHIDA4IHwgQWNpZCBGYWRlIChGYWN0b3J5IE5ldyk=,7966.csv,1684792236083,Souvenir SSG 08 | Acid Fade (Factory New)
U291dmVuaXIgU2F3ZWQtT2ZmIHwgQW1iZXIgRmFkZSAoRmFjdG9yeSBOZXcp,8006.csv,1685070853974,Souvenir Sawed-Off | Amber Fade (Factory New)
U291dmVuaXIgU2F3ZWQtT2ZmIHwgQW1iZXIgRmFkZSAoRmllbGQtVGVzdGVkKQ==,8007.csv,1685070843318,Souvenir Sawed-Off | Amber Fade (Field-Tested)
U291dmVuaXIgU2F3ZWQtT2ZmIHwgQW1iZXIgRmFkZSAoTWluaW1hbCBXZWFyKQ==,8008.csv,1685070864607,Souvenir Sawed-Off | Amber Fade (Minimal Wear)
U291dmVuaXIgU2F3ZWQtT2ZmIHwgQW1iZXIgRmFkZSAoV2VsbC1Xb3JuKQ==,8009.csv,1685070875265,Souvenir Sawed-Off | Amber Fade (Well-Worn)
U291dmVuaXIgVU1QLTQ1IHwgRmFkZSAoRmFjdG9yeSBOZXcp,8093.csv,1684799207366,Souvenir UMP-45 | Fade (Factory New)
U291dmVuaXIgVU1QLTQ1IHwgRmFkZSAoTWluaW1hbCBXZWFyKQ==,8094.csv,1684799218009,Souvenir UMP-45 | Fade (Minimal Wear)
U3RhdFRyYWvihKIgQUstNDcgfCBBc2lpbW92IChCYXR0bGUtU2NhcnJlZCk=,8226.csv,1684580611101,StatTrak™ AK-47 | Asiimov (Battle-Scarred)
U3RhdFRyYWvihKIgQUstNDcgfCBBc2lpbW92IChGYWN0b3J5IE5ldyk=,8227.csv,1684580599688,StatTrak™ AK-47 | Asiimov (Factory New)
U3RhdFRyYWvihKIgQUstNDcgfCBBc2lpbW92IChGaWVsZC1UZXN0ZWQp,8228.csv,1684580588728,StatTrak™ AK-47 | Asiimov (Field-Tested)
U3RhdFRyYWvihKIgQUstNDcgfCBBc2lpbW92IChNaW5pbWFsIFdlYXIp,8229.csv,1684580621646,StatTrak™ AK-47 | Asiimov (Minimal Wear)
U3RhdFRyYWvihKIgQUstNDcgfCBBc2lpbW92IChXZWxsLVdvcm4p,8230.csv,1684580632417,StatTrak™ AK-47 | Asiimov (Well-Worn)
U3RhdFRyYWvihKIgQUstNDcgfCBGaXJlIFNlcnBlbnQgKFdlbGwtV29ybik=,8254.csv,1684581333024,StatTrak™ AK-47 | Fire Serpent (Well-Worn)
U3RhdFRyYWvihKIgQUstNDcgfCBMZWV0IE11c2VvIChCYXR0bGUtU2NhcnJlZCk=,8279.csv,1684581087153,StatTrak™ AK-47 | Leet Museo (Battle-Scarred)
U3RhdFRyYWvihKIgQUstNDcgfCBMZWV0IE11c2VvIChGYWN0b3J5IE5ldyk=,8280.csv,1684581076347,StatTrak™ AK-47 | Leet Museo (Factory New)
U3RhdFRyYWvihKIgQUstNDcgfCBMZWV0IE11c2VvIChGaWVsZC1UZXN0ZWQp,8281.csv,1684581065701,StatTrak™ AK-47 | Leet Museo (Field-Tested)
U3RhdFRyYWvihKIgQUstNDcgfCBMZWV0IE11c2VvIChNaW5pbWFsIFdlYXIp,8282.csv,1684581097910,StatTrak™ AK-47 | Leet Museo (Minimal Wear)
U3RhdFRyYWvihKIgQUstNDcgfCBMZWV0IE11c2VvIChXZWxsLVdvcm4p,8283.csv,1684581169720,StatTrak™ AK-47 | Leet Museo (Well-Worn)
U3RhdFRyYWvihKIgQUstNDcgfCBSZWRsaW5lIChCYXR0bGUtU2NhcnJlZCk=,8328.csv,1684581567600,StatTrak™ AK-47 | Redline (Battle-Scarred)
U3RhdFRyYWvihKIgQUstNDcgfCBSZWRsaW5lIChGaWVsZC1UZXN0ZWQp,8329.csv,1684581556888,StatTrak™ AK-47 | Redline (Field-Tested)
U3RhdFRyYWvihKIgQUstNDcgfCBSZWRsaW5lIChNaW5pbWFsIFdlYXIp,8330.csv,1684581578538,StatTrak™ AK-47 | Redline (Minimal Wear)
U3RhdFRyYWvihKIgQUstNDcgfCBSZWRsaW5lIChXZWxsLVdvcm4p,8331.csv,1684581589338,StatTrak™ AK-47 | Redline (Well-Worn)
U3RhdFRyYWvihKIgQUstNDcgfCBWdWxjYW4gKEJhdHRsZS1TY2FycmVkKQ==,8347.csv,1684581300597,StatTrak™ AK-47 | Vulcan (Battle-Scarred)
U3RhdFRyYWvihKIgQUstNDcgfCBWdWxjYW4gKEZpZWxkLVRlc3RlZCk=,8348.csv,1684581289893,StatTrak™ AK-47 | Vulcan (Field-Tested)
U3RhdFRyYWvihKIgQUstNDcgfCBWdWxjYW4gKE1pbmltYWwgV2Vhcik=,8349.csv,1684581311319,StatTrak™ AK-47 | Vulcan (Minimal Wear)
U3RhdFRyYWvihKIgQUstNDcgfCBWdWxjYW4gKFdlbGwtV29ybik=,8350.csv,1684581322457,StatTrak™ AK-47 | Vulcan (Well-Worn)
U3RhdFRyYWvihKIgQVdQIHwgQXNpaW1vdiAoQmF0dGxlLVNjYXJyZWQp,8432.csv,1684584483822,StatTrak™ AWP | Asiimov (Battle-Scarred)
U3RhdFRyYWvihKIgQVdQIHwgQXNpaW1vdiAoRmllbGQtVGVzdGVkKQ==,8433.csv,1684584470439,StatTrak™ AWP | Asiimov (Field-Tested)
U3RhdFRyYWvihKIgQVdQIHwgQXNpaW1vdiAoV2VsbC1Xb3JuKQ==,8434.csv,1684584557612,StatTrak™ AWP | Asiimov (Well-Worn)
U3RhdFRyYWvihKIgQVdQIHwgSHlwZXIgQmVhc3QgKEJhdHRsZS1TY2FycmVkKQ==,8487.csv,1684584725372,StatTrak™ AWP | Hyper Beast (Battle-Scarred)
U3RhdFRyYWvihKIgQVdQIHwgSHlwZXIgQmVhc3QgKEZhY3RvcnkgTmV3KQ==,8488.csv,1684584714737,StatTrak™ AWP | Hyper Beast (Factory New)
U3RhdFRyYWvihKIgQVdQIHwgSHlwZXIgQmVhc3QgKEZpZWxkLVRlc3RlZCk=,8489.csv,1684584702393,StatTrak™ AWP | Hyper Beast (Field-Tested)
U3RhdFRyYWvihKIgQVdQIHwgSHlwZXIgQmVhc3QgKE1pbmltYWwgV2Vhcik=,8490.csv,1684584736460,StatTrak™ AWP | Hyper Beast (Minimal Wear)
U3RhdFRyYWvihKIgQVdQIHwgSHlwZXIgQmVhc3QgKFdlbGwtV29ybik=,8491.csv,1684584748705,StatTrak™ AWP | Hyper Beast (Well-Worn)
U3RhdFRyYWvihKIgQVdQIHwgTmVvLU5vaXIgKEJhdHRsZS1TY2FycmVkKQ==,8500.csv,1684585716346,StatTrak™ AWP | Neo-Noir (Battle-Scarred)
U3RhdFRyYWvihKIgQVdQIHwgTmVvLU5vaXIgKEZhY3RvcnkgTmV3KQ==,8501.csv,1684585705703,StatTrak™ AWP | Neo-Noir (Factory New)
U3RhdFRyYWvihKIgQVdQIHwgTmVvLU5vaXIgKEZpZWxkLVRlc3RlZCk=,8502.csv,1684585694694,StatTrak™ AWP | Neo-Noir (Field-Tested)
U3RhdFRyYWvihKIgQVdQIHwgTmVvLU5vaXIgKE1pbmltYWwgV2Vhcik=,8503.csv,1684585726949,StatTrak™ AWP | Neo-Noir (Minimal Wear)
U3RhdFRyYWvihKIgQVdQIHwgTmVvLU5vaXIgKFdlbGwtV29ybik=,8504.csv,1684585737590,StatTrak™ AWP | Neo-Noir (Well-Worn)
U3RhdFRyYWvihKIgQVdQIHwgUmVkbGluZSAoRmllbGQtVGVzdGVkKQ==,8518.csv,1684585367792,StatTrak™ AWP | Redline (Field-Tested)
U3RhdFRyYWvihKIgQVdQIHwgUmVkbGluZSAoTWluaW1hbCBXZWFyKQ==,8519.csv,1684585378544,StatTrak™ AWP | Redline (Minimal Wear)
U3RhdFRyYWvihKIgQVdQIHwgUmVkbGluZSAoV2VsbC1Xb3JuKQ==,8520.csv,1684585389513,StatTrak™ AWP | Redline (Well-Worn)
U3RhdFRyYWvihKIgRGVzZXJ0IEVhZ2xlIHwgUHJpbnRzdHJlYW0gKEJhdHRsZS1TY2FycmVkKQ==,8695.csv,1685089393001,StatTrak™ Desert Eagle | Printstream (Battle-Scarred)
U3RhdFRyYWvihKIgRGVzZXJ0IEVhZ2xlIHwgUHJpbnRzdHJlYW0gKEZhY3RvcnkgTmV3KQ==,8696.csv,1685089321393,StatTrak™ Desert Eagle | Printstream (Factory New)
U3RhdFRyYWvihKIgRGVzZXJ0IEVhZ2xlIHwgUHJpbnRzdHJlYW0gKEZpZWxkLVRlc3RlZCk=,8697.csv,1685089310373,StatTrak™ Desert Eagle | Printstream (Field-Tested)
U3RhdFRyYWvihKIgRGVzZXJ0IEVhZ2xlIHwgUHJpbnRzdHJlYW0gKE1pbmltYWwgV2Vhcik=,8698.csv,1685089299598,StatTrak™ Desert Eagle | Printstream (Minimal Wear)
U3RhdFRyYWvihKIgRGVzZXJ0IEVhZ2xlIHwgUHJpbnRzdHJlYW0gKFdlbGwtV29ybik=,8699.csv,1685089403666,StatTrak™ Desert Eagle | Printstream (Well-Worn)
U3RhdFRyYWvihKIgRml2ZS1TZXZlTiB8IEh5cGVyIEJlYXN0IChCYXR0bGUtU2NhcnJlZCk=,8921.csv,1684588568850,StatTrak™ Five-SeveN | Hyper Beast (Battle-Scarred)
U3RhdFRyYWvihKIgRml2ZS1TZXZlTiB8IEh5cGVyIEJlYXN0IChGYWN0b3J5IE5ldyk=,8922.csv,1684588557781,StatTrak™ Five-SeveN | Hyper Beast (Factory New)
U3RhdFRyYWvihKIgRml2ZS1TZXZlTiB8IEh5cGVyIEJlYXN0IChGaWVsZC1UZXN0ZWQp,8923.csv,1684588546312,StatTrak™ Five-SeveN | Hyper Beast (Field-Tested)
U3RhdFRyYWvihKIgRml2ZS1TZXZlTiB8IEh5cGVyIEJlYXN0IChNaW5pbWFsIFdlYXIp,8924.csv,1684588579566,StatTrak™ Five-SeveN | Hyper Beast (Minimal Wear)
U3RhdFRyYWvihKIgRml2ZS1TZXZlTiB8IEh5cGVyIEJlYXN0IChXZWxsLVdvcm4p,8925.csv,1684588590190,StatTrak™ Five-SeveN | Hyper Beast (Well-Worn)
U3RhdFRyYWvihKIgR2xvY2stMTggfCBOZW8tTm9pciAoQmF0dGxlLVNjYXJyZWQp,9162.csv,1685087233217,StatTrak™ Glock-18 | Neo-Noir (Battle-Scarred)
U3RhdFRyYWvihKIgR2xvY2stMTggfCBOZW8tTm9pciAoRmFjdG9yeSBOZXcp,9163.csv,1685087222597,StatTrak™ Glock-18 | Neo-Noir (Factory New)
U3RhdFRyYWvihKIgR2xvY2stMTggfCBOZW8tTm9pciAoRmllbGQtVGVzdGVkKQ==,9164.csv,1685087211827,StatTrak™ Glock-18 | Neo-Noir (Field-Tested)
U3RhdFRyYWvihKIgR2xvY2stMTggfCBOZW8tTm9pciAoTWluaW1hbCBXZWFyKQ==,9165.csv,1685087243848,StatTrak™ Glock-18 | Neo-Noir (Minimal Wear)
U3RhdFRyYWvihKIgR2xvY2stMTggfCBOZW8tTm9pciAoV2VsbC1Xb3JuKQ==,9166.csv,1685087254687,StatTrak™ Glock-18 | Neo-Noir (Well-Worn)
U3RhdFRyYWvihKIgTTRBMS1TIHwgSHlwZXIgQmVhc3QgKEJhdHRsZS1TY2FycmVkKQ==,9342.csv,1684645357497,StatTrak™ M4A1-S | Hyper Beast (Battle-Scarred)
U3RhdFRyYWvihKIgTTRBMS1TIHwgSHlwZXIgQmVhc3QgKEZhY3RvcnkgTmV3KQ==,9343.csv,1684645346892,StatTrak™ M4A1-S | Hyper Beast (Factory New)
U3RhdFRyYWvihKIgTTRBMS1TIHwgSHlwZXIgQmVhc3QgKEZpZWxkLVRlc3RlZCk=,9344.csv,1684645334931,StatTrak™ M4A1-S | Hyper Beast (Field-Tested)
U3RhdFRyYWvihKIgTTRBMS1TIHwgSHlwZXIgQmVhc3QgKE1pbmltYWwgV2Vhcik=,9345.csv,1684645368493,StatTrak™ M4A1-S | Hyper Beast (Minimal Wear)
U3RhdFRyYWvihKIgTTRBMS1TIHwgSHlwZXIgQmVhc3QgKFdlbGwtV29ybik=,9346.csv,1684645379150,StatTrak™ M4A1-S | Hyper Beast (Well-Worn)
U3RhdFRyYWvihKIgTTRBMS1TIHwgUHJpbnRzdHJlYW0gKEJhdHRsZS1TY2FycmVkKQ==,9372.csv,1684645024986,StatTrak™ M4A1-S | Printstream (Battle-Scarred)
U3RhdFRyYWvihKIgTTRBMS1TIHwgUHJpbnRzdHJlYW0gKEZhY3RvcnkgTmV3KQ==,9373.csv,1684645014438,StatTrak™ M4A1-S | Printstream (Factory New)
U3RhdFRyYWvihKIgTTRBMS1TIHwgUHJpbnRzdHJlYW0gKEZpZWxkLVRlc3RlZCk=,9374.csv,1684645003908,StatTrak™ M4A1-S | Printstream (Field-Tested)
U3RhdFRyYWvihKIgTTRBMS1TIHwgUHJpbnRzdHJlYW0gKE1pbmltYWwgV2Vhcik=,9375.csv,1684645035626,StatTrak™ M4A1-S | Printstream (Minimal Wear)
U3RhdFRyYWvihKIgTTRBMS1TIHwgUHJpbnRzdHJlYW0gKFdlbGwtV29ybik=,9376.csv,1684645046259,StatTrak™ M4A1-S | Printstream (Well-Worn)
U3RhdFRyYWvihKIgTTRBNCB8IEFzaWltb3YgKEJhdHRsZS1TY2FycmVkKQ==,9377.csv,1684649087744,StatTrak™ M4A4 | Asiimov (Battle-Scarred)
U3RhdFRyYWvihKIgTTRBNCB8IEFzaWltb3YgKEZpZWxkLVRlc3RlZCk=,9378.csv,1684649076860,StatTrak™ M4A4 | Asiimov (Field-Tested)
U3RhdFRyYWvihKIgTTRBNCB8IEFzaWltb3YgKFdlbGwtV29ybik=,9379.csv,1684649098436,StatTrak™ M4A4 | Asiimov (Well-Worn)
U3RhdFRyYWvihKIgTTRBNCB8IEZhZGVkIFplYnJhIChCYXR0bGUtU2NhcnJlZCk=,9409.csv,1684649896090,StatTrak™ M4A4 | Faded Zebra (Battle-Scarred)
U3RhdFRyYWvihKIgTTRBNCB8IEZhZGVkIFplYnJhIChGYWN0b3J5IE5ldyk=,9410.csv,1684649885264,StatTrak™ M4A4 | Faded Zebra (Factory New)
U3RhdFRyYWvihKIgTTRBNCB8IEZhZGVkIFplYnJhIChGaWVsZC1UZXN0ZWQp,9411.csv,1684649874566,StatTrak™ M4A4 | Faded Zebra (Field-Tested)
U3RhdFRyYWvihKIgTTRBNCB8IEZhZGVkIFplYnJhIChNaW5pbWFsIFdlYXIp,9412.csv,1684649906846,StatTrak™ M4A4 | Faded Zebra (Minimal Wear)
U3RhdFRyYWvihKIgTTRBNCB8IEZhZGVkIFplYnJhIChXZWxsLVdvcm4p,9413.csv,1684649917496,StatTrak™ M4A4 | Faded Zebra (Well-Worn)
U3RhdFRyYWvihKIgTTRBNCB8IE5lby1Ob2lyIChCYXR0bGUtU2NhcnJlZCk=,9434.csv,1684650339797,StatTrak™ M4A4 | Neo-Noir (Battle-Scarred)
U3RhdFRyYWvihKIgTTRBNCB8IE5lby1Ob2lyIChGYWN0b3J5IE5ldyk=,9435.csv,1684650329195,StatTrak™ M4A4 | Neo-Noir (Factory New)
U3RhdFRyYWvihKIgTTRBNCB8IE5lby1Ob2lyIChGaWVsZC1UZXN0ZWQp,9436.csv,1684650318663,StatTrak™ M4A4 | Neo-Noir (Field-Tested)
U3RhdFRyYWvihKIgTTRBNCB8IE5lby1Ob2lyIChNaW5pbWFsIFdlYXIp,9437.csv,1684650350478,StatTrak™ M4A4 | Neo-Noir (Minimal Wear)
U3RhdFRyYWvihKIgTTRBNCB8IE5lby1Ob2lyIChXZWxsLVdvcm4p,9438.csv,1684650361359,StatTrak™ M4A4 | Neo-Noir (Well-Worn)
U3RhdFRyYWvihKIgTm92YSB8IEh5cGVyIEJlYXN0IChCYXR0bGUtU2NhcnJlZCk=,10011.csv,1685078282002,StatTrak™ Nova | Hyper Beast (Battle-Scarred)
U3RhdFRyYWvihKIgTm92YSB8IEh5cGVyIEJlYXN0IChGYWN0b3J5IE5ldyk=,10012.csv,1685078271351,StatTrak™ Nova | Hyper Beast (Factory New)
U3RhdFRyYWvihKIgTm92YSB8IEh5cGVyIEJlYXN0IChGaWVsZC1UZXN0ZWQp,10013.csv,1685078260539,StatTrak™ Nova | Hyper Beast (Field-Tested)
U3RhdFRyYWvihKIgTm92YSB8IEh5cGVyIEJlYXN0IChNaW5pbWFsIFdlYXIp,10014.csv,1685078293060,StatTrak™ Nova | Hyper Beast (Minimal Wear)
U3RhdFRyYWvihKIgTm92YSB8IEh5cGVyIEJlYXN0IChXZWxsLVdvcm4p,10015.csv,1685078304005,StatTrak™ Nova | Hyper Beast (Well-Worn)
U3RhdFRyYWvihKIgUDI1MCB8IEFzaWltb3YgKEJhdHRsZS1TY2FycmVkKQ==,10140.csv,1684680620481,StatTrak™ P250 | Asiimov (Battle-Scarred)
U3RhdFRyYWvihKIgUDI1MCB8IEFzaWltb3YgKEZpZWxkLVRlc3RlZCk=,10141.csv,1684680609795,StatTrak™ P250 | Asiimov (Field-Tested)
U3RhdFRyYWvihKIgUDI1MCB8IEFzaWltb3YgKE1pbmltYWwgV2Vhcik=,10142.csv,1684680631234,StatTrak™ P250 | Asiimov (Minimal Wear)
U3RhdFRyYWvihKIgUDI1MCB8IEFzaWltb3YgKFdlbGwtV29ybik=,10143.csv,1684680643777,StatTrak™ P250 | Asiimov (Well-Worn)
U3RhdFRyYWvihKIgUDkwIHwgQXNpaW1vdiAoQmF0dGxlLVNjYXJyZWQp,10247.csv,1684725958654,StatTrak™ P90 | Asiimov (Battle-Scarred)
U3RhdFRyYWvihKIgUDkwIHwgQXNpaW1vdiAoRmFjdG9yeSBOZXcp,10248.csv,1684725947908,StatTrak™ P90 | Asiimov (Factory New)
U3RhdFRyYWvihKIgUDkwIHwgQXNpaW1vdiAoRmllbGQtVGVzdGVkKQ==,10249.csv,1684725937125,StatTrak™ P90 | Asiimov (Field-Tested)
U3RhdFRyYWvihKIgUDkwIHwgQXNpaW1vdiAoTWluaW1hbCBXZWFyKQ==,10250.csv,1684725969385,StatTrak™ P90 | Asiimov (Minimal Wear)
U3RhdFRyYWvihKIgUDkwIHwgQXNpaW1vdiAoV2VsbC1Xb3JuKQ==,10251.csv,1684725980181,StatTrak™ P90 | Asiimov (Well-Worn)
U3RhdFRyYWvihKIgUjggUmV2b2x2ZXIgfCBGYWRlIChGYWN0b3J5IE5ldyk=,10445.csv,1684733540789,StatTrak™ R8 Revolver | Fade (Factory New)
U3RhdFRyYWvihKIgUjggUmV2b2x2ZXIgfCBGYWRlIChGaWVsZC1UZXN0ZWQp,10446.csv,1684733469043,StatTrak™ R8 Revolver | Fade (Field-Tested)
U3RhdFRyYWvihKIgUjggUmV2b2x2ZXIgfCBGYWRlIChNaW5pbWFsIFdlYXIp,10447.csv,1684733551967,StatTrak™ R8 Revolver | Fade (Minimal Wear)
U3RhdFRyYWvihKIgUjggUmV2b2x2ZXIgfCBGYWRlIChXZWxsLVdvcm4p,10448.csv,1684733563561,StatTrak™ R8 Revolver | Fade (Well-Worn)
U3RhdFRyYWvihKIgVVNQLVMgfCBOZW8tTm9pciAoQmF0dGxlLVNjYXJyZWQp,10998.csv,1684802837860,StatTrak™ USP-S | Neo-Noir (Battle-Scarred)
U3RhdFRyYWvihKIgVVNQLVMgfCBOZW8tTm9pciAoRmFjdG9yeSBOZXcp,10999.csv,1684802827210,StatTrak™ USP-S | Neo-Noir (Factory New)
U3RhdFRyYWvihKIgVVNQLVMgfCBOZW8tTm9pciAoRmllbGQtVGVzdGVkKQ==,11000.csv,1684802816495,StatTrak™ USP-S | Neo-Noir (Field-Tested)
U3RhdFRyYWvihKIgVVNQLVMgfCBOZW8tTm9pciAoTWluaW1hbCBXZWFyKQ==,11001.csv,1684802848473,StatTrak™ USP-S | Neo-Noir (Minimal Wear)
U3RhdFRyYWvihKIgVVNQLVMgfCBOZW8tTm9pciAoV2VsbC1Xb3JuKQ==,11002.csv,1684802859222,StatTrak™ USP-S | Neo-Noir (Well-Worn)
U3RhdFRyYWvihKIgVVNQLVMgfCBQcmludHN0cmVhbSAoQmF0dGxlLVNjYXJyZWQp,11013.csv,1684801954278,StatTrak™ USP-S | Printstream (Battle-Scarred)
U3RhdFRyYWvihKIgVVNQLVMgfCBQcmludHN0cmVhbSAoRmFjdG9yeSBOZXcp,11014.csv,1684801943757,StatTrak™ USP-S | Printstream (Factory New)
U3RhdFRyYWvihKIgVVNQLVMgfCBQcmludHN0cmVhbSAoRmllbGQtVGVzdGVkKQ==,11015.csv,1684801933198,StatTrak™ USP-S | Printstream (Field-Tested)
U3RhdFRyYWvihKIgVVNQLVMgfCBQcmludHN0cmVhbSAoTWluaW1hbCBXZWFyKQ==,11016.csv,1684801964952,StatTrak™ USP-S | Printstream (Minimal Wear)
U3RhdFRyYWvihKIgVVNQLVMgfCBQcmludHN0cmVhbSAoV2VsbC1Xb3JuKQ==,11017.csv,1684802036913,StatTrak™ USP-S | Printstream (Well-Worn)
U3RpY2tlciB8IEJhYnkgRmlyZSBTZXJwZW50,11399.csv,1685000798752,Sticker | Baby Fire Serpent
U3RpY2tlciB8IEJhYnkgSG93bA==,11400.csv,1685000777646,Sticker | Baby Howl
U3RpY2tlciB8IERvcHBsZXIgUG9pc29uIEZyb2cgKEZvaWwp,11770.csv,1685002890276,Sticker | Doppler Poison Frog (Foil)
U3RpY2tlciB8IEZhZGUgTGV0aGFs,12085.csv,1685004798471,Sticker | Fade Lethal
U3RpY2tlciB8IEZpcmUgU2VycGVudCBTdXJmIEsgKEZvaWwp,12129.csv,1685003153355,Sticker | Fire Serpent Surf K (Foil)
U3RpY2tlciB8IEhvd2xpbmcgRGF3bg==,12643.csv,1684999883861,Sticker | Howling Dawn
U3RpY2tlciB8IFN0aW5nIExpa2UgQSBCdXR0ZXJmbHk=,14092.csv,1685005029196,Sticker | Sting Like A Butterfly
VU1QLTQ1IHwgRmFkZSAoRmFjdG9yeSBOZXcp,17376.csv,1684796746082,UMP-45 | Fade (Factory New)
VU1QLTQ1IHwgRmFkZSAoTWluaW1hbCBXZWFyKQ==,17377.csv,1684796757032,UMP-45 | Fade (Minimal Wear)
VVNQLVMgfCBOZW8tTm9pciAoQmF0dGxlLVNjYXJyZWQp,17561.csv,1684801570136,USP-S | Neo-Noir (Battle-Scarred)
VVNQLVMgfCBOZW8tTm9pciAoRmFjdG9yeSBOZXcp,17562.csv,1684801559320,USP-S | Neo-Noir (Factory New)
VVNQLVMgfCBOZW8tTm9pciAoRmllbGQtVGVzdGVkKQ==,17563.csv,1684801548724,USP-S | Neo-Noir (Field-Tested)
VVNQLVMgfCBOZW8tTm9pciAoTWluaW1hbCBXZWFyKQ==,17564.csv,1684801580740,USP-S | Neo-Noir (Minimal Wear)
VVNQLVMgfCBOZW8tTm9pciAoV2VsbC1Xb3JuKQ==,17565.csv,1684801591326,USP-S | Neo-Noir (Well-Worn)
VVNQLVMgfCBQcmludHN0cmVhbSAoQmF0dGxlLVNjYXJyZWQp,17592.csv,1684800079443,USP-S | Printstream (Battle-Scarred)
VVNQLVMgfCBQcmludHN0cmVhbSAoRmFjdG9yeSBOZXcp,17593.csv,1684800068721,USP-S | Printstream (Factory New)
VVNQLVMgfCBQcmludHN0cmVhbSAoRmllbGQtVGVzdGVkKQ==,17594.csv,1684799624409,USP-S | Printstream (Field-Tested)
VVNQLVMgfCBQcmludHN0cmVhbSAoTWluaW1hbCBXZWFyKQ==,17595.csv,1684800089996,USP-S | Printstream (Minimal Wear)
VVNQLVMgfCBQcmludHN0cmVhbSAoV2VsbC1Xb3JuKQ==,17596.csv,1684800100595,USP-S | Printstream (Well-Worn)
4piFIEJheW9uZXQgfCBBdXRvdHJvbmljIChCYXR0bGUtU2NhcnJlZCk=,17825.csv,1684812762183,★ Bayonet | Autotronic (Battle-Scarred)
4piFIEJheW9uZXQgfCBBdXRvdHJvbmljIChGYWN0b3J5IE5ldyk=,17826.csv,1684812748859,★ Bayonet | Autotronic (Factory New)
4piFIEJheW9uZXQgfCBBdXRvdHJvbmljIChGaWVsZC1UZXN0ZWQp,17827.csv,1684812738106,★ Bayonet | Autotronic (Field-Tested)
4piFIEJheW9uZXQgfCBBdXRvdHJvbmljIChNaW5pbWFsIFdlYXIp,17828.csv,1684812773552,★ Bayonet | Autotronic (Minimal Wear)
4piFIEJheW9uZXQgfCBCbGFjayBMYW1pbmF0ZSAoQmF0dGxlLVNjYXJyZWQp,17829.csv,1684813164545,★ Bayonet | Black Laminate (Battle-Scarred)
4piFIEJheW9uZXQgfCBCbGFjayBMYW1pbmF0ZSAoRmFjdG9yeSBOZXcp,17830.csv,1684813153544,★ Bayonet | Black Laminate (Factory New)
4piFIEJheW9uZXQgfCBCbGFjayBMYW1pbmF0ZSAoRmllbGQtVGVzdGVkKQ==,17831.csv,1684813142253,★ Bayonet | Black Laminate (Field-Tested)
4piFIEJheW9uZXQgfCBCbGFjayBMYW1pbmF0ZSAoTWluaW1hbCBXZWFyKQ==,17832.csv,1684813175641,★ Bayonet | Black Laminate (Minimal Wear)
4piFIEJheW9uZXQgfCBCbGFjayBMYW1pbmF0ZSAoV2VsbC1Xb3JuKQ==,17833.csv,1684813186700,★ Bayonet | Black Laminate (Well-Worn)
4piFIEJheW9uZXQgfCBCbHVlIFN0ZWVsIChCYXR0bGUtU2NhcnJlZCk=,17834.csv,1684812918535,★ Bayonet | Blue Steel (Battle-Scarred)
4piFIEJheW9uZXQgfCBCbHVlIFN0ZWVsIChGYWN0b3J5IE5ldyk=,17835.csv,1684812907800,★ Bayonet | Blue Steel (Factory New)
4piFIEJheW9uZXQgfCBCbHVlIFN0ZWVsIChGaWVsZC1UZXN0ZWQp,17836.csv,1684812896456,★ Bayonet | Blue Steel (Field-Tested)
4piFIEJheW9uZXQgfCBCbHVlIFN0ZWVsIChNaW5pbWFsIFdlYXIp,17837.csv,1684812929601,★ Bayonet | Blue Steel (Minimal Wear)
4piFIEJheW9uZXQgfCBCbHVlIFN0ZWVsIChXZWxsLVdvcm4p,17838.csv,1684812940703,★ Bayonet | Blue Steel (Well-Worn)
4piFIEJheW9uZXQgfCBCb3JlYWwgRm9yZXN0IChCYXR0bGUtU2NhcnJlZCk=,17839.csv,1684812160385,★ Bayonet | Boreal Forest (Battle-Scarred)
4piFIEJheW9uZXQgfCBCb3JlYWwgRm9yZXN0IChGaWVsZC1UZXN0ZWQp,17840.csv,1684812149739,★ Bayonet | Boreal Forest (Field-Tested)
4piFIEJheW9uZXQgfCBCb3JlYWwgRm9yZXN0IChNaW5pbWFsIFdlYXIp,17841.csv,1684812171051,★ Bayonet | Boreal Forest (Minimal Wear)
4piFIEJheW9uZXQgfCBCb3JlYWwgRm9yZXN0IChXZWxsLVdvcm4p,17842.csv,1684812181692,★ Bayonet | Boreal Forest (Well-Worn)
4piFIEJheW9uZXQgfCBCcmlnaHQgV2F0ZXIgKEZhY3RvcnkgTmV3KQ==,17843.csv,1684812585173,★ Bayonet | Bright Water (Factory New)
4piFIEJheW9uZXQgfCBCcmlnaHQgV2F0ZXIgKEZpZWxkLVRlc3RlZCk=,17844.csv,1684812574040,★ Bayonet | Bright Water (Field-Tested)
4piFIEJheW9uZXQgfCBCcmlnaHQgV2F0ZXIgKE1pbmltYWwgV2Vhcik=,17845.csv,1684812658759,★ Bayonet | Bright Water (Minimal Wear)
4piFIEJheW9uZXQgfCBCcmlnaHQgV2F0ZXIgKFdlbGwtV29ybik=,17846.csv,1684812670749,★ Bayonet | Bright Water (Well-Worn)
4piFIEJheW9uZXQgfCBDYXNlIEhhcmRlbmVkIChCYXR0bGUtU2NhcnJlZCk=,17847.csv,1684813056169,★ Bayonet | Case Hardened (Battle-Scarred)
4piFIEJheW9uZXQgfCBDYXNlIEhhcmRlbmVkIChGYWN0b3J5IE5ldyk=,17848.csv,1684813044947,★ Bayonet | Case Hardened (Factory New)
4piFIEJheW9uZXQgfCBDYXNlIEhhcmRlbmVkIChGaWVsZC1UZXN0ZWQp,17849.csv,1684813033874,★ Bayonet | Case Hardened (Field-Tested)
4piFIEJheW9uZXQgfCBDYXNlIEhhcmRlbmVkIChNaW5pbWFsIFdlYXIp,17850.csv,1684813067310,★ Bayonet | Case Hardened (Minimal Wear)
4piFIEJheW9uZXQgfCBDYXNlIEhhcmRlbmVkIChXZWxsLVdvcm4p,17851.csv,1684813078204,★ Bayonet | Case Hardened (Well-Worn)
4piFIEJheW9uZXQgfCBDcmltc29uIFdlYiAoQmF0dGxlLVNjYXJyZWQp,17852.csv,1684812513582,★ Bayonet | Crimson Web (Battle-Scarred)
4piFIEJheW9uZXQgfCBDcmltc29uIFdlYiAoRmllbGQtVGVzdGVkKQ==,17853.csv,1684812502385,★ Bayonet | Crimson Web (Field-Tested)
4piFIEJheW9uZXQgfCBDcmltc29uIFdlYiAoTWluaW1hbCBXZWFyKQ==,17854.csv,1684812527437,★ Bayonet | Crimson Web (Minimal Wear)
4piFIEJheW9uZXQgfCBDcmltc29uIFdlYiAoV2VsbC1Xb3JuKQ==,17855.csv,1684812539339,★ Bayonet | Crimson Web (Well-Worn)
4piFIEJheW9uZXQgfCBEYW1hc2N1cyBTdGVlbCAoRmFjdG9yeSBOZXcp,17856.csv,1684812351288,★ Bayonet | Damascus Steel (Factory New)
4piFIEJheW9uZXQgfCBEYW1hc2N1cyBTdGVlbCAoRmllbGQtVGVzdGVkKQ==,17857.csv,1684812340162,★ Bayonet | Damascus Steel (Field-Tested)
4piFIEJheW9uZXQgfCBEYW1hc2N1cyBTdGVlbCAoTWluaW1hbCBXZWFyKQ==,17858.csv,1684812361939,★ Bayonet | Damascus Steel (Minimal Wear)
4piFIEJheW9uZXQgfCBEYW1hc2N1cyBTdGVlbCAoV2VsbC1Xb3JuKQ==,17859.csv,1684812372488,★ Bayonet | Damascus Steel (Well-Worn)
4piFIEJheW9uZXQgfCBEb3BwbGVyIChGYWN0b3J5IE5ldyk=,17860.csv,1684812318479,★ Bayonet | Doppler (Factory New)
4piFIEJheW9uZXQgfCBEb3BwbGVyIChNaW5pbWFsIFdlYXIp,17861.csv,1684812329357,★ Bayonet | Doppler (Minimal Wear)
4piFIEJheW9uZXQgfCBGYWRlIChGYWN0b3J5IE5ldyk=,17862.csv,1684812551916,★ Bayonet | Fade (Factory New)
4piFIEJheW9uZXQgfCBGb3Jlc3QgRERQQVQgKEJhdHRsZS1TY2FycmVkKQ==,17863.csv,1684812480662,★ Bayonet | Forest DDPAT (Battle-Scarred)
4piFIEJheW9uZXQgfCBGb3Jlc3QgRERQQVQgKEZpZWxkLVRlc3RlZCk=,17864.csv,1684812469868,★ Bayonet | Forest DDPAT (Field-Tested)
4piFIEJheW9uZXQgfCBGb3Jlc3QgRERQQVQgKE1pbmltYWwgV2Vhcik=,17865.csv,1684812491656,★ Bayonet | Forest DDPAT (Minimal Wear)
4piFIEJheW9uZXQgfCBGcmVlaGFuZCAoRmFjdG9yeSBOZXcp,17866.csv,1684812795826,★ Bayonet | Freehand (Factory New)
4piFIEJheW9uZXQgfCBGcmVlaGFuZCAoRmllbGQtVGVzdGVkKQ==,17867.csv,1684812784696,★ Bayonet | Freehand (Field-Tested)
4piFIEJheW9uZXQgfCBGcmVlaGFuZCAoTWluaW1hbCBXZWFyKQ==,17868.csv,1684812807808,★ Bayonet | Freehand (Minimal Wear)
4piFIEJheW9uZXQgfCBGcmVlaGFuZCAoV2VsbC1Xb3JuKQ==,17869.csv,1684812821791,★ Bayonet | Freehand (Well-Worn)
4piFIEJheW9uZXQgfCBHYW1tYSBEb3BwbGVyIChGYWN0b3J5IE5ldyk=,17870.csv,1684812128479,★ Bayonet | Gamma Doppler (Factory New)
4piFIEJheW9uZXQgfCBHYW1tYSBEb3BwbGVyIChNaW5pbWFsIFdlYXIp,17871.csv,1684812139134,★ Bayonet | Gamma Doppler (Minimal Wear)
4piFIEJheW9uZXQgfCBMb3JlIChCYXR0bGUtU2NhcnJlZCk=,17872.csv,1684812096446,★ Bayonet | Lore (Battle-Scarred)
4piFIEJheW9uZXQgfCBMb3JlIChGaWVsZC1UZXN0ZWQp,17873.csv,1684812085210,★ Bayonet | Lore (Field-Tested)
4piFIEJheW9uZXQgfCBMb3JlIChNaW5pbWFsIFdlYXIp,17874.csv,1684812107176,★ Bayonet | Lore (Minimal Wear)
4piFIEJheW9uZXQgfCBMb3JlIChXZWxsLVdvcm4p,17875.csv,1684812117797,★ Bayonet | Lore (Well-Worn)
4piFIEJheW9uZXQgfCBNYXJibGUgRmFkZSAoRmFjdG9yeSBOZXcp,17876.csv,1684812562984,★ Bayonet | Marble Fade (Factory New)
4piFIEJheW9uZXQgfCBOaWdodCAoQmF0dGxlLVNjYXJyZWQp,17877.csv,1684812203778,★ Bayonet | Night (Battle-Scarred)
4piFIEJheW9uZXQgfCBOaWdodCAoRmllbGQtVGVzdGVkKQ==,17878.csv,1684812192505,★ Bayonet | Night (Field-Tested)
4piFIEJheW9uZXQgfCBOaWdodCAoTWluaW1hbCBXZWFyKQ==,17879.csv,1684812214671,★ Bayonet | Night (Minimal Wear)
4piFIEJheW9uZXQgfCBOaWdodCAoV2VsbC1Xb3JuKQ==,17880.csv,1684812225336,★ Bayonet | Night (Well-Worn)
4piFIEJheW9uZXQgfCBSdXN0IENvYXQgKEJhdHRsZS1TY2FycmVkKQ==,17881.csv,1684812235972,★ Bayonet | Rust Coat (Battle-Scarred)
4piFIEJheW9uZXQgfCBSdXN0IENvYXQgKFdlbGwtV29ybik=,17882.csv,1684812246547,★ Bayonet | Rust Coat (Well-Worn)
4piFIEJheW9uZXQgfCBTYWZhcmkgTWVzaCAoQmF0dGxlLVNjYXJyZWQp,17883.csv,1684812704628,★ Bayonet | Safari Mesh (Battle-Scarred)
4piFIEJheW9uZXQgfCBTYWZhcmkgTWVzaCAoRmFjdG9yeSBOZXcp,17884.csv,1684812693446,★ Bayonet | Safari Mesh (Factory New)
4piFIEJheW9uZXQgfCBTYWZhcmkgTWVzaCAoRmllbGQtVGVzdGVkKQ==,17885.csv,1684812682544,★ Bayonet | Safari Mesh (Field-Tested)
4piFIEJheW9uZXQgfCBTYWZhcmkgTWVzaCAoTWluaW1hbCBXZWFyKQ==,17886.csv,1684812715586,★ Bayonet | Safari Mesh (Minimal Wear)
4piFIEJheW9uZXQgfCBTYWZhcmkgTWVzaCAoV2VsbC1Xb3JuKQ==,17887.csv,1684812727340,★ Bayonet | Safari Mesh (Well-Worn)
4piFIEJheW9uZXQgfCBTY29yY2hlZCAoQmF0dGxlLVNjYXJyZWQp,17888.csv,1684812437703,★ Bayonet | Scorched (Battle-Scarred)
4piFIEJheW9uZXQgfCBTY29yY2hlZCAoRmFjdG9yeSBOZXcp,17889.csv,1684812427022,★ Bayonet | Scorched (Factory New)
4piFIEJheW9uZXQgfCBTY29yY2hlZCAoRmllbGQtVGVzdGVkKQ==,17890.csv,1684812416048,★ Bayonet | Scorched (Field-Tested)
4piFIEJheW9uZXQgfCBTY29yY2hlZCAoTWluaW1hbCBXZWFyKQ==,17891.csv,1684812448378,★ Bayonet | Scorched (Minimal Wear)
4piFIEJheW9uZXQgfCBTY29yY2hlZCAoV2VsbC1Xb3JuKQ==,17892.csv,1684812459060,★ Bayonet | Scorched (Well-Worn)
4piFIEJheW9uZXQgfCBTbGF1Z2h0ZXIgKEZhY3RvcnkgTmV3KQ==,17893.csv,1684812393845,★ Bayonet | Slaughter (Factory New)
4piFIEJheW9uZXQgfCBTbGF1Z2h0ZXIgKEZpZWxkLVRlc3RlZCk=,17894.csv,1684812383175,★ Bayonet | Slaughter (Field-Tested)
4piFIEJheW9uZXQgfCBTbGF1Z2h0ZXIgKE1pbmltYWwgV2Vhcik=,17895.csv,1684812404922,★ Bayonet | Slaughter (Minimal Wear)
4piFIEJheW9uZXQgfCBTdGFpbmVkIChCYXR0bGUtU2NhcnJlZCk=,17896.csv,1684812052642,★ Bayonet | Stained (Battle-Scarred)
4piFIEJheW9uZXQgfCBTdGFpbmVkIChGYWN0b3J5IE5ldyk=,17897.csv,1684812041757,★ Bayonet | Stained (Factory New)
4piFIEJheW9uZXQgfCBTdGFpbmVkIChGaWVsZC1UZXN0ZWQp,17898.csv,1684812031168,★ Bayonet | Stained (Field-Tested)
4piFIEJheW9uZXQgfCBTdGFpbmVkIChNaW5pbWFsIFdlYXIp,17899.csv,1684812063612,★ Bayonet | Stained (Minimal Wear)
4piFIEJheW9uZXQgfCBTdGFpbmVkIChXZWxsLVdvcm4p,17900.csv,1684812074350,★ Bayonet | Stained (Well-Worn)
4piFIEJheW9uZXQgfCBUaWdlciBUb290aCAoRmFjdG9yeSBOZXcp,17901.csv,1684813020269,★ Bayonet | Tiger Tooth (Factory New)
4piFIEJheW9uZXQgfCBVbHRyYXZpb2xldCAoQmF0dGxlLVNjYXJyZWQp,17902.csv,1684812854726,★ Bayonet | Ultraviolet (Battle-Scarred)
4piFIEJheW9uZXQgfCBVbHRyYXZpb2xldCAoRmFjdG9yeSBOZXcp,17903.csv,1684812843566,★ Bayonet | Ultraviolet (Factory New)
4piFIEJheW9uZXQgfCBVbHRyYXZpb2xldCAoRmllbGQtVGVzdGVkKQ==,17904.csv,1684812832807,★ Bayonet | Ultraviolet (Field-Tested)
4piFIEJheW9uZXQgfCBVbHRyYXZpb2xldCAoTWluaW1hbCBXZWFyKQ==,17905.csv,1684812873924,★ Bayonet | Ultraviolet (Minimal Wear)
4piFIEJheW9uZXQgfCBVbHRyYXZpb2xldCAoV2VsbC1Xb3JuKQ==,17906.csv,1684812884825,★ Bayonet | Ultraviolet (Well-Worn)
4piFIEJheW9uZXQgfCBVcmJhbiBNYXNrZWQgKEJhdHRsZS1TY2FycmVkKQ==,17907.csv,1684813107503,★ Bayonet | Urban Masked (Battle-Scarred)
4piFIEJheW9uZXQgfCBVcmJhbiBNYXNrZWQgKEZpZWxkLVRlc3RlZCk=,17908.csv,1684813096030,★ Bayonet | Urban Masked (Field-Tested)
4piFIEJheW9uZXQgfCBVcmJhbiBNYXNrZWQgKE1pbmltYWwgV2Vhcik=,17909.csv,1684813118680,★ Bayonet | Urban Masked (Minimal Wear)
4piFIEJheW9uZXQgfCBVcmJhbiBNYXNrZWQgKFdlbGwtV29ybik=,17910.csv,1684813131108,★ Bayonet | Urban Masked (Well-Worn)
4piFIEJheW9uZXQ=,17911.csv,1684812020538,★ Bayonet
4piFIEJvd2llIEtuaWZlIHwgRG9wcGxlciAoRmFjdG9yeSBOZXcp,17970.csv,1685115041838,★ Bowie Knife | Doppler (Factory New)
4piFIEJvd2llIEtuaWZlIHwgRG9wcGxlciAoTWluaW1hbCBXZWFyKQ==,17971.csv,1685115052618,★ Bowie Knife | Doppler (Minimal Wear)
4piFIEJvd2llIEtuaWZlIHwgRmFkZSAoRmFjdG9yeSBOZXcp,17972.csv,1685115350707,★ Bowie Knife | Fade (Factory New)
4piFIEJvd2llIEtuaWZlIHwgRmFkZSAoTWluaW1hbCBXZWFyKQ==,17973.csv,1685115361364,★ Bowie Knife | Fade (Minimal Wear)
4piFIEJvd2llIEtuaWZlIHwgR2FtbWEgRG9wcGxlciAoRmFjdG9yeSBOZXcp,17983.csv,1685114882472,★ Bowie Knife | Gamma Doppler (Factory New)
4piFIEJvd2llIEtuaWZlIHwgR2FtbWEgRG9wcGxlciAoTWluaW1hbCBXZWFyKQ==,17984.csv,1685114894645,★ Bowie Knife | Gamma Doppler (Minimal Wear)
4piFIEJvd2llIEtuaWZlIHwgTWFyYmxlIEZhZGUgKEZhY3RvcnkgTmV3KQ==,17990.csv,1685115372480,★ Bowie Knife | Marble Fade (Factory New)
4piFIEJvd2llIEtuaWZlIHwgTWFyYmxlIEZhZGUgKE1pbmltYWwgV2Vhcik=,17991.csv,1685115383584,★ Bowie Knife | Marble Fade (Minimal Wear)
4piFIEJ1dHRlcmZseSBLbmlmZSB8IEF1dG90cm9uaWMgKEJhdHRsZS1TY2FycmVkKQ==,18047.csv,1685106814511,★ Butterfly Knife | Autotronic (Battle-Scarred)
4piFIEJ1dHRlcmZseSBLbmlmZSB8IEF1dG90cm9uaWMgKEZpZWxkLVRlc3RlZCk=,18048.csv,1685106803108,★ Butterfly Knife | Autotronic (Field-Tested)
4piFIEJ1dHRlcmZseSBLbmlmZSB8IEJsYWNrIExhbWluYXRlIChCYXR0bGUtU2NhcnJlZCk=,18049.csv,1685107140921,★ Butterfly Knife | Black Laminate (Battle-Scarred)
4piFIEJ1dHRlcmZseSBLbmlmZSB8IEJsYWNrIExhbWluYXRlIChGaWVsZC1UZXN0ZWQp,18050.csv,1685107130214,★ Butterfly Knife | Black Laminate (Field-Tested)
4piFIEJ1dHRlcmZseSBLbmlmZSB8IEJsYWNrIExhbWluYXRlIChNaW5pbWFsIFdlYXIp,18051.csv,1685107151616,★ Butterfly Knife | Black Laminate (Minimal Wear)
4piFIEJ1dHRlcmZseSBLbmlmZSB8IEJsYWNrIExhbWluYXRlIChXZWxsLVdvcm4p,18052.csv,1685107162622,★ Butterfly Knife | Black Laminate (Well-Worn)
4piFIEJ1dHRlcmZseSBLbmlmZSB8IEJsdWUgU3RlZWwgKEJhdHRsZS1TY2FycmVkKQ==,18053.csv,1685106933132,★ Butterfly Knife | Blue Steel (Battle-Scarred)
4piFIEJ1dHRlcmZseSBLbmlmZSB8IEJsdWUgU3RlZWwgKEZpZWxkLVRlc3RlZCk=,18054.csv,1685106922260,★ Butterfly Knife | Blue Steel (Field-Tested)
4piFIEJ1dHRlcmZseSBLbmlmZSB8IEJsdWUgU3RlZWwgKE1pbmltYWwgV2Vhcik=,18055.csv,1685106943945,★ Butterfly Knife | Blue Steel (Minimal Wear)
4piFIEJ1dHRlcmZseSBLbmlmZSB8IEJsdWUgU3RlZWwgKFdlbGwtV29ybik=,18056.csv,1685106954852,★ Butterfly Knife | Blue Steel (Well-Worn)
4piFIEJ1dHRlcmZseSBLbmlmZSB8IEJvcmVhbCBGb3Jlc3QgKEJhdHRsZS1TY2FycmVkKQ==,18057.csv,1685106335913,★ Butterfly Knife | Boreal Forest (Battle-Scarred)
4piFIEJ1dHRlcmZseSBLbmlmZSB8IEJvcmVhbCBGb3Jlc3QgKEZpZWxkLVRlc3RlZCk=,18058.csv,1685106325226,★ Butterfly Knife | Boreal Forest (Field-Tested)
4piFIEJ1dHRlcmZseSBLbmlmZSB8IEJvcmVhbCBGb3Jlc3QgKE1pbmltYWwgV2Vhcik=,18059.csv,1685106347487,★ Butterfly Knife | Boreal Forest (Minimal Wear)
4piFIEJ1dHRlcmZseSBLbmlmZSB8IEJvcmVhbCBGb3Jlc3QgKFdlbGwtV29ybik=,18060.csv,1685106358310,★ Butterfly Knife | Boreal Forest (Well-Worn)
4piFIEJ1dHRlcmZseSBLbmlmZSB8IEJyaWdodCBXYXRlciAoQmF0dGxlLVNjYXJyZWQp,18061.csv,1685106658995,★ Butterfly Knife | Bright Water (Battle-Scarred)
4piFIEJ1dHRlcmZseSBLbmlmZSB8IEJyaWdodCBXYXRlciAoRmFjdG9yeSBOZXcp,18062.csv,1685106648480,★ Butterfly Knife | Bright Water (Factory New)
4piFIEJ1dHRlcmZseSBLbmlmZSB8IEJyaWdodCBXYXRlciAoRmllbGQtVGVzdGVkKQ==,18063.csv,1685106637447,★ Butterfly Knife | Bright Water (Field-Tested)
4piFIEJ1dHRlcmZseSBLbmlmZSB8IEJyaWdodCBXYXRlciAoTWluaW1hbCBXZWFyKQ==,18064.csv,1685106669975,★ Butterfly Knife | Bright Water (Minimal Wear)
4piFIEJ1dHRlcmZseSBLbmlmZSB8IEJyaWdodCBXYXRlciAoV2VsbC1Xb3JuKQ==,18065.csv,1685106683622,★ Butterfly Knife | Bright Water (Well-Worn)
4piFIEJ1dHRlcmZseSBLbmlmZSB8IENhc2UgSGFyZGVuZWQgKEJhdHRsZS1TY2FycmVkKQ==,18066.csv,1685106976906,★ Butterfly Knife | Case Hardened (Battle-Scarred)
4piFIEJ1dHRlcmZseSBLbmlmZSB8IENhc2UgSGFyZGVuZWQgKEZpZWxkLVRlc3RlZCk=,18067.csv,1685106966261,★ Butterfly Knife | Case Hardened (Field-Tested)
4piFIEJ1dHRlcmZseSBLbmlmZSB8IENhc2UgSGFyZGVuZWQgKE1pbmltYWwgV2Vhcik=,18068.csv,1685106988416,★ Butterfly Knife | Case Hardened (Minimal Wear)
4piFIEJ1dHRlcmZseSBLbmlmZSB8IENhc2UgSGFyZGVuZWQgKFdlbGwtV29ybik=,18069.csv,1685107000229,★ Butterfly Knife | Case Hardened (Well-Worn)
4piFIEJ1dHRlcmZseSBLbmlmZSB8IENyaW1zb24gV2ViIChCYXR0bGUtU2NhcnJlZCk=,18070.csv,1685106626545,★ Butterfly Knife | Crimson Web (Battle-Scarred)
4piFIEJ1dHRlcmZseSBLbmlmZSB8IENyaW1zb24gV2ViIChGaWVsZC1UZXN0ZWQp,18071.csv,1685106615292,★ Butterfly Knife | Crimson Web (Field-Tested)
4piFIEJ1dHRlcmZseSBLbmlmZSB8IERhbWFzY3VzIFN0ZWVsIChGYWN0b3J5IE5ldyk=,18072.csv,1685106495300,★ Butterfly Knife | Damascus Steel (Factory New)
4piFIEJ1dHRlcmZseSBLbmlmZSB8IERhbWFzY3VzIFN0ZWVsIChGaWVsZC1UZXN0ZWQp,18073.csv,1685106483810,★ Butterfly Knife | Damascus Steel (Field-Tested)
4piFIEJ1dHRlcmZseSBLbmlmZSB8IERhbWFzY3VzIFN0ZWVsIChNaW5pbWFsIFdlYXIp,18074.csv,1685106505818,★ Butterfly Knife | Damascus Steel (Minimal Wear)
4piFIEJ1dHRlcmZseSBLbmlmZSB8IERhbWFzY3VzIFN0ZWVsIChXZWxsLVdvcm4p,18075.csv,1685106516420,★ Butterfly Knife | Damascus Steel (Well-Worn)
4piFIEJ1dHRlcmZseSBLbmlmZSB8IEZvcmVzdCBERFBBVCAoQmF0dGxlLVNjYXJyZWQp,18076.csv,1685106582837,★ Butterfly Knife | Forest DDPAT (Battle-Scarred)
4piFIEJ1dHRlcmZseSBLbmlmZSB8IEZvcmVzdCBERFBBVCAoRmllbGQtVGVzdGVkKQ==,18077.csv,1685106571701,★ Butterfly Knife | Forest DDPAT (Field-Tested)
4piFIEJ1dHRlcmZseSBLbmlmZSB8IEZvcmVzdCBERFBBVCAoTWluaW1hbCBXZWFyKQ==,18078.csv,1685106593698,★ Butterfly Knife | Forest DDPAT (Minimal Wear)
4piFIEJ1dHRlcmZseSBLbmlmZSB8IEZvcmVzdCBERFBBVCAoV2VsbC1Xb3JuKQ==,18079.csv,1685106604378,★ Butterfly Knife | Forest DDPAT (Well-Worn)
4piFIEJ1dHRlcmZseSBLbmlmZSB8IEZyZWVoYW5kIChCYXR0bGUtU2NhcnJlZCk=,18080.csv,1685106846862,★ Butterfly Knife | Freehand (Battle-Scarred)
4piFIEJ1dHRlcmZseSBLbmlmZSB8IEZyZWVoYW5kIChGYWN0b3J5IE5ldyk=,18081.csv,1685106835717,★ Butterfly Knife | Freehand (Factory New)
4piFIEJ1dHRlcmZseSBLbmlmZSB8IEZyZWVoYW5kIChGaWVsZC1UZXN0ZWQp,18082.csv,1685106825198,★ Butterfly Knife | Freehand (Field-Tested)
4piFIEJ1dHRlcmZseSBLbmlmZSB8IEZyZWVoYW5kIChNaW5pbWFsIFdlYXIp,18083.csv,1685106857419,★ Butterfly Knife | Freehand (Minimal Wear)
4piFIEJ1dHRlcmZseSBLbmlmZSB8IEZyZWVoYW5kIChXZWxsLVdvcm4p,18084.csv,1685106868116,★ Butterfly Knife | Freehand (Well-Worn)
4piFIEJ1dHRlcmZseSBLbmlmZSB8IExvcmUgKEJhdHRsZS1TY2FycmVkKQ==,18085.csv,1685106302910,★ Butterfly Knife | Lore (Battle-Scarred)
4piFIEJ1dHRlcmZseSBLbmlmZSB8IExvcmUgKFdlbGwtV29ybik=,18086.csv,1685106314015,★ Butterfly Knife | Lore (Well-Worn)
4piFIEJ1dHRlcmZseSBLbmlmZSB8IE5pZ2h0IChCYXR0bGUtU2NhcnJlZCk=,18087.csv,1685106440749,★ Butterfly Knife | Night (Battle-Scarred)
4piFIEJ1dHRlcmZseSBLbmlmZSB8IE5pZ2h0IChGaWVsZC1UZXN0ZWQp,18088.csv,1685106429590,★ Butterfly Knife | Night (Field-Tested)
4piFIEJ1dHRlcmZseSBLbmlmZSB8IE5pZ2h0IChNaW5pbWFsIFdlYXIp,18089.csv,1685106451617,★ Butterfly Knife | Night (Minimal Wear)
4piFIEJ1dHRlcmZseSBLbmlmZSB8IE5pZ2h0IChXZWxsLVdvcm4p,18090.csv,1685162601213,★ Butterfly Knife | Night (Well-Worn)
4piFIEJ1dHRlcmZseSBLbmlmZSB8IFJ1c3QgQ29hdCAoQmF0dGxlLVNjYXJyZWQp,18091.csv,1685106462205,★ Butterfly Knife | Rust Coat (Battle-Scarred)
4piFIEJ1dHRlcmZseSBLbmlmZSB8IFJ1c3QgQ29hdCAoV2VsbC1Xb3JuKQ==,18092.csv,1685106473042,★ Butterfly Knife | Rust Coat (Well-Worn)
4piFIEJ1dHRlcmZseSBLbmlmZSB8IFNhZmFyaSBNZXNoIChCYXR0bGUtU2NhcnJlZCk=,18093.csv,1685106768649,★ Butterfly Knife | Safari Mesh (Battle-Scarred)
4piFIEJ1dHRlcmZseSBLbmlmZSB8IFNhZmFyaSBNZXNoIChGaWVsZC1UZXN0ZWQp,18094.csv,1685106697115,★ Butterfly Knife | Safari Mesh (Field-Tested)
4piFIEJ1dHRlcmZseSBLbmlmZSB8IFNhZmFyaSBNZXNoIChNaW5pbWFsIFdlYXIp,18095.csv,1685106779333,★ Butterfly Knife | Safari Mesh (Minimal Wear)
4piFIEJ1dHRlcmZseSBLbmlmZSB8IFNhZmFyaSBNZXNoIChXZWxsLVdvcm4p,18096.csv,1685106792489,★ Butterfly Knife | Safari Mesh (Well-Worn)
4piFIEJ1dHRlcmZseSBLbmlmZSB8IFNjb3JjaGVkIChCYXR0bGUtU2NhcnJlZCk=,18097.csv,1685106539092,★ Butterfly Knife | Scorched (Battle-Scarred)
4piFIEJ1dHRlcmZseSBLbmlmZSB8IFNjb3JjaGVkIChGaWVsZC1UZXN0ZWQp,18098.csv,1685106527064,★ Butterfly Knife | Scorched (Field-Tested)
4piFIEJ1dHRlcmZseSBLbmlmZSB8IFNjb3JjaGVkIChNaW5pbWFsIFdlYXIp,18099.csv,1685106549880,★ Butterfly Knife | Scorched (Minimal Wear)
4piFIEJ1dHRlcmZseSBLbmlmZSB8IFNjb3JjaGVkIChXZWxsLVdvcm4p,18100.csv,1685106560674,★ Butterfly Knife | Scorched (Well-Worn)
4piFIEJ1dHRlcmZseSBLbmlmZSB8IFN0YWluZWQgKEJhdHRsZS1TY2FycmVkKQ==,18101.csv,1685106270056,★ Butterfly Knife | Stained (Battle-Scarred)
4piFIEJ1dHRlcmZseSBLbmlmZSB8IFN0YWluZWQgKEZhY3RvcnkgTmV3KQ==,18102.csv,1685106259429,★ Butterfly Knife | Stained (Factory New)
4piFIEJ1dHRlcmZseSBLbmlmZSB8IFN0YWluZWQgKEZpZWxkLVRlc3RlZCk=,18103.csv,1685106248908,★ Butterfly Knife | Stained (Field-Tested)
4piFIEJ1dHRlcmZseSBLbmlmZSB8IFN0YWluZWQgKE1pbmltYWwgV2Vhcik=,18104.csv,1685106281246,★ Butterfly Knife | Stained (Minimal Wear)
4piFIEJ1dHRlcmZseSBLbmlmZSB8IFN0YWluZWQgKFdlbGwtV29ybik=,18105.csv,1685106291944,★ Butterfly Knife | Stained (Well-Worn)
4piFIEJ1dHRlcmZseSBLbmlmZSB8IFVsdHJhdmlvbGV0IChCYXR0bGUtU2NhcnJlZCk=,18106.csv,1685106889927,★ Butterfly Knife | Ultraviolet (Battle-Scarred)
4piFIEJ1dHRlcmZseSBLbmlmZSB8IFVsdHJhdmlvbGV0IChGaWVsZC1UZXN0ZWQp,18107.csv,1685106879251,★ Butterfly Knife | Ultraviolet (Field-Tested)
4piFIEJ1dHRlcmZseSBLbmlmZSB8IFVsdHJhdmlvbGV0IChNaW5pbWFsIFdlYXIp,18108.csv,1685106900549,★ Butterfly Knife | Ultraviolet (Minimal Wear)
4piFIEJ1dHRlcmZseSBLbmlmZSB8IFVsdHJhdmlvbGV0IChXZWxsLVdvcm4p,18109.csv,1685106911363,★ Butterfly Knife | Ultraviolet (Well-Worn)
4piFIEJ1dHRlcmZseSBLbmlmZSB8IFVyYmFuIE1hc2tlZCAoQmF0dGxlLVNjYXJyZWQp,18110.csv,1685107037455,★ Butterfly Knife | Urban Masked (Battle-Scarred)
4piFIEJ1dHRlcmZseSBLbmlmZSB8IFVyYmFuIE1hc2tlZCAoRmFjdG9yeSBOZXcp,18111.csv,1685107025279,★ Butterfly Knife | Urban Masked (Factory New)
4piFIEJ1dHRlcmZseSBLbmlmZSB8IFVyYmFuIE1hc2tlZCAoRmllbGQtVGVzdGVkKQ==,18112.csv,1685107011505,★ Butterfly Knife | Urban Masked (Field-Tested)
4piFIEJ1dHRlcmZseSBLbmlmZSB8IFVyYmFuIE1hc2tlZCAoTWluaW1hbCBXZWFyKQ==,18113.csv,1685107108910,★ Butterfly Knife | Urban Masked (Minimal Wear)
4piFIEJ1dHRlcmZseSBLbmlmZSB8IFVyYmFuIE1hc2tlZCAoV2VsbC1Xb3JuKQ==,18114.csv,1685107119721,★ Butterfly Knife | Urban Masked (Well-Worn)
4piFIENsYXNzaWMgS25pZmUgfCBGYWRlIChGYWN0b3J5IE5ldyk=,18134.csv,1685094395464,★ Classic Knife | Fade (Factory New)
4piFIENsYXNzaWMgS25pZmUgfCBGYWRlIChNaW5pbWFsIFdlYXIp,18135.csv,1685094405987,★ Classic Knife | Fade (Minimal Wear)
4piFIEZhbGNoaW9uIEtuaWZlIHwgRG9wcGxlciAoRmFjdG9yeSBOZXcp,18259.csv,1685066650029,★ Falchion Knife | Doppler (Factory New)
4piFIEZhbGNoaW9uIEtuaWZlIHwgRG9wcGxlciAoTWluaW1hbCBXZWFyKQ==,18260.csv,1685066660707,★ Falchion Knife | Doppler (Minimal Wear)
4piFIEZhbGNoaW9uIEtuaWZlIHwgRmFkZSAoRmFjdG9yeSBOZXcp,18261.csv,1685066980412,★ Falchion Knife | Fade (Factory New)
4piFIEZhbGNoaW9uIEtuaWZlIHwgRmFkZSAoTWluaW1hbCBXZWFyKQ==,18262.csv,1685066990940,★ Falchion Knife | Fade (Minimal Wear)
4piFIEZhbGNoaW9uIEtuaWZlIHwgR2FtbWEgRG9wcGxlciAoRmFjdG9yeSBOZXcp,18273.csv,1685066438457,★ Falchion Knife | Gamma Doppler (Factory New)
4piFIEZhbGNoaW9uIEtuaWZlIHwgR2FtbWEgRG9wcGxlciAoTWluaW1hbCBXZWFyKQ==,18274.csv,1685066449245,★ Falchion Knife | Gamma Doppler (Minimal Wear)
4piFIEZhbGNoaW9uIEtuaWZlIHwgTWFyYmxlIEZhZGUgKEZhY3RvcnkgTmV3KQ==,18280.csv,1685067001529,★ Falchion Knife | Marble Fade (Factory New)
4piFIEZhbGNoaW9uIEtuaWZlIHwgTWFyYmxlIEZhZGUgKE1pbmltYWwgV2Vhcik=,18281.csv,1685067012399,★ Falchion Knife | Marble Fade (Minimal Wear)
4piFIEZsaXAgS25pZmUgfCBEb3BwbGVyIChGYWN0b3J5IE5ldyk=,18359.csv,1685074021145,★ Flip Knife | Doppler (Factory New)
4piFIEZsaXAgS25pZmUgfCBEb3BwbGVyIChNaW5pbWFsIFdlYXIp,18360.csv,1685074031832,★ Flip Knife | Doppler (Minimal Wear)
4piFIEZsaXAgS25pZmUgfCBGYWRlIChGYWN0b3J5IE5ldyk=,18361.csv,1685074330415,★ Flip Knife | Fade (Factory New)
4piFIEZsaXAgS25pZmUgfCBGYWRlIChNaW5pbWFsIFdlYXIp,18362.csv,1685074341139,★ Flip Knife | Fade (Minimal Wear)
4piFIEZsaXAgS25pZmUgfCBHYW1tYSBEb3BwbGVyIChGYWN0b3J5IE5ldyk=,18373.csv,1685073890016,★ Flip Knife | Gamma Doppler (Factory New)
4piFIEZsaXAgS25pZmUgfCBNYXJibGUgRmFkZSAoRmFjdG9yeSBOZXcp,18378.csv,1685074352532,★ Flip Knife | Marble Fade (Factory New)
4piFIEZsaXAgS25pZmUgfCBNYXJibGUgRmFkZSAoTWluaW1hbCBXZWFyKQ==,18379.csv,1685074363192,★ Flip Knife | Marble Fade (Minimal Wear)
4piFIEd1dCBLbmlmZSB8IERvcHBsZXIgKEZhY3RvcnkgTmV3KQ==,18450.csv,1685103408507,★ Gut Knife | Doppler (Factory New)
4piFIEd1dCBLbmlmZSB8IERvcHBsZXIgKE1pbmltYWwgV2Vhcik=,18451.csv,1685103419177,★ Gut Knife | Doppler (Minimal Wear)
4piFIEd1dCBLbmlmZSB8IEZhZGUgKEZhY3RvcnkgTmV3KQ==,18452.csv,1685103655524,★ Gut Knife | Fade (Factory New)
4piFIEd1dCBLbmlmZSB8IEZhZGUgKE1pbmltYWwgV2Vhcik=,18453.csv,1685103727134,★ Gut Knife | Fade (Minimal Wear)
4piFIEd1dCBLbmlmZSB8IEdhbW1hIERvcHBsZXIgKEZhY3RvcnkgTmV3KQ==,18463.csv,1685103211227,★ Gut Knife | Gamma Doppler (Factory New)
4piFIEd1dCBLbmlmZSB8IEdhbW1hIERvcHBsZXIgKE1pbmltYWwgV2Vhcik=,18464.csv,1685103221939,★ Gut Knife | Gamma Doppler (Minimal Wear)
4piFIEd1dCBLbmlmZSB8IE1hcmJsZSBGYWRlIChGYWN0b3J5IE5ldyk=,18470.csv,1685103737883,★ Gut Knife | Marble Fade (Factory New)
4piFIEd1dCBLbmlmZSB8IE1hcmJsZSBGYWRlIChNaW5pbWFsIFdlYXIp,18471.csv,1685103748664,★ Gut Knife | Marble Fade (Minimal Wear)
4piFIEh1bnRzbWFuIEtuaWZlIHwgRG9wcGxlciAoRmFjdG9yeSBOZXcp,18598.csv,1685099438065,★ Huntsman Knife | Doppler (Factory New)
4piFIEh1bnRzbWFuIEtuaWZlIHwgRG9wcGxlciAoTWluaW1hbCBXZWFyKQ==,18599.csv,1685099448718,★ Huntsman Knife | Doppler (Minimal Wear)
4piFIEh1bnRzbWFuIEtuaWZlIHwgRmFkZSAoRmFjdG9yeSBOZXcp,18600.csv,1685099752259,★ Huntsman Knife | Fade (Factory New)
4piFIEh1bnRzbWFuIEtuaWZlIHwgRmFkZSAoTWluaW1hbCBXZWFyKQ==,18601.csv,1685099764185,★ Huntsman Knife | Fade (Minimal Wear)
4piFIEh1bnRzbWFuIEtuaWZlIHwgR2FtbWEgRG9wcGxlciAoRmFjdG9yeSBOZXcp,18612.csv,1685099232618,★ Huntsman Knife | Gamma Doppler (Factory New)
4piFIEh1bnRzbWFuIEtuaWZlIHwgR2FtbWEgRG9wcGxlciAoTWluaW1hbCBXZWFyKQ==,18613.csv,1685099243644,★ Huntsman Knife | Gamma Doppler (Minimal Wear)
4piFIEh1bnRzbWFuIEtuaWZlIHwgTWFyYmxlIEZhZGUgKEZhY3RvcnkgTmV3KQ==,18619.csv,1685099775384,★ Huntsman Knife | Marble Fade (Factory New)
4piFIEh1bnRzbWFuIEtuaWZlIHwgTWFyYmxlIEZhZGUgKE1pbmltYWwgV2Vhcik=,18620.csv,1685099786112,★ Huntsman Knife | Marble Fade (Minimal Wear)
4piFIEthcmFtYml0IHwgQXV0b3Ryb25pYyAoQmF0dGxlLVNjYXJyZWQp,18675.csv,1685097536471,★ Karambit | Autotronic (Battle-Scarred)
4piFIEthcmFtYml0IHwgQXV0b3Ryb25pYyAoRmllbGQtVGVzdGVkKQ==,18676.csv,1685097525368,★ Karambit | Autotronic (Field-Tested)
4piFIEthcmFtYml0IHwgQmxhY2sgTGFtaW5hdGUgKEZpZWxkLVRlc3RlZCk=,18677.csv,1685097812521,★ Karambit | Black Laminate (Field-Tested)
4piFIEthcmFtYml0IHwgQmxhY2sgTGFtaW5hdGUgKE1pbmltYWwgV2Vhcik=,18678.csv,1685097823108,★ Karambit | Black Laminate (Minimal Wear)
4piFIEthcmFtYml0IHwgQmxhY2sgTGFtaW5hdGUgKFdlbGwtV29ybik=,18679.csv,1685097833814,★ Karambit | Black Laminate (Well-Worn)
4piFIEthcmFtYml0IHwgQmx1ZSBTdGVlbCAoRmllbGQtVGVzdGVkKQ==,18680.csv,1685097694233,★ Karambit | Blue Steel (Field-Tested)
4piFIEthcmFtYml0IHwgQmx1ZSBTdGVlbCAoTWluaW1hbCBXZWFyKQ==,18681.csv,1685097704999,★ Karambit | Blue Steel (Minimal Wear)
4piFIEthcmFtYml0IHwgQmx1ZSBTdGVlbCAoV2VsbC1Xb3JuKQ==,18682.csv,1685097715673,★ Karambit | Blue Steel (Well-Worn)
4piFIEthcmFtYml0IHwgQm9yZWFsIEZvcmVzdCAoQmF0dGxlLVNjYXJyZWQp,18683.csv,1685097065573,★ Karambit | Boreal Forest (Battle-Scarred)
4piFIEthcmFtYml0IHwgQm9yZWFsIEZvcmVzdCAoRmllbGQtVGVzdGVkKQ==,18684.csv,1685097054749,★ Karambit | Boreal Forest (Field-Tested)
4piFIEthcmFtYml0IHwgQm9yZWFsIEZvcmVzdCAoTWluaW1hbCBXZWFyKQ==,18685.csv,1685097076122,★ Karambit | Boreal Forest (Minimal Wear)
4piFIEthcmFtYml0IHwgQm9yZWFsIEZvcmVzdCAoV2VsbC1Xb3JuKQ==,18686.csv,1685097086687,★ Karambit | Boreal Forest (Well-Worn)
4piFIEthcmFtYml0IHwgQnJpZ2h0IFdhdGVyIChCYXR0bGUtU2NhcnJlZCk=,18687.csv,1685097461163,★ Karambit | Bright Water (Battle-Scarred)
4piFIEthcmFtYml0IHwgQnJpZ2h0IFdhdGVyIChGYWN0b3J5IE5ldyk=,18688.csv,1685097450498,★ Karambit | Bright Water (Factory New)
4piFIEthcmFtYml0IHwgQnJpZ2h0IFdhdGVyIChGaWVsZC1UZXN0ZWQp,18689.csv,1685097439185,★ Karambit | Bright Water (Field-Tested)
4piFIEthcmFtYml0IHwgQnJpZ2h0IFdhdGVyIChNaW5pbWFsIFdlYXIp,18690.csv,1685097471753,★ Karambit | Bright Water (Minimal Wear)
4piFIEthcmFtYml0IHwgQ2FzZSBIYXJkZW5lZCAoQmF0dGxlLVNjYXJyZWQp,18691.csv,1685097747986,★ Karambit | Case Hardened (Battle-Scarred)
4piFIEthcmFtYml0IHwgQ2FzZSBIYXJkZW5lZCAoRmllbGQtVGVzdGVkKQ==,18692.csv,1685097737242,★ Karambit | Case Hardened (Field-Tested)
4piFIEthcmFtYml0IHwgQ2FzZSBIYXJkZW5lZCAoTWluaW1hbCBXZWFyKQ==,18693.csv,1685097759093,★ Karambit | Case Hardened (Minimal Wear)
4piFIEthcmFtYml0IHwgQ2FzZSBIYXJkZW5lZCAoV2VsbC1Xb3JuKQ==,18694.csv,1685097769850,★ Karambit | Case Hardened (Well-Worn)
4piFIEthcmFtYml0IHwgQ3JpbXNvbiBXZWIgKEJhdHRsZS1TY2FycmVkKQ==,18695.csv,1685097416947,★ Karambit | Crimson Web (Battle-Scarred)
4piFIEthcmFtYml0IHwgQ3JpbXNvbiBXZWIgKEZpZWxkLVRlc3RlZCk=,18696.csv,1685097406084,★ Karambit | Crimson Web (Field-Tested)
4piFIEthcmFtYml0IHwgQ3JpbXNvbiBXZWIgKFdlbGwtV29ybik=,18697.csv,1685097428493,★ Karambit | Crimson Web (Well-Worn)
4piFIEthcmFtYml0IHwgRGFtYXNjdXMgU3RlZWwgKEZhY3RvcnkgTmV3KQ==,18698.csv,1685097194161,★ Karambit | Damascus Steel (Factory New)
4piFIEthcmFtYml0IHwgRGFtYXNjdXMgU3RlZWwgKEZpZWxkLVRlc3RlZCk=,18699.csv,1685097183440,★ Karambit | Damascus Steel (Field-Tested)
4piFIEthcmFtYml0IHwgRGFtYXNjdXMgU3RlZWwgKE1pbmltYWwgV2Vhcik=,18700.csv,1685097205417,★ Karambit | Damascus Steel (Minimal Wear)
4piFIEthcmFtYml0IHwgRGFtYXNjdXMgU3RlZWwgKFdlbGwtV29ybik=,18701.csv,1685097216072,★ Karambit | Damascus Steel (Well-Worn)
4piFIEthcmFtYml0IHwgRG9wcGxlciAoRmFjdG9yeSBOZXcp,18702.csv,1685097161948,★ Karambit | Doppler (Factory New)
4piFIEthcmFtYml0IHwgRG9wcGxlciAoTWluaW1hbCBXZWFyKQ==,18703.csv,1685097172748,★ Karambit | Doppler (Minimal Wear)
4piFIEthcmFtYml0IHwgRm9yZXN0IEREUEFUIChCYXR0bGUtU2NhcnJlZCk=,18704.csv,1685097374370,★ Karambit | Forest DDPAT (Battle-Scarred)
4piFIEthcmFtYml0IHwgRm9yZXN0IEREUEFUIChGaWVsZC1UZXN0ZWQp,18705.csv,1685097363474,★ Karambit | Forest DDPAT (Field-Tested)
4piFIEthcmFtYml0IHwgRm9yZXN0IEREUEFUIChNaW5pbWFsIFdlYXIp,18706.csv,1685097384877,★ Karambit | Forest DDPAT (Minimal Wear)
4piFIEthcmFtYml0IHwgRm9yZXN0IEREUEFUIChXZWxsLVdvcm4p,18707.csv,1685097395447,★ Karambit | Forest DDPAT (Well-Worn)
4piFIEthcmFtYml0IHwgRnJlZWhhbmQgKEZhY3RvcnkgTmV3KQ==,18708.csv,1685097558379,★ Karambit | Freehand (Factory New)
4piFIEthcmFtYml0IHwgRnJlZWhhbmQgKEZpZWxkLVRlc3RlZCk=,18709.csv,1685097547283,★ Karambit | Freehand (Field-Tested)
4piFIEthcmFtYml0IHwgRnJlZWhhbmQgKE1pbmltYWwgV2Vhcik=,18710.csv,1685097569114,★ Karambit | Freehand (Minimal Wear)
4piFIEthcmFtYml0IHwgRnJlZWhhbmQgKFdlbGwtV29ybik=,18711.csv,1685097579819,★ Karambit | Freehand (Well-Worn)
4piFIEthcmFtYml0IHwgTG9yZSAoQmF0dGxlLVNjYXJyZWQp,18712.csv,1685097043787,★ Karambit | Lore (Battle-Scarred)
4piFIEthcmFtYml0IHwgTG9yZSAoRmllbGQtVGVzdGVkKQ==,18713.csv,1685097032908,★ Karambit | Lore (Field-Tested)
4piFIEthcmFtYml0IHwgTmlnaHQgKEJhdHRsZS1TY2FycmVkKQ==,18714.csv,1685097108630,★ Karambit | Night (Battle-Scarred)
4piFIEthcmFtYml0IHwgTmlnaHQgKEZpZWxkLVRlc3RlZCk=,18715.csv,1685097097755,★ Karambit | Night (Field-Tested)
4piFIEthcmFtYml0IHwgTmlnaHQgKE1pbmltYWwgV2Vhcik=,18716.csv,1685097119259,★ Karambit | Night (Minimal Wear)
4piFIEthcmFtYml0IHwgTmlnaHQgKFdlbGwtV29ybik=,18717.csv,1685097129959,★ Karambit | Night (Well-Worn)
4piFIEthcmFtYml0IHwgUnVzdCBDb2F0IChCYXR0bGUtU2NhcnJlZCk=,18718.csv,1685097140598,★ Karambit | Rust Coat (Battle-Scarred)
4piFIEthcmFtYml0IHwgUnVzdCBDb2F0IChXZWxsLVdvcm4p,18719.csv,1685097151348,★ Karambit | Rust Coat (Well-Worn)
4piFIEthcmFtYml0IHwgU2FmYXJpIE1lc2ggKEJhdHRsZS1TY2FycmVkKQ==,18720.csv,1685097503988,★ Karambit | Safari Mesh (Battle-Scarred)
4piFIEthcmFtYml0IHwgU2FmYXJpIE1lc2ggKEZhY3RvcnkgTmV3KQ==,18721.csv,1685097493129,★ Karambit | Safari Mesh (Factory New)
4piFIEthcmFtYml0IHwgU2FmYXJpIE1lc2ggKEZpZWxkLVRlc3RlZCk=,18722.csv,1685097482493,★ Karambit | Safari Mesh (Field-Tested)
4piFIEthcmFtYml0IHwgU2FmYXJpIE1lc2ggKE1pbmltYWwgV2Vhcik=,18723.csv,1685097514782,★ Karambit | Safari Mesh (Minimal Wear)
4piFIEthcmFtYml0IHwgU2NvcmNoZWQgKEJhdHRsZS1TY2FycmVkKQ==,18724.csv,1685097330964,★ Karambit | Scorched (Battle-Scarred)
4piFIEthcmFtYml0IHwgU2NvcmNoZWQgKEZpZWxkLVRlc3RlZCk=,18725.csv,1685097320223,★ Karambit | Scorched (Field-Tested)
4piFIEthcmFtYml0IHwgU2NvcmNoZWQgKE1pbmltYWwgV2Vhcik=,18726.csv,1685097341558,★ Karambit | Scorched (Minimal Wear)
4piFIEthcmFtYml0IHwgU2NvcmNoZWQgKFdlbGwtV29ybik=,18727.csv,1685097352716,★ Karambit | Scorched (Well-Worn)
4piFIEthcmFtYml0IHwgU2xhdWdodGVyIChGYWN0b3J5IE5ldyk=,18728.csv,1685097237473,★ Karambit | Slaughter (Factory New)
4piFIEthcmFtYml0IHwgU2xhdWdodGVyIChGaWVsZC1UZXN0ZWQp,18729.csv,1685097226887,★ Karambit | Slaughter (Field-Tested)
4piFIEthcmFtYml0IHwgU2xhdWdodGVyIChNaW5pbWFsIFdlYXIp,18730.csv,1685097248388,★ Karambit | Slaughter (Minimal Wear)
4piFIEthcmFtYml0IHwgU3RhaW5lZCAoQmF0dGxlLVNjYXJyZWQp,18731.csv,1685097000412,★ Karambit | Stained (Battle-Scarred)
4piFIEthcmFtYml0IHwgU3RhaW5lZCAoRmllbGQtVGVzdGVkKQ==,18732.csv,1685096989648,★ Karambit | Stained (Field-Tested)
4piFIEthcmFtYml0IHwgU3RhaW5lZCAoTWluaW1hbCBXZWFyKQ==,18733.csv,1685097011028,★ Karambit | Stained (Minimal Wear)
4piFIEthcmFtYml0IHwgU3RhaW5lZCAoV2VsbC1Xb3JuKQ==,18734.csv,1685097022004,★ Karambit | Stained (Well-Worn)
4piFIEthcmFtYml0IHwgVGlnZXIgVG9vdGggKEZhY3RvcnkgTmV3KQ==,18735.csv,1685097726363,★ Karambit | Tiger Tooth (Factory New)
4piFIEthcmFtYml0IHwgVWx0cmF2aW9sZXQgKEJhdHRsZS1TY2FycmVkKQ==,18736.csv,1685097661993,★ Karambit | Ultraviolet (Battle-Scarred)
4piFIEthcmFtYml0IHwgVWx0cmF2aW9sZXQgKEZpZWxkLVRlc3RlZCk=,18737.csv,1685097651285,★ Karambit | Ultraviolet (Field-Tested)
4piFIEthcmFtYml0IHwgVWx0cmF2aW9sZXQgKE1pbmltYWwgV2Vhcik=,18738.csv,1685097672842,★ Karambit | Ultraviolet (Minimal Wear)
4piFIEthcmFtYml0IHwgVWx0cmF2aW9sZXQgKFdlbGwtV29ybik=,18739.csv,1685097683575,★ Karambit | Ultraviolet (Well-Worn)
4piFIEthcmFtYml0IHwgVXJiYW4gTWFza2VkIChCYXR0bGUtU2NhcnJlZCk=,18740.csv,1685097791341,★ Karambit | Urban Masked (Battle-Scarred)
4piFIEthcmFtYml0IHwgVXJiYW4gTWFza2VkIChGaWVsZC1UZXN0ZWQp,18741.csv,1685097780530,★ Karambit | Urban Masked (Field-Tested)
4piFIEthcmFtYml0IHwgVXJiYW4gTWFza2VkIChNaW5pbWFsIFdlYXIp,18742.csv,1685097801922,★ Karambit | Urban Masked (Minimal Wear)
4piFIEthcmFtYml0,18743.csv,1685096918207,★ Karambit
4piFIE05IEJheW9uZXQgfCBBdXRvdHJvbmljIChCYXR0bGUtU2NhcnJlZCk=,18744.csv,1684652880635,★ M9 Bayonet | Autotronic (Battle-Scarred)
4piFIE05IEJheW9uZXQgfCBBdXRvdHJvbmljIChGaWVsZC1UZXN0ZWQp,18745.csv,1684652870057,★ M9 Bayonet | Autotronic (Field-Tested)
4piFIE05IEJheW9uZXQgfCBBdXRvdHJvbmljIChNaW5pbWFsIFdlYXIp,18746.csv,1684652891318,★ M9 Bayonet | Autotronic (Minimal Wear)
4piFIE05IEJheW9uZXQgfCBCbGFjayBMYW1pbmF0ZSAoQmF0dGxlLVNjYXJyZWQp,18747.csv,1684653213815,★ M9 Bayonet | Black Laminate (Battle-Scarred)
4piFIE05IEJheW9uZXQgfCBCbGFjayBMYW1pbmF0ZSAoRmllbGQtVGVzdGVkKQ==,18748.csv,1684653203288,★ M9 Bayonet | Black Laminate (Field-Tested)
4piFIE05IEJheW9uZXQgfCBCbGFjayBMYW1pbmF0ZSAoTWluaW1hbCBXZWFyKQ==,18749.csv,1684653224491,★ M9 Bayonet | Black Laminate (Minimal Wear)
4piFIE05IEJheW9uZXQgfCBCbGFjayBMYW1pbmF0ZSAoV2VsbC1Xb3JuKQ==,18750.csv,1684653235126,★ M9 Bayonet | Black Laminate (Well-Worn)
4piFIE05IEJheW9uZXQgfCBCbHVlIFN0ZWVsIChGaWVsZC1UZXN0ZWQp,18751.csv,1684653063582,★ M9 Bayonet | Blue Steel (Field-Tested)
4piFIE05IEJheW9uZXQgfCBCbHVlIFN0ZWVsIChNaW5pbWFsIFdlYXIp,18752.csv,1684653074395,★ M9 Bayonet | Blue Steel (Minimal Wear)
4piFIE05IEJheW9uZXQgfCBCbHVlIFN0ZWVsIChXZWxsLVdvcm4p,18753.csv,1684653085443,★ M9 Bayonet | Blue Steel (Well-Worn)
4piFIE05IEJheW9uZXQgfCBCb3JlYWwgRm9yZXN0IChCYXR0bGUtU2NhcnJlZCk=,18754.csv,1684652424641,★ M9 Bayonet | Boreal Forest (Battle-Scarred)
4piFIE05IEJheW9uZXQgfCBCb3JlYWwgRm9yZXN0IChGaWVsZC1UZXN0ZWQp,18755.csv,1684652413967,★ M9 Bayonet | Boreal Forest (Field-Tested)
4piFIE05IEJheW9uZXQgfCBCb3JlYWwgRm9yZXN0IChNaW5pbWFsIFdlYXIp,18756.csv,1684652435776,★ M9 Bayonet | Boreal Forest (Minimal Wear)
4piFIE05IEJheW9uZXQgfCBCb3JlYWwgRm9yZXN0IChXZWxsLVdvcm4p,18757.csv,1684652446357,★ M9 Bayonet | Boreal Forest (Well-Worn)
4piFIE05IEJheW9uZXQgfCBCcmlnaHQgV2F0ZXIgKEZhY3RvcnkgTmV3KQ==,18758.csv,1684652805508,★ M9 Bayonet | Bright Water (Factory New)
4piFIE05IEJheW9uZXQgfCBCcmlnaHQgV2F0ZXIgKEZpZWxkLVRlc3RlZCk=,18759.csv,1684652794896,★ M9 Bayonet | Bright Water (Field-Tested)
4piFIE05IEJheW9uZXQgfCBCcmlnaHQgV2F0ZXIgKE1pbmltYWwgV2Vhcik=,18760.csv,1684652816381,★ M9 Bayonet | Bright Water (Minimal Wear)
4piFIE05IEJheW9uZXQgfCBCcmlnaHQgV2F0ZXIgKFdlbGwtV29ybik=,18761.csv,1684652826998,★ M9 Bayonet | Bright Water (Well-Worn)
4piFIE05IEJheW9uZXQgfCBDYXNlIEhhcmRlbmVkIChCYXR0bGUtU2NhcnJlZCk=,18762.csv,1684653128268,★ M9 Bayonet | Case Hardened (Battle-Scarred)
4piFIE05IEJheW9uZXQgfCBDYXNlIEhhcmRlbmVkIChGaWVsZC1UZXN0ZWQp,18763.csv,1684653117706,★ M9 Bayonet | Case Hardened (Field-Tested)
4piFIE05IEJheW9uZXQgfCBDYXNlIEhhcmRlbmVkIChNaW5pbWFsIFdlYXIp,18764.csv,1684653138772,★ M9 Bayonet | Case Hardened (Minimal Wear)
4piFIE05IEJheW9uZXQgfCBDYXNlIEhhcmRlbmVkIChXZWxsLVdvcm4p,18765.csv,1684653149429,★ M9 Bayonet | Case Hardened (Well-Worn)
4piFIE05IEJheW9uZXQgfCBDcmltc29uIFdlYiAoQmF0dGxlLVNjYXJyZWQp,18766.csv,1684652784243,★ M9 Bayonet | Crimson Web (Battle-Scarred)
4piFIE05IEJheW9uZXQgfCBDcmltc29uIFdlYiAoRmllbGQtVGVzdGVkKQ==,18767.csv,1684652773639,★ M9 Bayonet | Crimson Web (Field-Tested)
4piFIE05IEJheW9uZXQgfCBEYW1hc2N1cyBTdGVlbCAoQmF0dGxlLVNjYXJyZWQp,18768.csv,1684652563841,★ M9 Bayonet | Damascus Steel (Battle-Scarred)
4piFIE05IEJheW9uZXQgfCBEYW1hc2N1cyBTdGVlbCAoRmFjdG9yeSBOZXcp,18769.csv,1684652553227,★ M9 Bayonet | Damascus Steel (Factory New)
4piFIE05IEJheW9uZXQgfCBEYW1hc2N1cyBTdGVlbCAoRmllbGQtVGVzdGVkKQ==,18770.csv,1684652542442,★ M9 Bayonet | Damascus Steel (Field-Tested)
4piFIE05IEJheW9uZXQgfCBEYW1hc2N1cyBTdGVlbCAoTWluaW1hbCBXZWFyKQ==,18771.csv,1684652574517,★ M9 Bayonet | Damascus Steel (Minimal Wear)
4piFIE05IEJheW9uZXQgfCBEb3BwbGVyIChGYWN0b3J5IE5ldyk=,18772.csv,1684652520692,★ M9 Bayonet | Doppler (Factory New)
4piFIE05IEJheW9uZXQgfCBEb3BwbGVyIChNaW5pbWFsIFdlYXIp,18773.csv,1684652531309,★ M9 Bayonet | Doppler (Minimal Wear)
4piFIE05IEJheW9uZXQgfCBGb3Jlc3QgRERQQVQgKEZhY3RvcnkgTmV3KQ==,18774.csv,1684652741107,★ M9 Bayonet | Forest DDPAT (Factory New)
4piFIE05IEJheW9uZXQgfCBGb3Jlc3QgRERQQVQgKEZpZWxkLVRlc3RlZCk=,18775.csv,1684652730484,★ M9 Bayonet | Forest DDPAT (Field-Tested)
4piFIE05IEJheW9uZXQgfCBGb3Jlc3QgRERQQVQgKE1pbmltYWwgV2Vhcik=,18776.csv,1684652752107,★ M9 Bayonet | Forest DDPAT (Minimal Wear)
4piFIE05IEJheW9uZXQgfCBGb3Jlc3QgRERQQVQgKFdlbGwtV29ybik=,18777.csv,1684652763049,★ M9 Bayonet | Forest DDPAT (Well-Worn)
4piFIE05IEJheW9uZXQgfCBGcmVlaGFuZCAoQmF0dGxlLVNjYXJyZWQp,18778.csv,1684652988938,★ M9 Bayonet | Freehand (Battle-Scarred)
4piFIE05IEJheW9uZXQgfCBGcmVlaGFuZCAoRmFjdG9yeSBOZXcp,18779.csv,1684652912607,★ M9 Bayonet | Freehand (Factory New)
4piFIE05IEJheW9uZXQgfCBGcmVlaGFuZCAoRmllbGQtVGVzdGVkKQ==,18780.csv,1684652902031,★ M9 Bayonet | Freehand (Field-Tested)
4piFIE05IEJheW9uZXQgfCBGcmVlaGFuZCAoTWluaW1hbCBXZWFyKQ==,18781.csv,1684652999615,★ M9 Bayonet | Freehand (Minimal Wear)
4piFIE05IEJheW9uZXQgfCBGcmVlaGFuZCAoV2VsbC1Xb3JuKQ==,18782.csv,1684653010232,★ M9 Bayonet | Freehand (Well-Worn)
4piFIE05IEJheW9uZXQgfCBHYW1tYSBEb3BwbGVyIChGYWN0b3J5IE5ldyk=,18783.csv,1684652403332,★ M9 Bayonet | Gamma Doppler (Factory New)
4piFIE05IEJheW9uZXQgfCBMb3JlIChCYXR0bGUtU2NhcnJlZCk=,18784.csv,1684652382390,★ M9 Bayonet | Lore (Battle-Scarred)
4piFIE05IEJheW9uZXQgfCBMb3JlIChGaWVsZC1UZXN0ZWQp,18785.csv,1684652371734,★ M9 Bayonet | Lore (Field-Tested)
4piFIE05IEJheW9uZXQgfCBMb3JlIChXZWxsLVdvcm4p,18786.csv,1684652392859,★ M9 Bayonet | Lore (Well-Worn)
4piFIE05IEJheW9uZXQgfCBOaWdodCAoQmF0dGxlLVNjYXJyZWQp,18787.csv,1684652477905,★ M9 Bayonet | Night (Battle-Scarred)
4piFIE05IEJheW9uZXQgfCBOaWdodCAoRmFjdG9yeSBOZXcp,18788.csv,1684652467397,★ M9 Bayonet | Night (Factory New)
4piFIE05IEJheW9uZXQgfCBOaWdodCAoRmllbGQtVGVzdGVkKQ==,18789.csv,1684652456937,★ M9 Bayonet | Night (Field-Tested)
4piFIE05IEJheW9uZXQgfCBOaWdodCAoTWluaW1hbCBXZWFyKQ==,18790.csv,1684652488542,★ M9 Bayonet | Night (Minimal Wear)
4piFIE05IEJheW9uZXQgfCBOaWdodCAoV2VsbC1Xb3JuKQ==,18791.csv,1684652499307,★ M9 Bayonet | Night (Well-Worn)
4piFIE05IEJheW9uZXQgfCBSdXN0IENvYXQgKEJhdHRsZS1TY2FycmVkKQ==,18792.csv,1684652510078,★ M9 Bayonet | Rust Coat (Battle-Scarred)
4piFIE05IEJheW9uZXQgfCBTYWZhcmkgTWVzaCAoQmF0dGxlLVNjYXJyZWQp,18793.csv,1684652848239,★ M9 Bayonet | Safari Mesh (Battle-Scarred)
4piFIE05IEJheW9uZXQgfCBTYWZhcmkgTWVzaCAoRmllbGQtVGVzdGVkKQ==,18794.csv,1684652837618,★ M9 Bayonet | Safari Mesh (Field-Tested)
4piFIE05IEJheW9uZXQgfCBTYWZhcmkgTWVzaCAoTWluaW1hbCBXZWFyKQ==,18795.csv,1684652859438,★ M9 Bayonet | Safari Mesh (Minimal Wear)
4piFIE05IEJheW9uZXQgfCBTY29yY2hlZCAoQmF0dGxlLVNjYXJyZWQp,18796.csv,1684652698504,★ M9 Bayonet | Scorched (Battle-Scarred)
4piFIE05IEJheW9uZXQgfCBTY29yY2hlZCAoRmFjdG9yeSBOZXcp,18797.csv,1684652687989,★ M9 Bayonet | Scorched (Factory New)
4piFIE05IEJheW9uZXQgfCBTY29yY2hlZCAoRmllbGQtVGVzdGVkKQ==,18798.csv,1684652677450,★ M9 Bayonet | Scorched (Field-Tested)
4piFIE05IEJheW9uZXQgfCBTY29yY2hlZCAoTWluaW1hbCBXZWFyKQ==,18799.csv,1684652709153,★ M9 Bayonet | Scorched (Minimal Wear)
4piFIE05IEJheW9uZXQgfCBTY29yY2hlZCAoV2VsbC1Xb3JuKQ==,18800.csv,1684652719758,★ M9 Bayonet | Scorched (Well-Worn)
4piFIE05IEJheW9uZXQgfCBTbGF1Z2h0ZXIgKEZhY3RvcnkgTmV3KQ==,18801.csv,1684652656081,★ M9 Bayonet | Slaughter (Factory New)
4piFIE05IEJheW9uZXQgfCBTbGF1Z2h0ZXIgKEZpZWxkLVRlc3RlZCk=,18802.csv,1684652585198,★ M9 Bayonet | Slaughter (Field-Tested)
4piFIE05IEJheW9uZXQgfCBTbGF1Z2h0ZXIgKE1pbmltYWwgV2Vhcik=,18803.csv,1684652666685,★ M9 Bayonet | Slaughter (Minimal Wear)
4piFIE05IEJheW9uZXQgfCBTdGFpbmVkIChCYXR0bGUtU2NhcnJlZCk=,18804.csv,1684652339703,★ M9 Bayonet | Stained (Battle-Scarred)
4piFIE05IEJheW9uZXQgfCBTdGFpbmVkIChGaWVsZC1UZXN0ZWQp,18805.csv,1684652329032,★ M9 Bayonet | Stained (Field-Tested)
4piFIE05IEJheW9uZXQgfCBTdGFpbmVkIChNaW5pbWFsIFdlYXIp,18806.csv,1684652350608,★ M9 Bayonet | Stained (Minimal Wear)
4piFIE05IEJheW9uZXQgfCBTdGFpbmVkIChXZWxsLVdvcm4p,18807.csv,1684652361254,★ M9 Bayonet | Stained (Well-Worn)
4piFIE05IEJheW9uZXQgfCBUaWdlciBUb290aCAoRmFjdG9yeSBOZXcp,18808.csv,1684653096253,★ M9 Bayonet | Tiger Tooth (Factory New)
4piFIE05IEJheW9uZXQgfCBUaWdlciBUb290aCAoTWluaW1hbCBXZWFyKQ==,18809.csv,1684653107175,★ M9 Bayonet | Tiger Tooth (Minimal Wear)
4piFIE05IEJheW9uZXQgfCBVbHRyYXZpb2xldCAoQmF0dGxlLVNjYXJyZWQp,18810.csv,1684653031939,★ M9 Bayonet | Ultraviolet (Battle-Scarred)
4piFIE05IEJheW9uZXQgfCBVbHRyYXZpb2xldCAoRmllbGQtVGVzdGVkKQ==,18811.csv,1684653021296,★ M9 Bayonet | Ultraviolet (Field-Tested)
4piFIE05IEJheW9uZXQgfCBVbHRyYXZpb2xldCAoTWluaW1hbCBXZWFyKQ==,18812.csv,1684653042517,★ M9 Bayonet | Ultraviolet (Minimal Wear)
4piFIE05IEJheW9uZXQgfCBVbHRyYXZpb2xldCAoV2VsbC1Xb3JuKQ==,18813.csv,1684653053008,★ M9 Bayonet | Ultraviolet (Well-Worn)
4piFIE05IEJheW9uZXQgfCBVcmJhbiBNYXNrZWQgKEJhdHRsZS1TY2FycmVkKQ==,18814.csv,1684653181502,★ M9 Bayonet | Urban Masked (Battle-Scarred)
4piFIE05IEJheW9uZXQgfCBVcmJhbiBNYXNrZWQgKEZhY3RvcnkgTmV3KQ==,18815.csv,1684653170966,★ M9 Bayonet | Urban Masked (Factory New)
4piFIE05IEJheW9uZXQgfCBVcmJhbiBNYXNrZWQgKEZpZWxkLVRlc3RlZCk=,18816.csv,1684653160124,★ M9 Bayonet | Urban Masked (Field-Tested)
4piFIE05IEJheW9uZXQgfCBVcmJhbiBNYXNrZWQgKE1pbmltYWwgV2Vhcik=,18817.csv,1684653192591,★ M9 Bayonet | Urban Masked (Minimal Wear)
4piFIE05IEJheW9uZXQ=,18818.csv,1684652257592,★ M9 Bayonet
4piFIE5hdmFqYSBLbmlmZSB8IERvcHBsZXIgKEZhY3RvcnkgTmV3KQ==,18890.csv,1685072152166,★ Navaja Knife | Doppler (Factory New)
4piFIE5hdmFqYSBLbmlmZSB8IERvcHBsZXIgKE1pbmltYWwgV2Vhcik=,18891.csv,1685072162944,★ Navaja Knife | Doppler (Minimal Wear)
4piFIE5hdmFqYSBLbmlmZSB8IEZhZGUgKEZhY3RvcnkgTmV3KQ==,18892.csv,1685072505354,★ Navaja Knife | Fade (Factory New)
4piFIE5hdmFqYSBLbmlmZSB8IEZhZGUgKE1pbmltYWwgV2Vhcik=,18893.csv,1685072516073,★ Navaja Knife | Fade (Minimal Wear)
4piFIE5hdmFqYSBLbmlmZSB8IE1hcmJsZSBGYWRlIChGYWN0b3J5IE5ldyk=,18898.csv,1685072526942,★ Navaja Knife | Marble Fade (Factory New)
4piFIE5hdmFqYSBLbmlmZSB8IE1hcmJsZSBGYWRlIChNaW5pbWFsIFdlYXIp,18899.csv,1685072537620,★ Navaja Knife | Marble Fade (Minimal Wear)
4piFIE5vbWFkIEtuaWZlIHwgRmFkZSAoRmFjdG9yeSBOZXcp,18953.csv,1685093198063,★ Nomad Knife | Fade (Factory New)
4piFIE5vbWFkIEtuaWZlIHwgRmFkZSAoTWluaW1hbCBXZWFyKQ==,18954.csv,1685162464959,★ Nomad Knife | Fade (Minimal Wear)
4piFIFBhcmFjb3JkIEtuaWZlIHwgRmFkZSAoRmFjdG9yeSBOZXcp,19003.csv,1685105353402,★ Paracord Knife | Fade (Factory New)
4piFIFBhcmFjb3JkIEtuaWZlIHwgRmFkZSAoTWluaW1hbCBXZWFyKQ==,19004.csv,1685105424795,★ Paracord Knife | Fade (Minimal Wear)
4piFIFNoYWRvdyBEYWdnZXJzIHwgRG9wcGxlciAoRmFjdG9yeSBOZXcp,19077.csv,1685081550336,★ Shadow Daggers | Doppler (Factory New)
4piFIFNoYWRvdyBEYWdnZXJzIHwgRG9wcGxlciAoTWluaW1hbCBXZWFyKQ==,19078.csv,1685081561352,★ Shadow Daggers | Doppler (Minimal Wear)
4piFIFNoYWRvdyBEYWdnZXJzIHwgRmFkZSAoRmFjdG9yeSBOZXcp,19079.csv,1685081869905,★ Shadow Daggers | Fade (Factory New)
4piFIFNoYWRvdyBEYWdnZXJzIHwgRmFkZSAoTWluaW1hbCBXZWFyKQ==,19080.csv,1685081880516,★ Shadow Daggers | Fade (Minimal Wear)
4piFIFNoYWRvdyBEYWdnZXJzIHwgR2FtbWEgRG9wcGxlciAoRmFjdG9yeSBOZXcp,19091.csv,1685081360989,★ Shadow Daggers | Gamma Doppler (Factory New)
4piFIFNoYWRvdyBEYWdnZXJzIHwgR2FtbWEgRG9wcGxlciAoTWluaW1hbCBXZWFyKQ==,19092.csv,1685081371655,★ Shadow Daggers | Gamma Doppler (Minimal Wear)
4piFIFNoYWRvdyBEYWdnZXJzIHwgTWFyYmxlIEZhZGUgKEZhY3RvcnkgTmV3KQ==,19098.csv,1685081891209,★ Shadow Daggers | Marble Fade (Factory New)
4piFIFNoYWRvdyBEYWdnZXJzIHwgTWFyYmxlIEZhZGUgKE1pbmltYWwgV2Vhcik=,19099.csv,1685081902121,★ Shadow Daggers | Marble Fade (Minimal Wear)
4piFIFNwZWNpYWxpc3QgR2xvdmVzIHwgRmFkZSAoQmF0dGxlLVNjYXJyZWQp,19194.csv,1684808038261,★ Specialist Gloves | Fade (Battle-Scarred)
4piFIFNwZWNpYWxpc3QgR2xvdmVzIHwgRmFkZSAoRmllbGQtVGVzdGVkKQ==,19195.csv,1684808027720,★ Specialist Gloves | Fade (Field-Tested)
4piFIFNwZWNpYWxpc3QgR2xvdmVzIHwgRmFkZSAoV2VsbC1Xb3JuKQ==,19196.csv,1684808049011,★ Specialist Gloves | Fade (Well-Worn)
4piFIFNwZWNpYWxpc3QgR2xvdmVzIHwgTWFyYmxlIEZhZGUgKEJhdHRsZS1TY2FycmVkKQ==,19214.csv,1684808070213,★ Specialist Gloves | Marble Fade (Battle-Scarred)
4piFIFNwZWNpYWxpc3QgR2xvdmVzIHwgTWFyYmxlIEZhZGUgKEZpZWxkLVRlc3RlZCk=,19215.csv,1684808059581,★ Specialist Gloves | Marble Fade (Field-Tested)
4piFIFNwZWNpYWxpc3QgR2xvdmVzIHwgTWFyYmxlIEZhZGUgKFdlbGwtV29ybik=,19216.csv,1684808081033,★ Specialist Gloves | Marble Fade (Well-Worn)
4piFIFN0YXRUcmFr4oSiIEJheW9uZXQgfCBBdXRvdHJvbmljIChCYXR0bGUtU2NhcnJlZCk=,19257.csv,1684811710243,★ StatTrak™ Bayonet | Autotronic (Battle-Scarred)
4piFIFN0YXRUcmFr4oSiIEJheW9uZXQgfCBBdXRvdHJvbmljIChGYWN0b3J5IE5ldyk=,19258.csv,1684811699558,★ StatTrak™ Bayonet | Autotronic (Factory New)
4piFIFN0YXRUcmFr4oSiIEJheW9uZXQgfCBBdXRvdHJvbmljIChGaWVsZC1UZXN0ZWQp,19259.csv,1684811688914,★ StatTrak™ Bayonet | Autotronic (Field-Tested)
4piFIFN0YXRUcmFr4oSiIEJheW9uZXQgfCBBdXRvdHJvbmljIChNaW5pbWFsIFdlYXIp,19260.csv,1684811720908,★ StatTrak™ Bayonet | Autotronic (Minimal Wear)
4piFIFN0YXRUcmFr4oSiIEJheW9uZXQgfCBBdXRvdHJvbmljIChXZWxsLVdvcm4p,19261.csv,1684811731438,★ StatTrak™ Bayonet | Autotronic (Well-Worn)
4piFIFN0YXRUcmFr4oSiIEJheW9uZXQgfCBCbGFjayBMYW1pbmF0ZSAoRmFjdG9yeSBOZXcp,19262.csv,1684811988411,★ StatTrak™ Bayonet | Black Laminate (Factory New)
4piFIFN0YXRUcmFr4oSiIEJheW9uZXQgfCBCbGFjayBMYW1pbmF0ZSAoTWluaW1hbCBXZWFyKQ==,19263.csv,1684811999002,★ StatTrak™ Bayonet | Black Laminate (Minimal Wear)
4piFIFN0YXRUcmFr4oSiIEJheW9uZXQgfCBCbGFjayBMYW1pbmF0ZSAoV2VsbC1Xb3JuKQ==,19264.csv,1684812009575,★ StatTrak™ Bayonet | Black Laminate (Well-Worn)
4piFIFN0YXRUcmFr4oSiIEJheW9uZXQgfCBCbHVlIFN0ZWVsIChCYXR0bGUtU2NhcnJlZCk=,19265.csv,1684811829332,★ StatTrak™ Bayonet | Blue Steel (Battle-Scarred)
4piFIFN0YXRUcmFr4oSiIEJheW9uZXQgfCBCbHVlIFN0ZWVsIChGaWVsZC1UZXN0ZWQp,19266.csv,1684811818738,★ StatTrak™ Bayonet | Blue Steel (Field-Tested)
4piFIFN0YXRUcmFr4oSiIEJheW9uZXQgfCBCbHVlIFN0ZWVsIChNaW5pbWFsIFdlYXIp,19267.csv,1684811840012,★ StatTrak™ Bayonet | Blue Steel (Minimal Wear)
4piFIFN0YXRUcmFr4oSiIEJheW9uZXQgfCBCbHVlIFN0ZWVsIChXZWxsLVdvcm4p,19268.csv,1684811850701,★ StatTrak™ Bayonet | Blue Steel (Well-Worn)
4piFIFN0YXRUcmFr4oSiIEJheW9uZXQgfCBCb3JlYWwgRm9yZXN0IChCYXR0bGUtU2NhcnJlZCk=,19269.csv,1684811240876,★ StatTrak™ Bayonet | Boreal Forest (Battle-Scarred)
4piFIFN0YXRUcmFr4oSiIEJheW9uZXQgfCBCb3JlYWwgRm9yZXN0IChGaWVsZC1UZXN0ZWQp,19270.csv,1684811229928,★ StatTrak™ Bayonet | Boreal Forest (Field-Tested)
4piFIFN0YXRUcmFr4oSiIEJheW9uZXQgfCBCb3JlYWwgRm9yZXN0IChNaW5pbWFsIFdlYXIp,19271.csv,1684811251562,★ StatTrak™ Bayonet | Boreal Forest (Minimal Wear)
4piFIFN0YXRUcmFr4oSiIEJheW9uZXQgfCBCb3JlYWwgRm9yZXN0IChXZWxsLVdvcm4p,19272.csv,1684811323506,★ StatTrak™ Bayonet | Boreal Forest (Well-Worn)
4piFIFN0YXRUcmFr4oSiIEJheW9uZXQgfCBCcmlnaHQgV2F0ZXIgKEZhY3RvcnkgTmV3KQ==,19273.csv,1684811561428,★ StatTrak™ Bayonet | Bright Water (Factory New)
4piFIFN0YXRUcmFr4oSiIEJheW9uZXQgfCBCcmlnaHQgV2F0ZXIgKEZpZWxkLVRlc3RlZCk=,19274.csv,1684811550665,★ StatTrak™ Bayonet | Bright Water (Field-Tested)
4piFIFN0YXRUcmFr4oSiIEJheW9uZXQgfCBCcmlnaHQgV2F0ZXIgKE1pbmltYWwgV2Vhcik=,19275.csv,1684811572058,★ StatTrak™ Bayonet | Bright Water (Minimal Wear)
4piFIFN0YXRUcmFr4oSiIEJheW9uZXQgfCBCcmlnaHQgV2F0ZXIgKFdlbGwtV29ybik=,19276.csv,1684811585720,★ StatTrak™ Bayonet | Bright Water (Well-Worn)
4piFIFN0YXRUcmFr4oSiIEJheW9uZXQgfCBDYXNlIEhhcmRlbmVkIChCYXR0bGUtU2NhcnJlZCk=,19277.csv,1684811883300,★ StatTrak™ Bayonet | Case Hardened (Battle-Scarred)
4piFIFN0YXRUcmFr4oSiIEJheW9uZXQgfCBDYXNlIEhhcmRlbmVkIChGaWVsZC1UZXN0ZWQp,19278.csv,1684811872675,★ StatTrak™ Bayonet | Case Hardened (Field-Tested)
4piFIFN0YXRUcmFr4oSiIEJheW9uZXQgfCBDYXNlIEhhcmRlbmVkIChNaW5pbWFsIFdlYXIp,19279.csv,1684811893864,★ StatTrak™ Bayonet | Case Hardened (Minimal Wear)
4piFIFN0YXRUcmFr4oSiIEJheW9uZXQgfCBDcmltc29uIFdlYiAoRmllbGQtVGVzdGVkKQ==,19280.csv,1684811507442,★ StatTrak™ Bayonet | Crimson Web (Field-Tested)
4piFIFN0YXRUcmFr4oSiIEJheW9uZXQgfCBDcmltc29uIFdlYiAoV2VsbC1Xb3JuKQ==,19281.csv,1684811518397,★ StatTrak™ Bayonet | Crimson Web (Well-Worn)
4piFIFN0YXRUcmFr4oSiIEJheW9uZXQgfCBEYW1hc2N1cyBTdGVlbCAoRmFjdG9yeSBOZXcp,19282.csv,1684811387922,★ StatTrak™ Bayonet | Damascus Steel (Factory New)
4piFIFN0YXRUcmFr4oSiIEJheW9uZXQgfCBEYW1hc2N1cyBTdGVlbCAoRmllbGQtVGVzdGVkKQ==,19283.csv,1684811377195,★ StatTrak™ Bayonet | Damascus Steel (Field-Tested)
4piFIFN0YXRUcmFr4oSiIEJheW9uZXQgfCBEYW1hc2N1cyBTdGVlbCAoTWluaW1hbCBXZWFyKQ==,19284.csv,1684811398866,★ StatTrak™ Bayonet | Damascus Steel (Minimal Wear)
4piFIFN0YXRUcmFr4oSiIEJheW9uZXQgfCBEb3BwbGVyIChGYWN0b3J5IE5ldyk=,19285.csv,1684811366257,★ StatTrak™ Bayonet | Doppler (Factory New)
4piFIFN0YXRUcmFr4oSiIEJheW9uZXQgfCBGYWRlIChGYWN0b3J5IE5ldyk=,19286.csv,1684811528932,★ StatTrak™ Bayonet | Fade (Factory New)
4piFIFN0YXRUcmFr4oSiIEJheW9uZXQgfCBGb3Jlc3QgRERQQVQgKEJhdHRsZS1TY2FycmVkKQ==,19287.csv,1684811485720,★ StatTrak™ Bayonet | Forest DDPAT (Battle-Scarred)
4piFIFN0YXRUcmFr4oSiIEJheW9uZXQgfCBGb3Jlc3QgRERQQVQgKEZpZWxkLVRlc3RlZCk=,19288.csv,1684811475175,★ StatTrak™ Bayonet | Forest DDPAT (Field-Tested)
4piFIFN0YXRUcmFr4oSiIEJheW9uZXQgfCBGb3Jlc3QgRERQQVQgKE1pbmltYWwgV2Vhcik=,19289.csv,1684811496304,★ StatTrak™ Bayonet | Forest DDPAT (Minimal Wear)
4piFIFN0YXRUcmFr4oSiIEJheW9uZXQgfCBGcmVlaGFuZCAoRmFjdG9yeSBOZXcp,19290.csv,1684811753060,★ StatTrak™ Bayonet | Freehand (Factory New)
4piFIFN0YXRUcmFr4oSiIEJheW9uZXQgfCBGcmVlaGFuZCAoRmllbGQtVGVzdGVkKQ==,19291.csv,1684811742423,★ StatTrak™ Bayonet | Freehand (Field-Tested)
4piFIFN0YXRUcmFr4oSiIEJheW9uZXQgfCBGcmVlaGFuZCAoTWluaW1hbCBXZWFyKQ==,19292.csv,1684811765118,★ StatTrak™ Bayonet | Freehand (Minimal Wear)
4piFIFN0YXRUcmFr4oSiIEJheW9uZXQgfCBHYW1tYSBEb3BwbGVyIChGYWN0b3J5IE5ldyk=,19293.csv,1684811208655,★ StatTrak™ Bayonet | Gamma Doppler (Factory New)
4piFIFN0YXRUcmFr4oSiIEJheW9uZXQgfCBHYW1tYSBEb3BwbGVyIChNaW5pbWFsIFdlYXIp,19294.csv,1684811219173,★ StatTrak™ Bayonet | Gamma Doppler (Minimal Wear)
4piFIFN0YXRUcmFr4oSiIEJheW9uZXQgfCBMb3JlIChCYXR0bGUtU2NhcnJlZCk=,19295.csv,1684811175572,★ StatTrak™ Bayonet | Lore (Battle-Scarred)
4piFIFN0YXRUcmFr4oSiIEJheW9uZXQgfCBMb3JlIChGYWN0b3J5IE5ldyk=,19296.csv,1685117005644,★ StatTrak™ Bayonet | Lore (Factory New)
4piFIFN0YXRUcmFr4oSiIEJheW9uZXQgfCBMb3JlIChGaWVsZC1UZXN0ZWQp,19297.csv,1684811164613,★ StatTrak™ Bayonet | Lore (Field-Tested)
4piFIFN0YXRUcmFr4oSiIEJheW9uZXQgfCBMb3JlIChNaW5pbWFsIFdlYXIp,19298.csv,1684811186210,★ StatTrak™ Bayonet | Lore (Minimal Wear)
4piFIFN0YXRUcmFr4oSiIEJheW9uZXQgfCBMb3JlIChXZWxsLVdvcm4p,19299.csv,1684811196952,★ StatTrak™ Bayonet | Lore (Well-Worn)
4piFIFN0YXRUcmFr4oSiIEJheW9uZXQgfCBNYXJibGUgRmFkZSAoRmFjdG9yeSBOZXcp,19300.csv,1684811539880,★ StatTrak™ Bayonet | Marble Fade (Factory New)
4piFIFN0YXRUcmFr4oSiIEJheW9uZXQgfCBOaWdodCAoRmllbGQtVGVzdGVkKQ==,19301.csv,1684811334317,★ StatTrak™ Bayonet | Night (Field-Tested)
4piFIFN0YXRUcmFr4oSiIEJheW9uZXQgfCBOaWdodCAoTWluaW1hbCBXZWFyKQ==,19302.csv,1684811344908,★ StatTrak™ Bayonet | Night (Minimal Wear)
4piFIFN0YXRUcmFr4oSiIEJheW9uZXQgfCBSdXN0IENvYXQgKEJhdHRsZS1TY2FycmVkKQ==,19303.csv,1684811355559,★ StatTrak™ Bayonet | Rust Coat (Battle-Scarred)
4piFIFN0YXRUcmFr4oSiIEJheW9uZXQgfCBTYWZhcmkgTWVzaCAoRmllbGQtVGVzdGVkKQ==,19304.csv,1684811657162,★ StatTrak™ Bayonet | Safari Mesh (Field-Tested)
4piFIFN0YXRUcmFr4oSiIEJheW9uZXQgfCBTYWZhcmkgTWVzaCAoTWluaW1hbCBXZWFyKQ==,19305.csv,1684811667742,★ StatTrak™ Bayonet | Safari Mesh (Minimal Wear)
4piFIFN0YXRUcmFr4oSiIEJheW9uZXQgfCBTYWZhcmkgTWVzaCAoV2VsbC1Xb3JuKQ==,19306.csv,1684811678236,★ StatTrak™ Bayonet | Safari Mesh (Well-Worn)
4piFIFN0YXRUcmFr4oSiIEJheW9uZXQgfCBTY29yY2hlZCAoQmF0dGxlLVNjYXJyZWQp,19307.csv,1684811442920,★ StatTrak™ Bayonet | Scorched (Battle-Scarred)
4piFIFN0YXRUcmFr4oSiIEJheW9uZXQgfCBTY29yY2hlZCAoRmllbGQtVGVzdGVkKQ==,19308.csv,1684811432232,★ StatTrak™ Bayonet | Scorched (Field-Tested)
4piFIFN0YXRUcmFr4oSiIEJheW9uZXQgfCBTY29yY2hlZCAoTWluaW1hbCBXZWFyKQ==,19309.csv,1684811453611,★ StatTrak™ Bayonet | Scorched (Minimal Wear)
4piFIFN0YXRUcmFr4oSiIEJheW9uZXQgfCBTY29yY2hlZCAoV2VsbC1Xb3JuKQ==,19310.csv,1684811464305,★ StatTrak™ Bayonet | Scorched (Well-Worn)
4piFIFN0YXRUcmFr4oSiIEJheW9uZXQgfCBTbGF1Z2h0ZXIgKEZhY3RvcnkgTmV3KQ==,19311.csv,1684811409379,★ StatTrak™ Bayonet | Slaughter (Factory New)
4piFIFN0YXRUcmFr4oSiIEJheW9uZXQgfCBTbGF1Z2h0ZXIgKE1pbmltYWwgV2Vhcik=,19312.csv,1684811420095,★ StatTrak™ Bayonet | Slaughter (Minimal Wear)
4piFIFN0YXRUcmFr4oSiIEJheW9uZXQgfCBTdGFpbmVkIChCYXR0bGUtU2NhcnJlZCk=,19313.csv,1684811132545,★ StatTrak™ Bayonet | Stained (Battle-Scarred)
4piFIFN0YXRUcmFr4oSiIEJheW9uZXQgfCBTdGFpbmVkIChGaWVsZC1UZXN0ZWQp,19314.csv,1684811121940,★ StatTrak™ Bayonet | Stained (Field-Tested)
4piFIFN0YXRUcmFr4oSiIEJheW9uZXQgfCBTdGFpbmVkIChNaW5pbWFsIFdlYXIp,19315.csv,1684811143174,★ StatTrak™ Bayonet | Stained (Minimal Wear)
4piFIFN0YXRUcmFr4oSiIEJheW9uZXQgfCBTdGFpbmVkIChXZWxsLVdvcm4p,19316.csv,1684811153712,★ StatTrak™ Bayonet | Stained (Well-Worn)
4piFIFN0YXRUcmFr4oSiIEJheW9uZXQgfCBUaWdlciBUb290aCAoRmFjdG9yeSBOZXcp,19317.csv,1684811861504,★ StatTrak™ Bayonet | Tiger Tooth (Factory New)
4piFIFN0YXRUcmFr4oSiIEJheW9uZXQgfCBVbHRyYXZpb2xldCAoQmF0dGxlLVNjYXJyZWQp,19318.csv,1684811786646,★ StatTrak™ Bayonet | Ultraviolet (Battle-Scarred)
4piFIFN0YXRUcmFr4oSiIEJheW9uZXQgfCBVbHRyYXZpb2xldCAoRmllbGQtVGVzdGVkKQ==,19319.csv,1684811775876,★ StatTrak™ Bayonet | Ultraviolet (Field-Tested)
4piFIFN0YXRUcmFr4oSiIEJheW9uZXQgfCBVbHRyYXZpb2xldCAoTWluaW1hbCBXZWFyKQ==,19320.csv,1684811797391,★ StatTrak™ Bayonet | Ultraviolet (Minimal Wear)
4piFIFN0YXRUcmFr4oSiIEJheW9uZXQgfCBVbHRyYXZpb2xldCAoV2VsbC1Xb3JuKQ==,19321.csv,1684811808031,★ StatTrak™ Bayonet | Ultraviolet (Well-Worn)
4piFIFN0YXRUcmFr4oSiIEJheW9uZXQgfCBVcmJhbiBNYXNrZWQgKEZpZWxkLVRlc3RlZCk=,19322.csv,1684811904612,★ StatTrak™ Bayonet | Urban Masked (Field-Tested)
4piFIFN0YXRUcmFr4oSiIEJheW9uZXQgfCBVcmJhbiBNYXNrZWQgKE1pbmltYWwgV2Vhcik=,19323.csv,1685117016434,★ StatTrak™ Bayonet | Urban Masked (Minimal Wear)
4piFIFN0YXRUcmFr4oSiIEJheW9uZXQgfCBVcmJhbiBNYXNrZWQgKFdlbGwtV29ybik=,19324.csv,1684811915290,★ StatTrak™ Bayonet | Urban Masked (Well-Worn)
4piFIFN0YXRUcmFr4oSiIEJheW9uZXQ=,19325.csv,1684811111360,★ StatTrak™ Bayonet
4piFIFN0YXRUcmFr4oSiIEJvd2llIEtuaWZlIHwgRG9wcGxlciAoRmFjdG9yeSBOZXcp,19357.csv,1685113955033,★ StatTrak™ Bowie Knife | Doppler (Factory New)
4piFIFN0YXRUcmFr4oSiIEJvd2llIEtuaWZlIHwgRmFkZSAoRmFjdG9yeSBOZXcp,19358.csv,1685114204821,★ StatTrak™ Bowie Knife | Fade (Factory New)
4piFIFN0YXRUcmFr4oSiIEJvd2llIEtuaWZlIHwgR2FtbWEgRG9wcGxlciAoRmFjdG9yeSBOZXcp,19366.csv,1685113771897,★ StatTrak™ Bowie Knife | Gamma Doppler (Factory New)
4piFIFN0YXRUcmFr4oSiIEJvd2llIEtuaWZlIHwgR2FtbWEgRG9wcGxlciAoTWluaW1hbCBXZWFyKQ==,19367.csv,1685113843290,★ StatTrak™ Bowie Knife | Gamma Doppler (Minimal Wear)
4piFIFN0YXRUcmFr4oSiIEJvd2llIEtuaWZlIHwgTWFyYmxlIEZhZGUgKEZhY3RvcnkgTmV3KQ==,19372.csv,1685114215994,★ StatTrak™ Bowie Knife | Marble Fade (Factory New)
4piFIFN0YXRUcmFr4oSiIEJvd2llIEtuaWZlIHwgTWFyYmxlIEZhZGUgKE1pbmltYWwgV2Vhcik=,19373.csv,1685114226681,★ StatTrak™ Bowie Knife | Marble Fade (Minimal Wear)
4piFIFN0YXRUcmFr4oSiIEJ1dHRlcmZseSBLbmlmZSB8IEJsYWNrIExhbWluYXRlIChGaWVsZC1UZXN0ZWQp,19402.csv,1685106238233,★ StatTrak™ Butterfly Knife | Black Laminate (Field-Tested)
4piFIFN0YXRUcmFr4oSiIEJ1dHRlcmZseSBLbmlmZSB8IEJsdWUgU3RlZWwgKEZpZWxkLVRlc3RlZCk=,19403.csv,1685106169924,★ StatTrak™ Butterfly Knife | Blue Steel (Field-Tested)
4piFIFN0YXRUcmFr4oSiIEJ1dHRlcmZseSBLbmlmZSB8IEJvcmVhbCBGb3Jlc3QgKEZpZWxkLVRlc3RlZCk=,19404.csv,1685105834950,★ StatTrak™ Butterfly Knife | Boreal Forest (Field-Tested)
4piFIFN0YXRUcmFr4oSiIEJ1dHRlcmZseSBLbmlmZSB8IEJvcmVhbCBGb3Jlc3QgKE1pbmltYWwgV2Vhcik=,19405.csv,1685105845717,★ StatTrak™ Butterfly Knife | Boreal Forest (Minimal Wear)
4piFIFN0YXRUcmFr4oSiIEJ1dHRlcmZseSBLbmlmZSB8IEJvcmVhbCBGb3Jlc3QgKFdlbGwtV29ybik=,19406.csv,1685105856540,★ StatTrak™ Butterfly Knife | Boreal Forest (Well-Worn)
4piFIFN0YXRUcmFr4oSiIEJ1dHRlcmZseSBLbmlmZSB8IEJyaWdodCBXYXRlciAoRmllbGQtVGVzdGVkKQ==,19407.csv,1685106093360,★ StatTrak™ Butterfly Knife | Bright Water (Field-Tested)
4piFIFN0YXRUcmFr4oSiIEJ1dHRlcmZseSBLbmlmZSB8IEJyaWdodCBXYXRlciAoV2VsbC1Xb3JuKQ==,19408.csv,1685106103914,★ StatTrak™ Butterfly Knife | Bright Water (Well-Worn)
4piFIFN0YXRUcmFr4oSiIEJ1dHRlcmZseSBLbmlmZSB8IENhc2UgSGFyZGVuZWQgKEJhdHRsZS1TY2FycmVkKQ==,19409.csv,1685106191924,★ StatTrak™ Butterfly Knife | Case Hardened (Battle-Scarred)
4piFIFN0YXRUcmFr4oSiIEJ1dHRlcmZseSBLbmlmZSB8IENhc2UgSGFyZGVuZWQgKEZpZWxkLVRlc3RlZCk=,19410.csv,1685106180989,★ StatTrak™ Butterfly Knife | Case Hardened (Field-Tested)
4piFIFN0YXRUcmFr4oSiIEJ1dHRlcmZseSBLbmlmZSB8IENhc2UgSGFyZGVuZWQgKFdlbGwtV29ybik=,19411.csv,1685106203753,★ StatTrak™ Butterfly Knife | Case Hardened (Well-Worn)
4piFIFN0YXRUcmFr4oSiIEJ1dHRlcmZseSBLbmlmZSB8IENyaW1zb24gV2ViIChCYXR0bGUtU2NhcnJlZCk=,19412.csv,1685106021771,★ StatTrak™ Butterfly Knife | Crimson Web (Battle-Scarred)
4piFIFN0YXRUcmFr4oSiIEJ1dHRlcmZseSBLbmlmZSB8IERhbWFzY3VzIFN0ZWVsIChGaWVsZC1UZXN0ZWQp,19413.csv,1685105934077,★ StatTrak™ Butterfly Knife | Damascus Steel (Field-Tested)
4piFIFN0YXRUcmFr4oSiIEJ1dHRlcmZseSBLbmlmZSB8IERhbWFzY3VzIFN0ZWVsIChXZWxsLVdvcm4p,19414.csv,1685105944710,★ StatTrak™ Butterfly Knife | Damascus Steel (Well-Worn)
4piFIFN0YXRUcmFr4oSiIEJ1dHRlcmZseSBLbmlmZSB8IEZvcmVzdCBERFBBVCAoQmF0dGxlLVNjYXJyZWQp,19415.csv,1685106000489,★ StatTrak™ Butterfly Knife | Forest DDPAT (Battle-Scarred)
4piFIFN0YXRUcmFr4oSiIEJ1dHRlcmZseSBLbmlmZSB8IEZvcmVzdCBERFBBVCAoRmllbGQtVGVzdGVkKQ==,19416.csv,1685105989855,★ StatTrak™ Butterfly Knife | Forest DDPAT (Field-Tested)
4piFIFN0YXRUcmFr4oSiIEJ1dHRlcmZseSBLbmlmZSB8IEZvcmVzdCBERFBBVCAoTWluaW1hbCBXZWFyKQ==,19417.csv,1685106011273,★ StatTrak™ Butterfly Knife | Forest DDPAT (Minimal Wear)
4piFIFN0YXRUcmFr4oSiIEJ1dHRlcmZseSBLbmlmZSB8IEZyZWVoYW5kIChGaWVsZC1UZXN0ZWQp,19418.csv,1685106147497,★ StatTrak™ Butterfly Knife | Freehand (Field-Tested)
4piFIFN0YXRUcmFr4oSiIEJ1dHRlcmZseSBLbmlmZSB8IExvcmUgKEJhdHRsZS1TY2FycmVkKQ==,19419.csv,1685105824451,★ StatTrak™ Butterfly Knife | Lore (Battle-Scarred)
4piFIFN0YXRUcmFr4oSiIEJ1dHRlcmZseSBLbmlmZSB8IE5pZ2h0IChCYXR0bGUtU2NhcnJlZCk=,19420.csv,1685105879917,★ StatTrak™ Butterfly Knife | Night (Battle-Scarred)
4piFIFN0YXRUcmFr4oSiIEJ1dHRlcmZseSBLbmlmZSB8IE5pZ2h0IChGaWVsZC1UZXN0ZWQp,19421.csv,1685105867789,★ StatTrak™ Butterfly Knife | Night (Field-Tested)
4piFIFN0YXRUcmFr4oSiIEJ1dHRlcmZseSBLbmlmZSB8IE5pZ2h0IChNaW5pbWFsIFdlYXIp,19422.csv,1685105890742,★ StatTrak™ Butterfly Knife | Night (Minimal Wear)
4piFIFN0YXRUcmFr4oSiIEJ1dHRlcmZseSBLbmlmZSB8IE5pZ2h0IChXZWxsLVdvcm4p,19423.csv,1685105901350,★ StatTrak™ Butterfly Knife | Night (Well-Worn)
4piFIFN0YXRUcmFr4oSiIEJ1dHRlcmZseSBLbmlmZSB8IFJ1c3QgQ29hdCAoQmF0dGxlLVNjYXJyZWQp,19424.csv,1685105912220,★ StatTrak™ Butterfly Knife | Rust Coat (Battle-Scarred)
4piFIFN0YXRUcmFr4oSiIEJ1dHRlcmZseSBLbmlmZSB8IFJ1c3QgQ29hdCAoV2VsbC1Xb3JuKQ==,19425.csv,1685105923127,★ StatTrak™ Butterfly Knife | Rust Coat (Well-Worn)
4piFIFN0YXRUcmFr4oSiIEJ1dHRlcmZseSBLbmlmZSB8IFNhZmFyaSBNZXNoIChGaWVsZC1UZXN0ZWQp,19426.csv,1685106114787,★ StatTrak™ Butterfly Knife | Safari Mesh (Field-Tested)
4piFIFN0YXRUcmFr4oSiIEJ1dHRlcmZseSBLbmlmZSB8IFNhZmFyaSBNZXNoIChNaW5pbWFsIFdlYXIp,19427.csv,1685106125382,★ StatTrak™ Butterfly Knife | Safari Mesh (Minimal Wear)
4piFIFN0YXRUcmFr4oSiIEJ1dHRlcmZseSBLbmlmZSB8IFNhZmFyaSBNZXNoIChXZWxsLVdvcm4p,19428.csv,1685106136611,★ StatTrak™ Butterfly Knife | Safari Mesh (Well-Worn)
4piFIFN0YXRUcmFr4oSiIEJ1dHRlcmZseSBLbmlmZSB8IFNjb3JjaGVkIChGaWVsZC1UZXN0ZWQp,19429.csv,1685105955255,★ StatTrak™ Butterfly Knife | Scorched (Field-Tested)
4piFIFN0YXRUcmFr4oSiIEJ1dHRlcmZseSBLbmlmZSB8IFNjb3JjaGVkIChNaW5pbWFsIFdlYXIp,19430.csv,1685105966023,★ StatTrak™ Butterfly Knife | Scorched (Minimal Wear)
4piFIFN0YXRUcmFr4oSiIEJ1dHRlcmZseSBLbmlmZSB8IFNjb3JjaGVkIChXZWxsLVdvcm4p,19431.csv,1685105978836,★ StatTrak™ Butterfly Knife | Scorched (Well-Worn)
4piFIFN0YXRUcmFr4oSiIEJ1dHRlcmZseSBLbmlmZSB8IFN0YWluZWQgKEJhdHRsZS1TY2FycmVkKQ==,19432.csv,1685105792109,★ StatTrak™ Butterfly Knife | Stained (Battle-Scarred)
4piFIFN0YXRUcmFr4oSiIEJ1dHRlcmZseSBLbmlmZSB8IFN0YWluZWQgKEZpZWxkLVRlc3RlZCk=,19433.csv,1685105781552,★ StatTrak™ Butterfly Knife | Stained (Field-Tested)
4piFIFN0YXRUcmFr4oSiIEJ1dHRlcmZseSBLbmlmZSB8IFN0YWluZWQgKE1pbmltYWwgV2Vhcik=,19434.csv,1685105802877,★ StatTrak™ Butterfly Knife | Stained (Minimal Wear)
4piFIFN0YXRUcmFr4oSiIEJ1dHRlcmZseSBLbmlmZSB8IFN0YWluZWQgKFdlbGwtV29ybik=,19435.csv,1685105813872,★ StatTrak™ Butterfly Knife | Stained (Well-Worn)
4piFIFN0YXRUcmFr4oSiIEJ1dHRlcmZseSBLbmlmZSB8IFVsdHJhdmlvbGV0IChGaWVsZC1UZXN0ZWQp,19436.csv,1685106159093,★ StatTrak™ Butterfly Knife | Ultraviolet (Field-Tested)
4piFIFN0YXRUcmFr4oSiIEJ1dHRlcmZseSBLbmlmZSB8IFVyYmFuIE1hc2tlZCAoQmF0dGxlLVNjYXJyZWQp,19437.csv,1685106227252,★ StatTrak™ Butterfly Knife | Urban Masked (Battle-Scarred)
4piFIFN0YXRUcmFr4oSiIEJ1dHRlcmZseSBLbmlmZSB8IFVyYmFuIE1hc2tlZCAoRmllbGQtVGVzdGVkKQ==,19438.csv,1685106216140,★ StatTrak™ Butterfly Knife | Urban Masked (Field-Tested)
4piFIFN0YXRUcmFr4oSiIENsYXNzaWMgS25pZmUgfCBGYWRlIChGYWN0b3J5IE5ldyk=,19455.csv,1685093768884,★ StatTrak™ Classic Knife | Fade (Factory New)
4piFIFN0YXRUcmFr4oSiIEZhbGNoaW9uIEtuaWZlIHwgRG9wcGxlciAoRmFjdG9yeSBOZXcp,19512.csv,1685065544980,★ StatTrak™ Falchion Knife | Doppler (Factory New)
4piFIFN0YXRUcmFr4oSiIEZhbGNoaW9uIEtuaWZlIHwgRG9wcGxlciAoTWluaW1hbCBXZWFyKQ==,19513.csv,1685065555571,★ StatTrak™ Falchion Knife | Doppler (Minimal Wear)
4piFIFN0YXRUcmFr4oSiIEZhbGNoaW9uIEtuaWZlIHwgRmFkZSAoRmFjdG9yeSBOZXcp,19514.csv,1685065770175,★ StatTrak™ Falchion Knife | Fade (Factory New)
4piFIFN0YXRUcmFr4oSiIEZhbGNoaW9uIEtuaWZlIHwgR2FtbWEgRG9wcGxlciAoRmFjdG9yeSBOZXcp,19523.csv,1685065356242,★ StatTrak™ Falchion Knife | Gamma Doppler (Factory New)
4piFIFN0YXRUcmFr4oSiIEZhbGNoaW9uIEtuaWZlIHwgR2FtbWEgRG9wcGxlciAoTWluaW1hbCBXZWFyKQ==,19524.csv,1685065366797,★ StatTrak™ Falchion Knife | Gamma Doppler (Minimal Wear)
4piFIFN0YXRUcmFr4oSiIEZhbGNoaW9uIEtuaWZlIHwgTWFyYmxlIEZhZGUgKEZhY3RvcnkgTmV3KQ==,19530.csv,1685065780912,★ StatTrak™ Falchion Knife | Marble Fade (Factory New)
4piFIFN0YXRUcmFr4oSiIEZsaXAgS25pZmUgfCBEb3BwbGVyIChGYWN0b3J5IE5ldyk=,19589.csv,1685073151635,★ StatTrak™ Flip Knife | Doppler (Factory New)
4piFIFN0YXRUcmFr4oSiIEZsaXAgS25pZmUgfCBEb3BwbGVyIChNaW5pbWFsIFdlYXIp,19590.csv,1685073162653,★ StatTrak™ Flip Knife | Doppler (Minimal Wear)
4piFIFN0YXRUcmFr4oSiIEZsaXAgS25pZmUgfCBGYWRlIChGYWN0b3J5IE5ldyk=,19591.csv,1685073334728,★ StatTrak™ Flip Knife | Fade (Factory New)
4piFIFN0YXRUcmFr4oSiIEZsaXAgS25pZmUgfCBHYW1tYSBEb3BwbGVyIChGYWN0b3J5IE5ldyk=,19597.csv,1685073002516,★ StatTrak™ Flip Knife | Gamma Doppler (Factory New)
4piFIFN0YXRUcmFr4oSiIEZsaXAgS25pZmUgfCBNYXJibGUgRmFkZSAoRmFjdG9yeSBOZXcp,19603.csv,1685073345811,★ StatTrak™ Flip Knife | Marble Fade (Factory New)
4piFIFN0YXRUcmFr4oSiIEd1dCBLbmlmZSB8IERvcHBsZXIgKEZhY3RvcnkgTmV3KQ==,19663.csv,1685102199040,★ StatTrak™ Gut Knife | Doppler (Factory New)
4piFIFN0YXRUcmFr4oSiIEd1dCBLbmlmZSB8IERvcHBsZXIgKE1pbmltYWwgV2Vhcik=,19664.csv,1685102209649,★ StatTrak™ Gut Knife | Doppler (Minimal Wear)
4piFIFN0YXRUcmFr4oSiIEd1dCBLbmlmZSB8IEZhZGUgKEZhY3RvcnkgTmV3KQ==,19665.csv,1685102478552,★ StatTrak™ Gut Knife | Fade (Factory New)
4piFIFN0YXRUcmFr4oSiIEd1dCBLbmlmZSB8IEdhbW1hIERvcHBsZXIgKEZhY3RvcnkgTmV3KQ==,19675.csv,1685102110659,★ StatTrak™ Gut Knife | Gamma Doppler (Factory New)
4piFIFN0YXRUcmFr4oSiIEd1dCBLbmlmZSB8IE1hcmJsZSBGYWRlIChGYWN0b3J5IE5ldyk=,19681.csv,1685102489652,★ StatTrak™ Gut Knife | Marble Fade (Factory New)
4piFIFN0YXRUcmFr4oSiIEd1dCBLbmlmZSB8IE1hcmJsZSBGYWRlIChNaW5pbWFsIFdlYXIp,19682.csv,1685102500234,★ StatTrak™ Gut Knife | Marble Fade (Minimal Wear)
4piFIFN0YXRUcmFr4oSiIEh1bnRzbWFuIEtuaWZlIHwgRG9wcGxlciAoRmFjdG9yeSBOZXcp,19734.csv,1685098430876,★ StatTrak™ Huntsman Knife | Doppler (Factory New)
4piFIFN0YXRUcmFr4oSiIEh1bnRzbWFuIEtuaWZlIHwgRG9wcGxlciAoTWluaW1hbCBXZWFyKQ==,19735.csv,1685098441359,★ StatTrak™ Huntsman Knife | Doppler (Minimal Wear)
4piFIFN0YXRUcmFr4oSiIEh1bnRzbWFuIEtuaWZlIHwgRmFkZSAoRmFjdG9yeSBOZXcp,19736.csv,1685098652870,★ StatTrak™ Huntsman Knife | Fade (Factory New)
4piFIFN0YXRUcmFr4oSiIEh1bnRzbWFuIEtuaWZlIHwgR2FtbWEgRG9wcGxlciAoRmFjdG9yeSBOZXcp,19744.csv,1685098323002,★ StatTrak™ Huntsman Knife | Gamma Doppler (Factory New)
4piFIFN0YXRUcmFr4oSiIEh1bnRzbWFuIEtuaWZlIHwgR2FtbWEgRG9wcGxlciAoTWluaW1hbCBXZWFyKQ==,19745.csv,1685098333583,★ StatTrak™ Huntsman Knife | Gamma Doppler (Minimal Wear)
4piFIFN0YXRUcmFr4oSiIEh1bnRzbWFuIEtuaWZlIHwgTWFyYmxlIEZhZGUgKEZhY3RvcnkgTmV3KQ==,19751.csv,1685098663797,★ StatTrak™ Huntsman Knife | Marble Fade (Factory New)
4piFIFN0YXRUcmFr4oSiIEh1bnRzbWFuIEtuaWZlIHwgTWFyYmxlIEZhZGUgKE1pbmltYWwgV2Vhcik=,19752.csv,1685098674430,★ StatTrak™ Huntsman Knife | Marble Fade (Minimal Wear)
4piFIFN0YXRUcmFr4oSiIEthcmFtYml0IHwgQXV0b3Ryb25pYyAoQmF0dGxlLVNjYXJyZWQp,19781.csv,1685096734417,★ StatTrak™ Karambit | Autotronic (Battle-Scarred)
4piFIFN0YXRUcmFr4oSiIEthcmFtYml0IHwgQXV0b3Ryb25pYyAoRmllbGQtVGVzdGVkKQ==,19782.csv,1685096723872,★ StatTrak™ Karambit | Autotronic (Field-Tested)
4piFIFN0YXRUcmFr4oSiIEthcmFtYml0IHwgQXV0b3Ryb25pYyAoV2VsbC1Xb3JuKQ==,19783.csv,1685096745111,★ StatTrak™ Karambit | Autotronic (Well-Worn)
4piFIFN0YXRUcmFr4oSiIEthcmFtYml0IHwgQmxhY2sgTGFtaW5hdGUgKEJhdHRsZS1TY2FycmVkKQ==,19784.csv,1685096885874,★ StatTrak™ Karambit | Black Laminate (Battle-Scarred)
4piFIFN0YXRUcmFr4oSiIEthcmFtYml0IHwgQmxhY2sgTGFtaW5hdGUgKE1pbmltYWwgV2Vhcik=,19785.csv,1685096896749,★ StatTrak™ Karambit | Black Laminate (Minimal Wear)
4piFIFN0YXRUcmFr4oSiIEthcmFtYml0IHwgQmxhY2sgTGFtaW5hdGUgKFdlbGwtV29ybik=,19786.csv,1685096907408,★ StatTrak™ Karambit | Black Laminate (Well-Worn)
4piFIFN0YXRUcmFr4oSiIEthcmFtYml0IHwgQmx1ZSBTdGVlbCAoV2VsbC1Xb3JuKQ==,19787.csv,1685096821690,★ StatTrak™ Karambit | Blue Steel (Well-Worn)
4piFIFN0YXRUcmFr4oSiIEthcmFtYml0IHwgQm9yZWFsIEZvcmVzdCAoQmF0dGxlLVNjYXJyZWQp,19788.csv,1685096426840,★ StatTrak™ Karambit | Boreal Forest (Battle-Scarred)
4piFIFN0YXRUcmFr4oSiIEthcmFtYml0IHwgQm9yZWFsIEZvcmVzdCAoRmllbGQtVGVzdGVkKQ==,19789.csv,1685096416208,★ StatTrak™ Karambit | Boreal Forest (Field-Tested)
4piFIFN0YXRUcmFr4oSiIEthcmFtYml0IHwgQm9yZWFsIEZvcmVzdCAoTWluaW1hbCBXZWFyKQ==,19790.csv,1685096438185,★ StatTrak™ Karambit | Boreal Forest (Minimal Wear)
4piFIFN0YXRUcmFr4oSiIEthcmFtYml0IHwgQnJpZ2h0IFdhdGVyIChGYWN0b3J5IE5ldyk=,19791.csv,1685096669869,★ StatTrak™ Karambit | Bright Water (Factory New)
4piFIFN0YXRUcmFr4oSiIEthcmFtYml0IHwgQnJpZ2h0IFdhdGVyIChGaWVsZC1UZXN0ZWQp,19792.csv,1685096659306,★ StatTrak™ Karambit | Bright Water (Field-Tested)
4piFIFN0YXRUcmFr4oSiIEthcmFtYml0IHwgQnJpZ2h0IFdhdGVyIChNaW5pbWFsIFdlYXIp,19793.csv,1685096680385,★ StatTrak™ Karambit | Bright Water (Minimal Wear)
4piFIFN0YXRUcmFr4oSiIEthcmFtYml0IHwgQ2FzZSBIYXJkZW5lZCAoRmllbGQtVGVzdGVkKQ==,19794.csv,1685096832288,★ StatTrak™ Karambit | Case Hardened (Field-Tested)
4piFIFN0YXRUcmFr4oSiIEthcmFtYml0IHwgQ2FzZSBIYXJkZW5lZCAoV2VsbC1Xb3JuKQ==,19795.csv,1685096843055,★ StatTrak™ Karambit | Case Hardened (Well-Worn)
4piFIFN0YXRUcmFr4oSiIEthcmFtYml0IHwgQ3JpbXNvbiBXZWIgKEJhdHRsZS1TY2FycmVkKQ==,19796.csv,1685096587968,★ StatTrak™ Karambit | Crimson Web (Battle-Scarred)
4piFIFN0YXRUcmFr4oSiIEthcmFtYml0IHwgQ3JpbXNvbiBXZWIgKEZpZWxkLVRlc3RlZCk=,19797.csv,1685096577504,★ StatTrak™ Karambit | Crimson Web (Field-Tested)
4piFIFN0YXRUcmFr4oSiIEthcmFtYml0IHwgRGFtYXNjdXMgU3RlZWwgKEZhY3RvcnkgTmV3KQ==,19798.csv,1685096512857,★ StatTrak™ Karambit | Damascus Steel (Factory New)
4piFIFN0YXRUcmFr4oSiIEthcmFtYml0IHwgRGFtYXNjdXMgU3RlZWwgKEZpZWxkLVRlc3RlZCk=,19799.csv,1685096502282,★ StatTrak™ Karambit | Damascus Steel (Field-Tested)
4piFIFN0YXRUcmFr4oSiIEthcmFtYml0IHwgRG9wcGxlciAoRmFjdG9yeSBOZXcp,19800.csv,1685096481048,★ StatTrak™ Karambit | Doppler (Factory New)
4piFIFN0YXRUcmFr4oSiIEthcmFtYml0IHwgRG9wcGxlciAoTWluaW1hbCBXZWFyKQ==,19801.csv,1685096491657,★ StatTrak™ Karambit | Doppler (Minimal Wear)
4piFIFN0YXRUcmFr4oSiIEthcmFtYml0IHwgRm9yZXN0IEREUEFUIChGaWVsZC1UZXN0ZWQp,19802.csv,1685096566825,★ StatTrak™ Karambit | Forest DDPAT (Field-Tested)
4piFIFN0YXRUcmFr4oSiIEthcmFtYml0IHwgRnJlZWhhbmQgKEZhY3RvcnkgTmV3KQ==,19803.csv,1685096768437,★ StatTrak™ Karambit | Freehand (Factory New)
4piFIFN0YXRUcmFr4oSiIEthcmFtYml0IHwgRnJlZWhhbmQgKEZpZWxkLVRlc3RlZCk=,19804.csv,1685096757102,★ StatTrak™ Karambit | Freehand (Field-Tested)
4piFIFN0YXRUcmFr4oSiIEthcmFtYml0IHwgTG9yZSAoQmF0dGxlLVNjYXJyZWQp,19805.csv,1685096405490,★ StatTrak™ Karambit | Lore (Battle-Scarred)
4piFIFN0YXRUcmFr4oSiIEthcmFtYml0IHwgTG9yZSAoRmllbGQtVGVzdGVkKQ==,19806.csv,1685096394908,★ StatTrak™ Karambit | Lore (Field-Tested)
4piFIFN0YXRUcmFr4oSiIEthcmFtYml0IHwgTmlnaHQgKEZpZWxkLVRlc3RlZCk=,19807.csv,1685096448840,★ StatTrak™ Karambit | Night (Field-Tested)
4piFIFN0YXRUcmFr4oSiIEthcmFtYml0IHwgUnVzdCBDb2F0IChCYXR0bGUtU2NhcnJlZCk=,19808.csv,1685096459915,★ StatTrak™ Karambit | Rust Coat (Battle-Scarred)
4piFIFN0YXRUcmFr4oSiIEthcmFtYml0IHwgUnVzdCBDb2F0IChXZWxsLVdvcm4p,19809.csv,1685096470490,★ StatTrak™ Karambit | Rust Coat (Well-Worn)
4piFIFN0YXRUcmFr4oSiIEthcmFtYml0IHwgU2FmYXJpIE1lc2ggKEJhdHRsZS1TY2FycmVkKQ==,19810.csv,1685096702723,★ StatTrak™ Karambit | Safari Mesh (Battle-Scarred)
4piFIFN0YXRUcmFr4oSiIEthcmFtYml0IHwgU2FmYXJpIE1lc2ggKEZpZWxkLVRlc3RlZCk=,19811.csv,1685096691956,★ StatTrak™ Karambit | Safari Mesh (Field-Tested)
4piFIFN0YXRUcmFr4oSiIEthcmFtYml0IHwgU2FmYXJpIE1lc2ggKE1pbmltYWwgV2Vhcik=,19812.csv,1685096713292,★ StatTrak™ Karambit | Safari Mesh (Minimal Wear)
4piFIFN0YXRUcmFr4oSiIEthcmFtYml0IHwgU2NvcmNoZWQgKEJhdHRsZS1TY2FycmVkKQ==,19813.csv,1685096555840,★ StatTrak™ Karambit | Scorched (Battle-Scarred)
4piFIFN0YXRUcmFr4oSiIEthcmFtYml0IHwgU2NvcmNoZWQgKEZpZWxkLVRlc3RlZCk=,19814.csv,1685096545259,★ StatTrak™ Karambit | Scorched (Field-Tested)
4piFIFN0YXRUcmFr4oSiIEthcmFtYml0IHwgU2xhdWdodGVyIChGaWVsZC1UZXN0ZWQp,19815.csv,1685096523456,★ StatTrak™ Karambit | Slaughter (Field-Tested)
4piFIFN0YXRUcmFr4oSiIEthcmFtYml0IHwgU2xhdWdodGVyIChNaW5pbWFsIFdlYXIp,19816.csv,1685096534122,★ StatTrak™ Karambit | Slaughter (Minimal Wear)
4piFIFN0YXRUcmFr4oSiIEthcmFtYml0IHwgU3RhaW5lZCAoRmllbGQtVGVzdGVkKQ==,19817.csv,1685096362742,★ StatTrak™ Karambit | Stained (Field-Tested)
4piFIFN0YXRUcmFr4oSiIEthcmFtYml0IHwgU3RhaW5lZCAoTWluaW1hbCBXZWFyKQ==,19818.csv,1685096373419,★ StatTrak™ Karambit | Stained (Minimal Wear)
4piFIFN0YXRUcmFr4oSiIEthcmFtYml0IHwgU3RhaW5lZCAoV2VsbC1Xb3JuKQ==,19819.csv,1685096384134,★ StatTrak™ Karambit | Stained (Well-Worn)
4piFIFN0YXRUcmFr4oSiIEthcmFtYml0IHwgVWx0cmF2aW9sZXQgKEJhdHRsZS1TY2FycmVkKQ==,19820.csv,1685096789713,★ StatTrak™ Karambit | Ultraviolet (Battle-Scarred)
4piFIFN0YXRUcmFr4oSiIEthcmFtYml0IHwgVWx0cmF2aW9sZXQgKEZpZWxkLVRlc3RlZCk=,19821.csv,1685096779112,★ StatTrak™ Karambit | Ultraviolet (Field-Tested)
4piFIFN0YXRUcmFr4oSiIEthcmFtYml0IHwgVWx0cmF2aW9sZXQgKE1pbmltYWwgV2Vhcik=,19822.csv,1685096800500,★ StatTrak™ Karambit | Ultraviolet (Minimal Wear)
4piFIFN0YXRUcmFr4oSiIEthcmFtYml0IHwgVWx0cmF2aW9sZXQgKFdlbGwtV29ybik=,19823.csv,1685096811086,★ StatTrak™ Karambit | Ultraviolet (Well-Worn)
4piFIFN0YXRUcmFr4oSiIEthcmFtYml0IHwgVXJiYW4gTWFza2VkIChCYXR0bGUtU2NhcnJlZCk=,19824.csv,1685096864231,★ StatTrak™ Karambit | Urban Masked (Battle-Scarred)
4piFIFN0YXRUcmFr4oSiIEthcmFtYml0IHwgVXJiYW4gTWFza2VkIChGaWVsZC1UZXN0ZWQp,19825.csv,1685096853668,★ StatTrak™ Karambit | Urban Masked (Field-Tested)
4piFIFN0YXRUcmFr4oSiIEthcmFtYml0IHwgVXJiYW4gTWFza2VkIChNaW5pbWFsIFdlYXIp,19826.csv,1685096875253,★ StatTrak™ Karambit | Urban Masked (Minimal Wear)
4piFIFN0YXRUcmFr4oSiIE05IEJheW9uZXQgfCBBdXRvdHJvbmljIChGaWVsZC1UZXN0ZWQp,19827.csv,1684652076588,★ StatTrak™ M9 Bayonet | Autotronic (Field-Tested)
4piFIFN0YXRUcmFr4oSiIE05IEJheW9uZXQgfCBCbGFjayBMYW1pbmF0ZSAoRmllbGQtVGVzdGVkKQ==,19828.csv,1684652236378,★ StatTrak™ M9 Bayonet | Black Laminate (Field-Tested)
4piFIFN0YXRUcmFr4oSiIE05IEJheW9uZXQgfCBCbGFjayBMYW1pbmF0ZSAoV2VsbC1Xb3JuKQ==,19829.csv,1684652246969,★ StatTrak™ M9 Bayonet | Black Laminate (Well-Worn)
4piFIFN0YXRUcmFr4oSiIE05IEJheW9uZXQgfCBCbHVlIFN0ZWVsIChCYXR0bGUtU2NhcnJlZCk=,19830.csv,1684652150821,★ StatTrak™ M9 Bayonet | Blue Steel (Battle-Scarred)
4piFIFN0YXRUcmFr4oSiIE05IEJheW9uZXQgfCBCbHVlIFN0ZWVsIChGYWN0b3J5IE5ldyk=,19831.csv,1684652140194,★ StatTrak™ M9 Bayonet | Blue Steel (Factory New)
4piFIFN0YXRUcmFr4oSiIE05IEJheW9uZXQgfCBCbHVlIFN0ZWVsIChGaWVsZC1UZXN0ZWQp,19832.csv,1684652129724,★ StatTrak™ M9 Bayonet | Blue Steel (Field-Tested)
4piFIFN0YXRUcmFr4oSiIE05IEJheW9uZXQgfCBCbHVlIFN0ZWVsIChNaW5pbWFsIFdlYXIp,19833.csv,1684652161565,★ StatTrak™ M9 Bayonet | Blue Steel (Minimal Wear)
4piFIFN0YXRUcmFr4oSiIE05IEJheW9uZXQgfCBCbHVlIFN0ZWVsIChXZWxsLVdvcm4p,19834.csv,1684652172305,★ StatTrak™ M9 Bayonet | Blue Steel (Well-Worn)
4piFIFN0YXRUcmFr4oSiIE05IEJheW9uZXQgfCBCb3JlYWwgRm9yZXN0IChGaWVsZC1UZXN0ZWQp,19835.csv,1684651835426,★ StatTrak™ M9 Bayonet | Boreal Forest (Field-Tested)
4piFIFN0YXRUcmFr4oSiIE05IEJheW9uZXQgfCBCb3JlYWwgRm9yZXN0IChNaW5pbWFsIFdlYXIp,19836.csv,1685116032079,★ StatTrak™ M9 Bayonet | Boreal Forest (Minimal Wear)
4piFIFN0YXRUcmFr4oSiIE05IEJheW9uZXQgfCBCcmlnaHQgV2F0ZXIgKEZpZWxkLVRlc3RlZCk=,19837.csv,1684652034394,★ StatTrak™ M9 Bayonet | Bright Water (Field-Tested)
4piFIFN0YXRUcmFr4oSiIE05IEJheW9uZXQgfCBCcmlnaHQgV2F0ZXIgKE1pbmltYWwgV2Vhcik=,19838.csv,1684652044941,★ StatTrak™ M9 Bayonet | Bright Water (Minimal Wear)
4piFIFN0YXRUcmFr4oSiIE05IEJheW9uZXQgfCBDYXNlIEhhcmRlbmVkIChCYXR0bGUtU2NhcnJlZCk=,19839.csv,1684652193467,★ StatTrak™ M9 Bayonet | Case Hardened (Battle-Scarred)
4piFIFN0YXRUcmFr4oSiIE05IEJheW9uZXQgfCBDYXNlIEhhcmRlbmVkIChGaWVsZC1UZXN0ZWQp,19840.csv,1684652182881,★ StatTrak™ M9 Bayonet | Case Hardened (Field-Tested)
4piFIFN0YXRUcmFr4oSiIE05IEJheW9uZXQgfCBDYXNlIEhhcmRlbmVkIChXZWxsLVdvcm4p,19841.csv,1684652204019,★ StatTrak™ M9 Bayonet | Case Hardened (Well-Worn)
4piFIFN0YXRUcmFr4oSiIE05IEJheW9uZXQgfCBDcmltc29uIFdlYiAoRmllbGQtVGVzdGVkKQ==,19842.csv,1684652023750,★ StatTrak™ M9 Bayonet | Crimson Web (Field-Tested)
4piFIFN0YXRUcmFr4oSiIE05IEJheW9uZXQgfCBEYW1hc2N1cyBTdGVlbCAoRmFjdG9yeSBOZXcp,19843.csv,1684651888935,★ StatTrak™ M9 Bayonet | Damascus Steel (Factory New)
4piFIFN0YXRUcmFr4oSiIE05IEJheW9uZXQgfCBEYW1hc2N1cyBTdGVlbCAoRmllbGQtVGVzdGVkKQ==,19844.csv,1684651878009,★ StatTrak™ M9 Bayonet | Damascus Steel (Field-Tested)
4piFIFN0YXRUcmFr4oSiIE05IEJheW9uZXQgfCBEb3BwbGVyIChGYWN0b3J5IE5ldyk=,19845.csv,1684651867407,★ StatTrak™ M9 Bayonet | Doppler (Factory New)
4piFIFN0YXRUcmFr4oSiIE05IEJheW9uZXQgfCBGb3Jlc3QgRERQQVQgKEJhdHRsZS1TY2FycmVkKQ==,19846.csv,1684652013273,★ StatTrak™ M9 Bayonet | Forest DDPAT (Battle-Scarred)
4piFIFN0YXRUcmFr4oSiIE05IEJheW9uZXQgfCBGcmVlaGFuZCAoRmllbGQtVGVzdGVkKQ==,19847.csv,1684652087182,★ StatTrak™ M9 Bayonet | Freehand (Field-Tested)
4piFIFN0YXRUcmFr4oSiIE05IEJheW9uZXQgfCBGcmVlaGFuZCAoTWluaW1hbCBXZWFyKQ==,19848.csv,1684652097658,★ StatTrak™ M9 Bayonet | Freehand (Minimal Wear)
4piFIFN0YXRUcmFr4oSiIE05IEJheW9uZXQgfCBMb3JlIChCYXR0bGUtU2NhcnJlZCk=,19849.csv,1684651824866,★ StatTrak™ M9 Bayonet | Lore (Battle-Scarred)
4piFIFN0YXRUcmFr4oSiIE05IEJheW9uZXQgfCBMb3JlIChGaWVsZC1UZXN0ZWQp,19850.csv,1684651814259,★ StatTrak™ M9 Bayonet | Lore (Field-Tested)
4piFIFN0YXRUcmFr4oSiIE05IEJheW9uZXQgfCBOaWdodCAoRmllbGQtVGVzdGVkKQ==,19851.csv,1684651846123,★ StatTrak™ M9 Bayonet | Night (Field-Tested)
4piFIFN0YXRUcmFr4oSiIE05IEJheW9uZXQgfCBSdXN0IENvYXQgKEJhdHRsZS1TY2FycmVkKQ==,19852.csv,1684651856846,★ StatTrak™ M9 Bayonet | Rust Coat (Battle-Scarred)
4piFIFN0YXRUcmFr4oSiIE05IEJheW9uZXQgfCBTYWZhcmkgTWVzaCAoRmllbGQtVGVzdGVkKQ==,19853.csv,1684652055469,★ StatTrak™ M9 Bayonet | Safari Mesh (Field-Tested)
4piFIFN0YXRUcmFr4oSiIE05IEJheW9uZXQgfCBTYWZhcmkgTWVzaCAoV2VsbC1Xb3JuKQ==,19854.csv,1684652065956,★ StatTrak™ M9 Bayonet | Safari Mesh (Well-Worn)
4piFIFN0YXRUcmFr4oSiIE05IEJheW9uZXQgfCBTY29yY2hlZCAoQmF0dGxlLVNjYXJyZWQp,19855.csv,1684651920802,★ StatTrak™ M9 Bayonet | Scorched (Battle-Scarred)
4piFIFN0YXRUcmFr4oSiIE05IEJheW9uZXQgfCBTY29yY2hlZCAoRmllbGQtVGVzdGVkKQ==,19856.csv,1684651910062,★ StatTrak™ M9 Bayonet | Scorched (Field-Tested)
4piFIFN0YXRUcmFr4oSiIE05IEJheW9uZXQgfCBTY29yY2hlZCAoTWluaW1hbCBXZWFyKQ==,19857.csv,1684651931473,★ StatTrak™ M9 Bayonet | Scorched (Minimal Wear)
4piFIFN0YXRUcmFr4oSiIE05IEJheW9uZXQgfCBTY29yY2hlZCAoV2VsbC1Xb3JuKQ==,19858.csv,1684652002754,★ StatTrak™ M9 Bayonet | Scorched (Well-Worn)
4piFIFN0YXRUcmFr4oSiIE05IEJheW9uZXQgfCBTbGF1Z2h0ZXIgKEZpZWxkLVRlc3RlZCk=,19859.csv,1684651899489,★ StatTrak™ M9 Bayonet | Slaughter (Field-Tested)
4piFIFN0YXRUcmFr4oSiIE05IEJheW9uZXQgfCBTdGFpbmVkIChGaWVsZC1UZXN0ZWQp,19860.csv,1684651782692,★ StatTrak™ M9 Bayonet | Stained (Field-Tested)
4piFIFN0YXRUcmFr4oSiIE05IEJheW9uZXQgfCBTdGFpbmVkIChNaW5pbWFsIFdlYXIp,19861.csv,1684651793264,★ StatTrak™ M9 Bayonet | Stained (Minimal Wear)
4piFIFN0YXRUcmFr4oSiIE05IEJheW9uZXQgfCBTdGFpbmVkIChXZWxsLVdvcm4p,19862.csv,1684651803762,★ StatTrak™ M9 Bayonet | Stained (Well-Worn)
4piFIFN0YXRUcmFr4oSiIE05IEJheW9uZXQgfCBVbHRyYXZpb2xldCAoQmF0dGxlLVNjYXJyZWQp,19863.csv,1684652119177,★ StatTrak™ M9 Bayonet | Ultraviolet (Battle-Scarred)
4piFIFN0YXRUcmFr4oSiIE05IEJheW9uZXQgfCBVbHRyYXZpb2xldCAoRmllbGQtVGVzdGVkKQ==,19864.csv,1684652108665,★ StatTrak™ M9 Bayonet | Ultraviolet (Field-Tested)
4piFIFN0YXRUcmFr4oSiIE05IEJheW9uZXQgfCBVcmJhbiBNYXNrZWQgKEZpZWxkLVRlc3RlZCk=,19865.csv,1684652215108,★ StatTrak™ M9 Bayonet | Urban Masked (Field-Tested)
4piFIFN0YXRUcmFr4oSiIE05IEJheW9uZXQgfCBVcmJhbiBNYXNrZWQgKE1pbmltYWwgV2Vhcik=,19866.csv,1684652225856,★ StatTrak™ M9 Bayonet | Urban Masked (Minimal Wear)
4piFIFN0YXRUcmFr4oSiIE5hdmFqYSBLbmlmZSB8IERvcHBsZXIgKEZhY3RvcnkgTmV3KQ==,19889.csv,1685071292135,★ StatTrak™ Navaja Knife | Doppler (Factory New)
4piFIFN0YXRUcmFr4oSiIE5hdmFqYSBLbmlmZSB8IERvcHBsZXIgKE1pbmltYWwgV2Vhcik=,19890.csv,1685071302873,★ StatTrak™ Navaja Knife | Doppler (Minimal Wear)
4piFIFN0YXRUcmFr4oSiIE5hdmFqYSBLbmlmZSB8IEZhZGUgKEZhY3RvcnkgTmV3KQ==,19891.csv,1685071622795,★ StatTrak™ Navaja Knife | Fade (Factory New)
4piFIFN0YXRUcmFr4oSiIE5hdmFqYSBLbmlmZSB8IEZhZGUgKE1pbmltYWwgV2Vhcik=,19892.csv,1685071633465,★ StatTrak™ Navaja Knife | Fade (Minimal Wear)
4piFIFN0YXRUcmFr4oSiIE5hdmFqYSBLbmlmZSB8IE1hcmJsZSBGYWRlIChGYWN0b3J5IE5ldyk=,19897.csv,1685071644121,★ StatTrak™ Navaja Knife | Marble Fade (Factory New)
4piFIFN0YXRUcmFr4oSiIE5hdmFqYSBLbmlmZSB8IE1hcmJsZSBGYWRlIChNaW5pbWFsIFdlYXIp,19898.csv,1685071654702,★ StatTrak™ Navaja Knife | Marble Fade (Minimal Wear)
4piFIFN0YXRUcmFr4oSiIE5vbWFkIEtuaWZlIHwgRmFkZSAoRmFjdG9yeSBOZXcp,19943.csv,1685092602101,★ StatTrak™ Nomad Knife | Fade (Factory New)
4piFIFN0YXRUcmFr4oSiIFBhcmFjb3JkIEtuaWZlIHwgRmFkZSAoRmFjdG9yeSBOZXcp,19981.csv,1685104760100,★ StatTrak™ Paracord Knife | Fade (Factory New)
4piFIFN0YXRUcmFr4oSiIFNoYWRvdyBEYWdnZXJzIHwgRG9wcGxlciAoRmFjdG9yeSBOZXcp,20042.csv,1685079819218,★ StatTrak™ Shadow Daggers | Doppler (Factory New)
4piFIFN0YXRUcmFr4oSiIFNoYWRvdyBEYWdnZXJzIHwgRG9wcGxlciAoTWluaW1hbCBXZWFyKQ==,20043.csv,1685079830020,★ StatTrak™ Shadow Daggers | Doppler (Minimal Wear)
4piFIFN0YXRUcmFr4oSiIFNoYWRvdyBEYWdnZXJzIHwgRmFkZSAoRmFjdG9yeSBOZXcp,20044.csv,1685080035486,★ StatTrak™ Shadow Daggers | Fade (Factory New)
4piFIFN0YXRUcmFr4oSiIFNoYWRvdyBEYWdnZXJzIHwgR2FtbWEgRG9wcGxlciAoRmFjdG9yeSBOZXcp,20052.csv,1685079650445,★ StatTrak™ Shadow Daggers | Gamma Doppler (Factory New)
4piFIFN0YXRUcmFr4oSiIFNoYWRvdyBEYWdnZXJzIHwgTWFyYmxlIEZhZGUgKEZhY3RvcnkgTmV3KQ==,20058.csv,1685080107608,★ StatTrak™ Shadow Daggers | Marble Fade (Factory New)
4piFIFN0YXRUcmFr4oSiIFN0aWxldHRvIEtuaWZlIHwgRG9wcGxlciAoRmFjdG9yeSBOZXcp,20145.csv,1685100564433,★ StatTrak™ Stiletto Knife | Doppler (Factory New)
4piFIFN0YXRUcmFr4oSiIFN0aWxldHRvIEtuaWZlIHwgRmFkZSAoRmFjdG9yeSBOZXcp,20146.csv,1685100811404,★ StatTrak™ Stiletto Knife | Fade (Factory New)
4piFIFN0YXRUcmFr4oSiIFN0aWxldHRvIEtuaWZlIHwgTWFyYmxlIEZhZGUgKEZhY3RvcnkgTmV3KQ==,20151.csv,1685100822127,★ StatTrak™ Stiletto Knife | Marble Fade (Factory New)
4piFIFN0YXRUcmFr4oSiIFN1cnZpdmFsIEtuaWZlIHwgRmFkZSAoRmFjdG9yeSBOZXcp,20192.csv,1685088412762,★ StatTrak™ Survival Knife | Fade (Factory New)
4piFIFN0YXRUcmFr4oSiIFRhbG9uIEtuaWZlIHwgRG9wcGxlciAoRmFjdG9yeSBOZXcp,20236.csv,1685108788760,★ StatTrak™ Talon Knife | Doppler (Factory New)
4piFIFN0YXRUcmFr4oSiIFRhbG9uIEtuaWZlIHwgTWFyYmxlIEZhZGUgKEZhY3RvcnkgTmV3KQ==,20240.csv,1685108984747,★ StatTrak™ Talon Knife | Marble Fade (Factory New)
4piFIFN0YXRUcmFr4oSiIFVyc3VzIEtuaWZlIHwgRG9wcGxlciAoRmFjdG9yeSBOZXcp,20286.csv,1685094874315,★ StatTrak™ Ursus Knife | Doppler (Factory New)
4piFIFN0YXRUcmFr4oSiIFVyc3VzIEtuaWZlIHwgRG9wcGxlciAoTWluaW1hbCBXZWFyKQ==,20287.csv,1685094884956,★ StatTrak™ Ursus Knife | Doppler (Minimal Wear)
4piFIFN0YXRUcmFr4oSiIFVyc3VzIEtuaWZlIHwgRmFkZSAoRmFjdG9yeSBOZXcp,20288.csv,1685095191804,★ StatTrak™ Ursus Knife | Fade (Factory New)
4piFIFN0YXRUcmFr4oSiIFVyc3VzIEtuaWZlIHwgTWFyYmxlIEZhZGUgKEZhY3RvcnkgTmV3KQ==,20293.csv,1685095202510,★ StatTrak™ Ursus Knife | Marble Fade (Factory New)
4piFIFN0YXRUcmFr4oSiIFVyc3VzIEtuaWZlIHwgTWFyYmxlIEZhZGUgKE1pbmltYWwgV2Vhcik=,20294.csv,1685095213071,★ StatTrak™ Ursus Knife | Marble Fade (Minimal Wear)
4piFIFN0aWxldHRvIEtuaWZlIHwgRG9wcGxlciAoRmFjdG9yeSBOZXcp,20346.csv,1685101207920,★ Stiletto Knife | Doppler (Factory New)
4piFIFN0aWxldHRvIEtuaWZlIHwgRG9wcGxlciAoTWluaW1hbCBXZWFyKQ==,20347.csv,1685101219016,★ Stiletto Knife | Doppler (Minimal Wear)
4piFIFN0aWxldHRvIEtuaWZlIHwgRmFkZSAoRmFjdG9yeSBOZXcp,20348.csv,1685101554792,★ Stiletto Knife | Fade (Factory New)
4piFIFN0aWxldHRvIEtuaWZlIHwgRmFkZSAoTWluaW1hbCBXZWFyKQ==,20349.csv,1685101565378,★ Stiletto Knife | Fade (Minimal Wear)
4piFIFN0aWxldHRvIEtuaWZlIHwgTWFyYmxlIEZhZGUgKEZhY3RvcnkgTmV3KQ==,20354.csv,1685101576642,★ Stiletto Knife | Marble Fade (Factory New)
4piFIFN0aWxldHRvIEtuaWZlIHwgTWFyYmxlIEZhZGUgKE1pbmltYWwgV2Vhcik=,20355.csv,1685101587257,★ Stiletto Knife | Marble Fade (Minimal Wear)
4piFIFN1cnZpdmFsIEtuaWZlIHwgRmFkZSAoRmFjdG9yeSBOZXcp,20409.csv,1685089060609,★ Survival Knife | Fade (Factory New)
4piFIFN1cnZpdmFsIEtuaWZlIHwgRmFkZSAoTWluaW1hbCBXZWFyKQ==,20410.csv,1685089071708,★ Survival Knife | Fade (Minimal Wear)
4piFIFRhbG9uIEtuaWZlIHwgRG9wcGxlciAoRmFjdG9yeSBOZXcp,20466.csv,1685109377461,★ Talon Knife | Doppler (Factory New)
4piFIFRhbG9uIEtuaWZlIHwgRG9wcGxlciAoTWluaW1hbCBXZWFyKQ==,20467.csv,1685109449226,★ Talon Knife | Doppler (Minimal Wear)
4piFIFRhbG9uIEtuaWZlIHwgTWFyYmxlIEZhZGUgKEZhY3RvcnkgTmV3KQ==,20472.csv,1685109813587,★ Talon Knife | Marble Fade (Factory New)
4piFIFRhbG9uIEtuaWZlIHwgTWFyYmxlIEZhZGUgKE1pbmltYWwgV2Vhcik=,20473.csv,1685109824149,★ Talon Knife | Marble Fade (Minimal Wear)
4piFIFVyc3VzIEtuaWZlIHwgRG9wcGxlciAoRmFjdG9yeSBOZXcp,20534.csv,1685095597809,★ Ursus Knife | Doppler (Factory New)
4piFIFVyc3VzIEtuaWZlIHwgRG9wcGxlciAoTWluaW1hbCBXZWFyKQ==,20535.csv,1685095669197,★ Ursus Knife | Doppler (Minimal Wear)
4piFIFVyc3VzIEtuaWZlIHwgRmFkZSAoRmFjdG9yeSBOZXcp,20536.csv,1685096008539,★ Ursus Knife | Fade (Factory New)
4piFIFVyc3VzIEtuaWZlIHwgTWFyYmxlIEZhZGUgKEZhY3RvcnkgTmV3KQ==,20541.csv,1685096019587,★ Ursus Knife | Marble Fade (Factory New)
