timestamp,price_dollar,sells
1392944400000,41.405,198
1393030800000,35.08,225
1393117200000,33.149,183
1393203600000,36.266,128
1393290000000,40.936,90
1393376400000,41.973,90
1393462800000,42.482,75
1393549200000,42.854,123
1393635600000,31.551,238
1393722000000,29.886,202
1393808400000,28.995,195
1393894800000,30.949,135
1393981200000,30.728,150
1394067600000,32.941,122
1394154000000,33.226,174
1394240400000,30.973,210
1394326800000,29.365,231
1394413200000,28.222,223
1394499600000,30.773,181
1394586000000,30.072,195
1394672400000,30.781,120
1394758800000,34.829,149
1394845200000,32.178,274
1394931600000,30.699,252
1395018000000,30.875,203
1395104400000,31.23,183
1395190800000,29.834,222
1395277200000,29.674,194
1395363600000,31.046,189
1395450000000,30.299,263
1395536400000,28.896,269
1395622800000,29.315,251
1395709200000,30.521,222
1395795600000,29.847,234
1395882000000,29.785,245
1395968400000,29.458,268
1396054800000,29.292,332
1396141200000,28.807,328
1396227600000,29.004,324
1396314000000,30.781,208
1396400400000,28.88,274
1396486800000,28.633,267
1396573200000,27.981,341
1396659600000,28.387,297
1396746000000,27.944,335
1396832400000,28.356,339
1396918800000,27.79,325
1397005200000,28.546,309
1397091600000,28.802,315
1397178000000,28.614,399
1397264400000,28.8,346
1397350800000,28.371,373
1397437200000,28.024,349
1397523600000,27.616,378
1397610000000,26.728,407
1397696400000,27.1,394
1397782800000,26.68,376
1397869200000,26.799,430
1397955600000,26.261,443
1398042000000,25.694,439
1398128400000,26.461,431
1398214800000,26.094,354
1398301200000,26.175,419
1398387600000,26.808,429
1398474000000,26.881,449
1398560400000,26.02,457
1398646800000,25.298,482
1398733200000,26.145,455
1398819600000,26.2,517
1398906000000,25.846,506
1398992400000,22.423,731
1399078800000,21.986,634
1399165200000,21.602,727
1399251600000,20.89,684
1399338000000,20.738,596
1399424400000,21.974,616
1399510800000,22.064,604
1399597200000,19.073,685
1399683600000,18.101,706
1399770000000,15.983,691
1399856400000,15.727,565
1399942800000,16.518,556
1400029200000,16.805,528
1400115600000,15.748,711
1400202000000,15.579,752
1400288400000,15.351,714
1400374800000,15.007,660
1400461200000,14.751,646
1400547600000,15.258,626
1400634000000,15.343,668
1400720400000,14.995,627
1400806800000,14.697,770
1400893200000,14.654,682
1400979600000,14.17,643
1401066000000,14.331,646
1401152400000,14.407,585
1401238800000,13.864,757
1401325200000,13.666,653
1401411600000,13.96,666
1401498000000,13.672,685
1401584400000,13.461,688
1401670800000,12.874,767
1401757200000,13.447,620
1401843600000,13.434,668
1401930000000,12.815,649
1402016400000,12.882,644
1402102800000,12.497,632
1402189200000,11.917,685
1402275600000,12.08,656
1402362000000,12.34,628
1402448400000,11.745,653
1402534800000,11.597,820
1402621200000,12.024,739
1402707600000,12.451,831
1402794000000,12.284,822
1402880400000,12.768,866
1402966800000,11.536,951
1403053200000,11.655,740
1403139600000,11.287,810
1403226000000,9.947,964
1403312400000,9.46,894
1403398800000,9.097,986
1403485200000,8.833,935
1403571600000,8.66,808
1403658000000,9.176,813
1403744400000,9.311,779
1403830800000,9.535,841
1403917200000,9.865,927
1404003600000,9.691,1023
1404090000000,9.425,1006
1404176400000,10.529,914
1404262800000,7.607,1885
1404349200000,8.922,1051
1404435600000,9.469,864
1404522000000,9.713,896
1404608400000,9.773,933
1404694800000,9.958,1015
1404781200000,10.169,913
1404867600000,10.4,1013
1404954000000,10.415,1037
1405040400000,9.958,1057
1405126800000,10.25,936
1405213200000,10.375,935
1405299600000,10.564,1050
1405386000000,11.051,1061
1405472400000,10.949,1044
1405558800000,10.439,977
1405645200000,10.526,959
1405731600000,10.51,955
1405818000000,9.832,1066
1405904400000,10.129,995
1405990800000,10.232,939
1406077200000,10.462,995
1406163600000,10.479,991
1406250000000,10.951,1137
1406336400000,10.679,1135
1406422800000,10.974,1123
1406509200000,10.975,1157
1406595600000,11.179,1207
1406682000000,11.444,1129
1406768400000,11.496,1265
1406854800000,11.534,1298
1406941200000,12.62,1327
1407027600000,12.085,1418
1407114000000,11.474,1391
1407200400000,11.117,1484
1407286800000,11.56,1283
1407373200000,11.665,1293
1407459600000,12.012,1359
1407546000000,11.609,1164
1407632400000,11.61,1159
1407718800000,11.578,1357
1407805200000,11.536,1265
1407891600000,11.881,1279
1407978000000,12.765,1443
1408064400000,12.669,1614
1408150800000,12.812,1638
1408237200000,11.342,2081
1408323600000,11.402,1581
1408410000000,11.969,1330
1408496400000,11.781,1307
1408582800000,11.987,1361
1408669200000,11.943,1463
1408755600000,11.958,1417
1408842000000,11.973,1350
1408928400000,12.133,1569
1409014800000,12.49,1503
1409101200000,12.625,1455
1409187600000,12.524,1469
1409274000000,12.531,1603
1409360400000,12.756,1621
1409446800000,12.429,1512
1409533200000,13.082,1490
1409619600000,12.927,1397
1409706000000,13.338,1236
1409792400000,13.382,1243
1409878800000,12.659,1411
1409965200000,12.742,1519
1410051600000,12.508,1521
1410138000000,12.757,1280
1410224400000,12.896,1220
1410310800000,12.998,1261
1410397200000,12.824,1383
1410483600000,12.242,1620
1410570000000,12.217,1567
1410656400000,11.992,1450
1410742800000,12.161,1450
1410829200000,12.153,1339
1410915600000,12.079,1414
1411002000000,12.005,1500
1411088400000,11.92,1582
1411174800000,11.418,1771
1411261200000,11.426,1432
1411347600000,11.438,1390
1411434000000,11.459,1290
1411520400000,11.435,1216
1411606800000,11.503,1253
1411693200000,11.192,1591
1411779600000,10.867,1675
1411866000000,10.815,1605
1411952400000,10.798,1391
1412038800000,10.819,1527
1412125200000,11.004,1554
1412211600000,10.95,1571
1412298000000,11.179,1722
1412384400000,11.025,1871
1412470800000,10.705,1871
1412557200000,10.786,1617
1412643600000,10.956,1475
1412730000000,10.951,1627
1412816400000,10.985,1679
1412902800000,10.779,1861
1412989200000,10.846,2037
1413075600000,10.68,1878
1413162000000,10.584,1658
1413248400000,10.871,1444
1413334800000,10.673,1478
1413421200000,10.596,1628
1413507600000,10.314,1870
1413594000000,10.107,2143
1413680400000,9.843,1967
1413766800000,9.682,1705
1413853200000,9.727,1502
1413939600000,9.956,1550
1414026000000,9.85,1642
1414112400000,10.293,1921
1414198800000,10.759,1853
1414285200000,9.448,2312
1414371600000,9.155,1811
1414458000000,9.332,1665
1414544400000,9.327,1593
1414630800000,10.652,1541
1414717200000,9.37,2563
1414803600000,9.432,2314
1414890000000,9.105,2253
1414976400000,8.85,1788
1415062800000,9.045,1731
1415149200000,8.973,1626
1415235600000,8.938,1772
1415322000000,8.963,1800
1415408400000,9.096,2042
1415494800000,8.74,1947
1415581200000,8.528,1810
1415667600000,8.57,1880
1415754000000,7.019,5198
1415840400000,7.287,2800
1415926800000,7.385,2300
1416013200000,7.374,2434
1416099600000,7.365,2308
1416186000000,7.178,2039
1416272400000,7.356,1785
1416358800000,7.131,1697
1416445200000,7.118,1735
1416531600000,7,2130
1416618000000,7.144,2291
1416704400000,7.043,2048
1416790800000,7.023,2030
1416877200000,7.584,1697
1416963600000,7.68,2009
1417050000000,7.938,2713
1417136400000,8.111,2702
1417222800000,11.454,319
1417309200000,8.249,4379
1417395600000,6.948,2523
1417482000000,7.275,2136
1417568400000,7.875,1908
1417654800000,8.007,1832
1417741200000,8.443,2313
1417827600000,8.684,2649
1417914000000,8.382,2716
1418000400000,8.007,2344
1418086800000,8.245,2127
1418173200000,7.969,2585
1418259600000,8.336,2278
1418346000000,8.245,2305
1418432400000,8.471,2641
1418518800000,8.335,2422
1418605200000,8.23,2235
1418691600000,8.186,2223
1418778000000,7.998,2458
1418864400000,8.009,2484
1418950800000,8.174,2916
1419037200000,8.095,2841
1419123600000,8.013,2813
1419210000000,7.906,2849
1419296400000,8.08,2611
1419382800000,8.079,3438
1419469200000,8.976,3717
1419555600000,9.027,3449
1419642000000,9.018,3513
1419728400000,8.952,2904
1419814800000,8.848,3155
1419901200000,8.937,3219
1419987600000,8.858,2787
1420074000000,8.573,2709
1420160400000,8.66,3611
1420246800000,8.839,3354
1420333200000,8.824,3062
1420419600000,8.849,3188
1420506000000,9.107,2781
1420592400000,9.355,2463
1420678800000,9.187,2854
1420765200000,9.049,4572
1420851600000,9.317,4266
1420938000000,9.022,3826
1421024400000,9.052,3545
1421110800000,9.297,3473
1421197200000,9.254,3557
1421283600000,9.356,3660
1421370000000,9.095,4029
1421456400000,8.983,4438
1421542800000,8.901,4002
1421629200000,8.822,3662
1421715600000,9.027,3603
1421802000000,8.972,3392
1421888400000,9.025,3779
1421974800000,9.079,3994
1422061200000,9.396,4443
1422147600000,8.869,4722
1422234000000,8.565,4065
1422320400000,8.675,3858
1422406800000,8.846,3608
1422493200000,8.688,4224
1422579600000,8.807,5242
1422666000000,9.01,4858
1422752400000,8.684,4953
1422838800000,8.647,4119
1422925200000,8.762,4136
1423011600000,8.799,3788
1423098000000,8.659,3912
1423184400000,8.499,4211
1423270800000,8.846,4726
1423357200000,8.346,4507
1423443600000,8.56,3777
1423530000000,8.611,3196
1423616400000,8.535,3752
1423702800000,8.433,3760
1423789200000,8.526,4305
1423875600000,8.748,4683
1423962000000,8.481,4565
1424048400000,8.494,4551
1424134800000,8.362,3717
1424221200000,8.434,3507
1424307600000,8.48,3551
1424394000000,8.355,3893
1424480400000,8.437,3386
1424566800000,8.478,3320
1424653200000,8.453,3293
1424739600000,8.479,3157
1424826000000,8.61,3047
1424912400000,8.623,3062
1424998800000,8.356,4336
1425085200000,8.575,3849
1425171600000,8.415,3544
1425258000000,8.496,3096
1425344400000,8.574,3047
1425430800000,8.678,3072
1425517200000,8.488,3163
1425603600000,8.447,3686
1425690000000,8.418,4039
1425776400000,8.288,3723
1425862800000,8.254,3121
1425949200000,8.202,3046
1426035600000,8.23,2707
1426122000000,8.289,3185
1426208400000,8.247,4162
1426294800000,8.176,5370
1426381200000,7.955,5069
1426467600000,7.81,4038
1426554000000,8.201,3184
1426640400000,8.339,2934
1426726800000,8.371,3153
1426813200000,8.396,3779
1426899600000,8.462,4352
1426986000000,8.408,3536
1427072400000,8.428,3582
1427158800000,8.452,3230
1427245200000,8.582,3407
1427331600000,8.504,3431
1427418000000,8.575,3877
1427504400000,8.55,4325
1427590800000,8.209,4129
1427677200000,8.298,3652
1427763600000,8.34,3526
1427850000000,8.217,4907
1427936400000,8.512,4337
1428022800000,8.718,4307
1428109200000,8.552,4943
1428195600000,8.638,4646
1428282000000,8.641,4674
1428368400000,8.914,5036
1428454800000,8.797,4468
1428541200000,8.859,4123
1428627600000,9.008,3849
1428714000000,8.799,4939
1428800400000,8.513,4503
1428886800000,8.356,4148
1428973200000,8.156,4090
1429059600000,7.995,3683
1429146000000,7.316,8991
1429232400000,7.125,7107
1429318800000,7.021,6361
1429405200000,6.881,4404
1429491600000,6.666,5325
1429578000000,6.534,4630
1429664400000,6.515,4396
1429750800000,6.544,4221
1429837200000,6.491,5008
1429923600000,6.535,5644
1430010000000,6.358,5034
1430096400000,6.269,4482
1430182800000,6.313,4156
1430269200000,6.344,4097
1430355600000,6.466,5008
1430442000000,5.851,6195
1430528400000,6.31,5806
1430614800000,6.109,5296
1430701200000,6.017,5255
1430787600000,6.087,4625
1430874000000,6.162,4157
1430960400000,6.175,4122
1431046800000,6.049,5451
1431133200000,6.127,5530
1431219600000,5.931,5040
1431306000000,5.921,4471
1431392400000,6.068,4128
1431478800000,6.084,4476
1431565200000,6.012,4356
1431651600000,6.056,4322
1431738000000,6.106,5238
1431824400000,5.924,5000
1431910800000,6.003,4297
1431997200000,6.023,4149
1432083600000,5.941,4100
1432170000000,5.957,3937
1432256400000,5.961,4737
1432342800000,5.971,5184
1432429200000,5.82,4767
1432515600000,5.779,4487
1432602000000,5.751,4566
1432688400000,4.568,15605
1432774800000,4.948,7566
1432861200000,5.175,6848
1432947600000,5.368,6408
1433034000000,5.335,5789
1433120400000,5.5,5875
1433206800000,5.531,5404
1433293200000,5.431,5600
1433379600000,5.315,5342
1433466000000,5.077,5826
1433552400000,5.12,5387
1433638800000,5.104,5318
1433725200000,5.158,5421
1433811600000,5.331,5144
1433898000000,5.22,5589
1433984400000,5.018,5715
1434070800000,4.708,6917
1434157200000,4.675,6853
1434243600000,4.474,6424
1434330000000,4.432,6480
1434416400000,4.434,5943
1434502800000,4.372,5961
1434589200000,4.464,5546
1434675600000,4.479,6553
1434762000000,4.448,6382
1434848400000,4.241,6389
1434934800000,4.301,6413
1435021200000,4.578,5127
1435107600000,4.877,5184
1435194000000,4.947,5109
1435280400000,5.004,5707
1435366800000,5.025,5379
1435453200000,5.002,5287
1435539600000,4.993,5637
1435626000000,5.04,5568
1435712400000,5.067,5482
1435798800000,5.109,5069
1435885200000,5.13,5109
1435971600000,5.129,4709
1436058000000,5.055,4694
1436144400000,5.063,4953
1436230800000,5.146,4896
1436317200000,5.142,4861
1436403600000,5.184,5177
1436490000000,5.332,4817
1436576400000,5.165,5067
1436662800000,5.125,5036
1436749200000,5.088,5301
1436835600000,5.104,4620
1436922000000,5.089,4987
1437008400000,5.13,5002
1437094800000,5.154,4879
1437181200000,5.159,4979
1437267600000,5.05,4739
1437354000000,5.157,5202
1437440400000,5.182,4985
1437526800000,5.293,4331
1437613200000,5.182,5156
1437699600000,5.182,4788
1437786000000,5.261,4678
1437872400000,5.223,4479
1437958800000,5.248,5145
1438045200000,5.231,4820
1438131600000,5.191,4840
1438218000000,5.031,5002
1438304400000,5.201,4980
1438390800000,5.139,4716
1438477200000,5.062,4811
1438563600000,5.104,5013
1438650000000,5.139,4425
1438736400000,5.14,4864
1438822800000,5.133,4825
1438909200000,5.087,4966
1438995600000,5.064,4630
1439082000000,5.054,4420
1439168400000,5.127,5015
1439254800000,5.183,4781
1439341200000,5.09,4603
1439427600000,5.099,4897
1439514000000,5.017,5073
1439600400000,4.645,7250
1439686800000,4.713,5393
1439773200000,4.824,5526
1439859600000,4.892,4808
1439946000000,4.938,4684
1440032400000,4.951,5725
1440118800000,4.931,6886
1440205200000,5.105,6203
1440291600000,4.736,8103
1440378000000,4.869,6781
1440464400000,5.255,5392
1440550800000,5.489,4967
1440637200000,5.619,4574
1440723600000,5.729,4831
1440810000000,5.706,4624
1440896400000,5.684,4925
1440982800000,5.742,4623
1441069200000,5.983,4863
1441155600000,5.904,4298
1441242000000,5.758,4342
1441328400000,5.822,4805
1441414800000,5.816,5779
1441501200000,5.759,4843
1441587600000,5.713,4181
1441674000000,5.773,4266
1441760400000,5.919,3496
1441846800000,5.922,4364
1441933200000,5.86,5262
1442019600000,5.954,5299
1442106000000,5.825,5194
1442192400000,5.812,4547
1442278800000,5.923,3999
1442365200000,5.905,4537
1442451600000,5.968,4469
1442538000000,6.123,8848
1442624400000,6.219,7626
1442710800000,6.185,6112
1442797200000,5.967,5024
1442883600000,5.942,4721
1442970000000,5.962,4736
1443056400000,5.907,4515
1443142800000,5.877,5197
1443229200000,5.96,6008
1443315600000,5.9,5179
1443402000000,5.825,4495
1443488400000,5.785,4265
1443574800000,5.698,4646
1443661200000,5.774,4441
1443747600000,5.869,5271
1443834000000,5.845,5454
1443920400000,5.759,4848
1444006800000,5.756,4326
1444093200000,5.838,3966
1444179600000,5.917,4032
1444266000000,5.836,4020
1444352400000,5.923,4644
1444438800000,5.954,4949
1444525200000,5.844,4801
1444611600000,5.821,4109
1444698000000,5.8,3676
1444784400000,5.735,4192
1444870800000,5.713,4116
1444957200000,5.774,4305
1445043600000,5.742,5244
1445130000000,5.666,4759
1445216400000,5.62,3693
1445302800000,5.707,3749
1445389200000,5.537,4590
1445475600000,5.453,3626
1445562000000,5.474,4953
1445648400000,5.515,5219
1445734800000,5.442,5015
1445821200000,5.352,4045
1445907600000,5.364,3903
1445994000000,5.38,5063
1446080400000,5.496,4584
1446166800000,5.434,5598
1446253200000,5.429,6154
1446339600000,5.171,6757
1446426000000,5.204,5360
1446512400000,5.437,4491
1446598800000,5.62,4398
1446685200000,5.617,4156
1446771600000,5.669,4876
1446858000000,5.672,5561
1446944400000,5.52,4937
1447030800000,5.524,3929
1447117200000,5.556,3847
1447203600000,5.425,3768
1447290000000,5.352,3800
1447376400000,5.447,4673
1447462800000,5.484,5300
1447549200000,5.396,4643
1447635600000,5.441,3870
1447722000000,5.533,3544
1447808400000,5.604,3755
1447894800000,5.567,3447
1447981200000,5.625,4444
1448067600000,5.697,4823
1448154000000,5.662,4140
1448240400000,5.632,3472
1448326800000,5.66,3709
1448413200000,5.469,4615
1448499600000,5.041,5779
1448586000000,5.038,7117
1448672400000,5.031,7301
1448758800000,4.933,6488
1448845200000,4.878,5261
1448931600000,4.965,4890
1449018000000,5.306,4104
1449104400000,5.41,4153
1449190800000,5.541,4824
1449277200000,5.644,5558
1449363600000,5.74,5569
1449450000000,5.703,4523
1449536400000,5.701,3991
1449622800000,5.773,6536
1449709200000,5.779,4664
1449795600000,5.812,4981
1449882000000,5.785,5668
1449968400000,5.73,4834
1450054800000,5.709,3802
1450141200000,5.722,3693
1450227600000,5.701,3523
1450314000000,5.58,3371
1450400400000,5.575,4101
1450486800000,5.426,4655
1450573200000,5.25,4286
1450659600000,5.204,4073
1450746000000,5.242,4442
1450832400000,4.7,7091
1450918800000,4.698,6399
1451005200000,5.096,6435
1451091600000,5.051,6700
1451178000000,5.034,6244
1451264400000,5.197,5832
1451350800000,4.999,6341
1451437200000,4.933,6160
1451523600000,4.88,5347
1451610000000,4.759,5888
1451696400000,4.615,6790
1451782800000,4.538,5825
1451869200000,4.571,5816
1451955600000,4.957,4568
1452042000000,5.002,4467
1452128400000,5.093,4232
1452214800000,5.149,4833
1452301200000,5.138,5091
1452387600000,5.1,4693
1452474000000,5.126,3803
1452560400000,5.076,3861
1452646800000,5.152,3592
1452733200000,4.995,3888
1452819600000,5.07,4299
1452906000000,5.065,5234
1452992400000,4.978,4525
1453078800000,5.022,4081
1453165200000,5.062,3516
1453251600000,5.082,3483
1453338000000,4.995,3437
1453424400000,5.126,4302
1453510800000,5.028,4866
1453597200000,4.97,4303
1453683600000,4.978,3861
1453770000000,5.063,3576
1453856400000,5.043,3838
1453942800000,4.923,3823
1454029200000,4.895,4345
1454115600000,4.942,4903
1454202000000,4.838,4354
1454288400000,4.875,4028
1454374800000,4.96,3661
1454461200000,4.9,3686
1454547600000,4.967,3436
1454634000000,4.911,4392
1454720400000,4.523,5846
1454806800000,4.413,5308
1454893200000,4.394,4534
1454979600000,4.453,4141
1455066000000,4.408,4000
1455152400000,4.419,4099
1455238800000,4.457,4418
1455325200000,4.74,4818
1455411600000,4.856,4425
1455498000000,4.85,4015
1455584400000,4.891,3660
1455670800000,4.823,3564
1455757200000,4.299,10547
1455843600000,4.509,6156
1455930000000,4.58,6151
1456016400000,4.574,5180
1456102800000,4.612,4586
1456189200000,4.716,4481
1456275600000,4.702,4422
1456362000000,4.703,4461
1456448400000,4.659,5064
1456534800000,4.673,5914
1456621200000,4.694,4058
1456707600000,4.606,4332
1456794000000,4.653,4172
1456880400000,4.739,4050
1456966800000,4.68,4345
1457053200000,4.69,4892
1457139600000,4.732,5596
1457226000000,4.609,5214
1457312400000,4.637,4161
1457398800000,4.752,4081
1457485200000,4.701,3693
1457571600000,4.781,3226
1457658000000,4.868,4022
1457744400000,5.096,4240
1457830800000,5.035,3994
1457917200000,5.092,3436
1458003600000,5.164,3226
1458090000000,5.21,3010
1458176400000,5.154,3126
1458262800000,5.12,4741
1458349200000,5.353,4311
1458435600000,5.319,3967
1458522000000,5.429,3524
1458608400000,5.446,3227
1458694800000,5.416,3306
1458781200000,5.414,3562
1458867600000,5.238,3827
1458954000000,5.145,3957
1459040400000,5.113,4137
1459126800000,5.11,3726
1459213200000,5.327,4149
1459299600000,5.484,4118
1459386000000,5.651,4296
1459472400000,5.88,4658
1459558800000,5.929,4808
1459645200000,5.387,6354
1459731600000,5.592,4398
1459818000000,5.835,3432
1459904400000,5.899,3435
1459990800000,5.956,3131
1460077200000,6.061,3830
1460163600000,6.087,4481
1460250000000,5.943,3916
1460336400000,5.878,3418
1460422800000,5.957,3124
1460509200000,5.894,3102
1460595600000,5.943,3011
1460682000000,5.951,3486
1460768400000,5.941,3971
1460854800000,5.752,3708
1460941200000,5.74,3420
1461027600000,5.866,3025
1461114000000,5.909,3100
1461200400000,5.896,2941
1461286800000,5.796,3275
1461373200000,5.835,3782
1461459600000,5.682,3705
1461546000000,5.6,3223
1461632400000,5.779,2928
1461718800000,5.736,2940
1461805200000,5.899,4597
1461891600000,6.133,4330
1461978000000,6.058,4344
1462064400000,5.984,4070
1462150800000,5.973,3660
1462237200000,6.052,3207
1462323600000,5.986,3294
1462410000000,5.891,3154
1462496400000,5.938,3294
1462582800000,5.829,3777
1462669200000,5.766,3540
1462755600000,5.819,3011
1462842000000,5.874,2935
1462928400000,5.845,3095
1463014800000,5.767,2975
1463101200000,5.814,3397
1463187600000,5.868,3747
1463274000000,5.682,3348
1463360400000,5.652,3114
1463446800000,5.431,3320
1463533200000,5.419,2997
1463619600000,5.404,2741
1463706000000,5.402,3406
1463792400000,5.358,3632
1463878800000,5.313,3231
1463965200000,5.295,2830
1464051600000,5.254,2693
1464138000000,5.291,2747
1464224400000,5.367,2728
1464310800000,5.473,2977
1464397200000,5.504,3095
1464483600000,5.467,2861
1464570000000,5.436,2783
1464656400000,5.554,2732
1464742800000,5.451,3491
1464829200000,5.422,3216
1464915600000,5.476,3406
1465002000000,5.295,3645
1465088400000,5.217,3284
1465174800000,5.188,3072
1465261200000,5.28,2526
1465347600000,5.37,2755
1465434000000,5.345,2765
1465520400000,5.339,3003
1465606800000,5.35,3025
1465693200000,5.392,2797
1465779600000,5.325,2824
1465866000000,5.365,2499
1465952400000,5.376,2749
1466038800000,5.675,4807
1466125200000,5.867,4428
1466211600000,5.846,4198
1466298000000,5.702,3596
1466384400000,5.611,3435
1466470800000,5.546,3351
1466557200000,5.308,3271
1466643600000,4.936,4246
1466730000000,4.732,4794
1466816400000,4.684,4505
1466902800000,4.618,4081
1466989200000,4.646,4002
1467075600000,4.651,3845
1467162000000,4.553,3615
1467248400000,4.414,4194
1467334800000,4.333,4429
1467421200000,4.43,3824
1467507600000,4.348,3989
1467594000000,4.484,3991
1467680400000,5.072,3578
1467766800000,5.214,3685
1467853200000,5.342,3524
1467939600000,5.514,3690
1468026000000,5.494,3745
1468112400000,4.966,4272
1468198800000,5.1,3601
1468285200000,5.415,3109
1468371600000,5.615,2845
1468458000000,5.156,3311
1468544400000,5.257,3055
1468630800000,5.277,2919
1468717200000,5.382,2740
1468803600000,5.335,2993
1468890000000,5.296,2880
1468976400000,5.141,2898
1469062800000,4.983,2651
1469149200000,4.993,2733
1469235600000,4.934,2909
1469322000000,4.932,2715
1469408400000,4.967,2749
1469494800000,5.08,2602
1469581200000,5.131,2599
1469667600000,5.146,2651
1469754000000,5.096,2694
1469840400000,5.064,2766
1469926800000,5.03,2656
1470013200000,5.047,2703
1470099600000,4.95,2838
1470186000000,4.882,2773
1470272400000,4.881,2603
1470358800000,4.833,2559
1470445200000,4.78,2655
1470531600000,4.688,2673
1470618000000,4.699,2568
1470704400000,4.756,2452
1470790800000,4.588,2717
1470877200000,4.646,2510
1470963600000,4.693,2587
1471050000000,4.639,2701
1471136400000,4.672,2474
1471222800000,4.656,2489
1471309200000,4.705,2596
1471395600000,4.773,2526
1471482000000,4.759,2572
1471568400000,4.851,3750
1471654800000,4.757,3335
1471741200000,4.718,3130
1471827600000,4.74,2882
1471914000000,4.716,2809
1472000400000,4.72,2619
1472086800000,4.724,2576
1472173200000,4.899,2811
1472259600000,4.948,2788
1472346000000,4.933,2762
1472432400000,5.021,2672
1472518800000,5.173,2702
1472605200000,5.284,2769
1472691600000,5.28,2535
1472778000000,5.22,2552
1472864400000,5.143,2942
1472950800000,5.055,2559
1473037200000,5.049,2356
1473123600000,5.137,2131
1473210000000,5.198,2172
1473296400000,5.168,2189
1473382800000,5.208,2565
1473469200000,5.188,2944
1473555600000,5.159,2743
1473642000000,5.212,2389
1473728400000,5.25,2132
1473814800000,5.337,2015
1473901200000,5.306,2236
1473987600000,5.261,2545
1474074000000,5.211,3063
1474160400000,5.152,2679
1474246800000,5.121,2111
1474333200000,5.112,2089
1474419600000,5.204,2001
1474506000000,5.311,1960
1474592400000,5.268,2397
1474678800000,5.257,2802
1474765200000,5.175,2503
1474851600000,5.215,2064
1474938000000,5.317,1947
1475024400000,5.307,1916
1475110800000,5.195,2059
1475197200000,5.201,2546
1475283600000,5.291,2998
1475370000000,5.23,2572
1475456400000,5.104,2175
1475542800000,5.201,2151
1475629200000,5.188,2148
1475715600000,5.08,2243
1475802000000,5.067,2799
1475888400000,5.166,2857
1475974800000,5.136,2636
1476061200000,5.226,2115
1476147600000,5.285,1899
1476234000000,5.252,2057
1476320400000,5.302,2002
1476406800000,5.345,2354
1476493200000,5.345,2439
1476579600000,5.279,2591
1476666000000,5.151,2179
1476752400000,5.128,1834
1476838800000,5.287,1853
1476925200000,5.269,1898
1477011600000,5.047,2243
1477098000000,5.183,2465
1477184400000,5.177,2113
1477270800000,5.072,2031
1477357200000,4.971,1949
1477443600000,4.918,1911
1477530000000,4.728,2290
1477616400000,4.792,2372
1477702800000,4.588,3317
1477789200000,4.587,2557
1477875600000,4.627,2468
1477962000000,4.789,2050
1478048400000,5.084,2086
1478134800000,5.219,1581
1478221200000,5.299,2375
1478307600000,5.38,2626
1478394000000,5.311,2298
1478480400000,5.313,1873
1478566800000,5.448,1759
1478653200000,5.366,1778
1478739600000,5.419,1832
1478826000000,5.394,2230
1478912400000,5.416,2611
1478998800000,5.356,2377
1479085200000,5.363,1870
1479171600000,5.329,1897
1479258000000,5.289,1887
1479344400000,5.341,1827
1479430800000,5.355,2122
1479517200000,5.412,2339
1479603600000,5.195,2551
1479690000000,4.994,1985
1479776400000,5.2,1770
1479862800000,5.142,2122
1479949200000,4.731,2440
1480035600000,4.773,2935
1480122000000,4.805,2877
1480208400000,4.782,2533
1480294800000,4.821,2059
1480381200000,5.141,3203
1480467600000,5.335,2316
1480554000000,5.392,2282
1480640400000,5.422,2460
1480726800000,5.515,2654
1480813200000,5.458,2502
1480899600000,5.488,2032
1480986000000,5.55,2118
1481072400000,5.609,1958
1481158800000,5.551,2081
1481245200000,5.685,2186
1481331600000,5.767,2468
1481418000000,5.667,2359
1481504400000,5.623,2032
1481590800000,5.582,1905
1481677200000,5.503,1743
1481763600000,5.491,1736
1481850000000,5.471,1968
1481936400000,5.449,2388
1482022800000,5.325,2111
1482109200000,5.257,2087
1482195600000,5.282,1933
1482282000000,5.38,1957
1482368400000,5.19,2652
1482454800000,4.915,2613
1482541200000,5.198,3308
1482627600000,5.579,4098
1482714000000,5.598,3547
1482800400000,5.641,3485
1482886800000,5.63,3032
1482973200000,5.558,3005
1483059600000,5.446,3118
1483146000000,5.465,2518
1483232400000,5.366,2892
1483318800000,5.386,3304
1483405200000,5.9,2501
1483491600000,5.957,2486
1483578000000,5.977,2352
1483664400000,5.977,2442
1483750800000,6.027,2623
1483837200000,6.009,2342
1483923600000,6.07,2208
1484010000000,6.226,2047
1484096400000,6.189,1981
1484182800000,6.136,1942
1484269200000,6.082,2786
1484355600000,6.12,2728
1484442000000,6.121,2335
1484528400000,6.099,2286
1484614800000,6.133,2075
1484701200000,6.213,1896
1484787600000,6.193,1910
1484874000000,6.069,2340
1484960400000,6.137,2469
1485046800000,6.187,2557
1485133200000,6.426,2556
1485219600000,6.453,2256
1485306000000,6.584,2465
1485392400000,6.576,2559
1485478800000,6.601,2587
1485565200000,6.713,2843
1485651600000,6.669,3260
1485738000000,6.75,2693
1485824400000,6.866,2332
1485910800000,6.679,2415
1485997200000,6.651,2178
1486083600000,6.751,2330
1486170000000,6.757,2813
1486256400000,6.743,2454
1486342800000,6.736,2314
1486429200000,6.893,1869
1486515600000,6.895,1917
1486602000000,6.988,2112
1486688400000,7.048,2229
1486774800000,7.141,2597
1486861200000,7.102,2331
1486947600000,6.999,2124
1487034000000,7.162,1979
1487120400000,7.05,2002
1487206800000,7.174,1860
1487293200000,7.127,2248
1487379600000,7.002,2317
1487466000000,6.805,2216
1487552400000,6.86,2064
1487638800000,7.016,1761
1487725200000,7.09,1877
1487811600000,7.07,1908
1487898000000,7.186,2383
1487984400000,7.219,2229
1488070800000,7.118,2034
1488157200000,7.081,2104
1488243600000,7.06,1793
1488330000000,7.289,2100
1488416400000,7.439,1779
1488502800000,7.384,2002
1488589200000,7.264,2285
1488675600000,7.268,1977
1488762000000,7.354,1802
1488848400000,7.406,1576
1488934800000,7.435,1528
1489021200000,7.331,1535
1489107600000,7.407,1932
1489194000000,7.416,2086
1489280400000,7.291,1964
1489366800000,7.309,1692
1489453200000,7.662,1574
1489539600000,7.656,1465
1489626000000,7.809,2438
1489712400000,7.558,2539
1489798800000,7.622,2554
1489885200000,7.439,2095
1489971600000,7.479,1939
1490058000000,7.548,1670
1490144400000,7.532,1886
1490230800000,7.487,1657
1490317200000,7.268,2067
1490403600000,7.245,2142
1490490000000,7.088,1970
1490576400000,6.908,1847
1490662800000,7.199,1712
1490749200000,7.084,1575
1490835600000,7.178,1511
1490922000000,7.361,1798
1491008400000,7.41,2033
1491094800000,7.316,1727
1491181200000,7.409,1511
1491267600000,7.487,1463
1491354000000,7.444,1481
1491440400000,7.39,1634
1491526800000,7.376,1694
1491613200000,7.344,1842
1491699600000,7.329,1915
1491786000000,7.291,1756
1491872400000,7.405,1684
1491958800000,7.332,1637
1492045200000,7.275,1737
1492131600000,7.288,1787
1492218000000,7.378,1885
1492304400000,7.4,2007
1492390800000,7.393,1997
1492477200000,7.461,1957
1492563600000,7.454,1763
1492650000000,7.526,1626
1492736400000,7.584,1823
1492822800000,7.578,1880
1492909200000,7.522,1689
1492995600000,7.528,1608
1493082000000,7.444,1574
1493168400000,7.494,1445
1493254800000,7.506,1433
1493341200000,7.495,1960
1493427600000,7.596,1907
1493514000000,7.619,1729
1493600400000,7.537,1518
1493686800000,7.705,1476
1493773200000,7.631,1485
1493859600000,7.62,1415
1493946000000,7.229,1976
1494032400000,7.467,2083
1494118800000,7.474,1630
1494205200000,7.485,1542
1494291600000,7.489,1369
1494378000000,7.419,1454
1494464400000,7.486,1309
1494550800000,7.594,1630
1494637200000,7.682,1835
1494723600000,7.547,1801
1494810000000,7.587,1438
1494896400000,7.714,1240
1494982800000,7.753,1267
1495069200000,7.705,1279
1495155600000,7.794,1453
1495242000000,7.875,1708
1495328400000,7.725,1422
1495414800000,7.689,1343
1495501200000,7.825,1256
1495587600000,6.445,6736
1495674000000,6.62,2898
1495760400000,6.813,2338
1495846800000,7.045,2142
1495933200000,7.012,1809
1496019600000,7.098,1578
1496106000000,7.027,1464
1496192400000,7.182,1521
1496278800000,7.369,1659
1496365200000,7.403,1762
1496451600000,7.461,1817
1496538000000,7.399,1654
1496624400000,7.383,1522
1496710800000,7.554,1598
1496797200000,7.454,1336
1496883600000,7.278,1363
1496970000000,7.384,1424
1497056400000,7.294,1519
1497142800000,7.29,1449
1497229200000,7.252,1443
1497315600000,7.24,1375
1497402000000,7.162,1339
1497488400000,7.129,1329
1497574800000,7.004,1498
1497661200000,7.049,1449
1497747600000,6.971,1367
1497834000000,7.163,1491
1497920400000,7.16,1311
1498006800000,6.968,1607
1498093200000,6.589,1973
1498179600000,6.372,2963
1498266000000,6.313,2069
1498352400000,6.319,1881
1498438800000,6.479,1843
1498525200000,6.657,1937
1498611600000,6.687,1753
1498698000000,6.669,1593
1498784400000,6.641,1742
1498870800000,6.714,1639
1498957200000,6.67,1559
1499043600000,6.641,1696
1499130000000,6.675,1639
1499216400000,6.783,1825
1499302800000,7.112,1382
1499389200000,7.219,1563
1499475600000,7.078,1703
1499562000000,7.03,1657
1499648400000,7.113,1511
1499734800000,7.251,1478
1499821200000,7.288,1408
1499907600000,7.122,1436
1499994000000,7.113,1446
1500080400000,7.199,1464
1500166800000,7.25,1434
1500253200000,7.325,1396
1500339600000,7.424,1575
1500426000000,7.524,1478
1500512400000,7.496,1639
1500598800000,7.563,1623
1500685200000,7.494,1664
1500771600000,7.125,2275
1500858000000,7.315,1852
1500944400000,7.572,1588
1501030800000,7.745,1494
1501117200000,7.905,1526
1501203600000,7.833,1576
1501290000000,7.813,1541
1501376400000,7.649,1441
1501462800000,7.728,1576
1501549200000,7.804,1507
1501635600000,7.737,1558
1501722000000,7.787,1647
1501808400000,7.898,1623
1501894800000,8.096,1545
1501981200000,7.956,1454
1502067600000,8.11,1635
1502154000000,8.076,1461
1502240400000,8.292,1600
1502326800000,8.222,1414
1502413200000,8.197,1516
1502499600000,8.176,1459
1502586000000,8.156,1382
1502672400000,8.158,1448
1502758800000,8.049,1343
1502845200000,7.906,1362
1502931600000,7.914,1407
1503018000000,7.773,1300
1503104400000,7.888,1431
1503190800000,7.7,1342
1503277200000,7.581,1514
1503363600000,7.383,1372
1503450000000,7.435,1367
1503536400000,7.647,1251
1503622800000,7.628,1452
1503709200000,7.706,1596
1503795600000,7.626,1386
1503882000000,7.716,1319
1503968400000,7.856,1346
1504054800000,7.824,1431
1504141200000,7.813,1161
1504227600000,7.776,1420
1504314000000,7.895,1321
1504400400000,7.802,1325
1504486800000,7.997,1375
1504573200000,7.917,1275
1504659600000,7.949,1278
1504746000000,7.991,1095
1504832400000,8.038,1317
1504918800000,7.915,1511
1505005200000,7.723,1408
1505091600000,7.8,1228
1505178000000,7.787,1138
1505264400000,7.772,1110
1505350800000,7.811,1090
1505437200000,7.734,1618
1505523600000,7.559,1616
1505610000000,7.455,1528
1505696400000,7.597,1307
1505782800000,7.578,1174
1505869200000,7.558,1097
1505955600000,7.683,1144
1506042000000,7.511,1386
1506128400000,7.566,1449
1506214800000,7.647,1330
1506301200000,7.708,1144
1506387600000,7.579,1088
1506474000000,7.215,1364
1506560400000,7.224,1158
1506646800000,7.165,1354
1506733200000,7.251,1546
1506819600000,7.182,1403
1506906000000,7.225,1274
1506992400000,7.302,1102
1507078800000,7.31,1181
1507165200000,7.236,1167
1507251600000,7.298,1315
1507338000000,7.335,1473
1507424400000,7.301,1396
1507510800000,7.253,1201
1507597200000,7.268,1029
1507683600000,7.348,1038
1507770000000,7.308,1091
1507856400000,7.411,1287
1507942800000,7.481,1487
1508029200000,7.471,1328
1508115600000,7.338,1129
1508202000000,7.291,1249
1508288400000,7.381,1141
1508374800000,7.173,1087
1508461200000,7.2,1212
1508547600000,7.335,1618
1508634000000,7.348,1255
1508720400000,7.255,1180
1508806800000,7.253,1021
1508893200000,7.241,1030
1508979600000,7.096,1129
1509066000000,6.837,1505
1509152400000,6.838,1525
1509238800000,6.867,1417
1509325200000,6.87,1309
1509411600000,6.811,1242
1509498000000,6.86,1241
1509584400000,7.061,1108
1509670800000,6.847,1199
1509757200000,6.887,1307
1509843600000,6.948,1234
1509930000000,6.991,1026
1510016400000,6.901,981
1510102800000,6.878,945
1510189200000,6.85,910
1510275600000,6.837,1162
1510362000000,6.82,1361
1510448400000,6.891,1179
1510534800000,6.738,1162
1510621200000,6.738,1025
1510707600000,6.816,1249
1510794000000,6.716,1036
1510880400000,6.666,1281
1510966800000,6.689,1391
1511053200000,6.707,1252
1511139600000,6.749,1130
1511226000000,6.7,1134
1511312400000,6.536,1197
1511398800000,5.969,1625
1511485200000,6.061,1657
1511571600000,6.183,1666
1511658000000,6.153,1649
1511744400000,6.268,1214
1511830800000,6.269,1144
1511917200000,6.562,957
1512003600000,6.704,965
1512090000000,6.914,1261
1512176400000,6.939,1312
1512262800000,6.948,1162
1512349200000,6.982,1079
1512435600000,7.006,1040
1512522000000,7.103,1176
1512608400000,7.011,1099
1512694800000,7.038,1237
1512781200000,6.988,1320
1512867600000,6.966,1144
1512954000000,7,1120
1513040400000,7.023,943
1513126800000,6.998,1023
1513213200000,7.04,1047
1513299600000,6.89,1402
1513386000000,6.994,1507
1513472400000,7.056,1288
1513558800000,6.949,1143
1513645200000,6.864,1235
1513731600000,6.849,1602
1513818000000,6.739,1630
1513904400000,6.637,1887
1513990800000,6.716,1799
1514077200000,7.014,1949
1514163600000,7.594,2529
1514250000000,7.699,2035
1514336400000,7.857,2161
1514422800000,7.734,1838
1514509200000,7.804,1710
1514595600000,7.687,1660
1514682000000,7.589,1338
1514768400000,7.515,1459
1514854800000,7.543,1659
1514941200000,7.591,1617
1515027600000,7.553,1586
1515114000000,7.59,1886
1515200400000,7.772,1594
1515286800000,7.835,1399
1515373200000,7.946,1329
1515459600000,8.067,1248
1515546000000,7.896,1247
1515632400000,7.929,1719
1515718800000,7.886,1838
1515805200000,8.249,1863
1515891600000,8.113,1678
1515978000000,8.137,1715
1516064400000,8.28,1679
1516150800000,8.219,1457
1516237200000,8.232,1381
1516323600000,8.32,1451
1516410000000,8.486,1793
1516496400000,8.578,1443
1516582800000,8.504,1625
1516669200000,8.432,1489
1516755600000,8.48,1338
1516842000000,8.456,1356
1516928400000,8.161,1723
1517014800000,7.796,1904
1517101200000,7.937,1653
1517187600000,8.067,1649
1517274000000,8.048,1388
1517360400000,8.265,1349
1517446800000,8.281,1437
1517533200000,8.384,1509
1517619600000,8.411,1592
1517706000000,8.385,1395
1517792400000,8.283,1246
1517878800000,8.208,1251
1517965200000,8.132,1148
1518051600000,8.109,1124
1518138000000,8.321,1263
1518224400000,8.359,1431
1518310800000,8.294,1332
1518397200000,8.17,1380
1518483600000,8.196,1150
1518570000000,8.205,1130
1518656400000,8.22,1268
1518742800000,8.28,1878
1518829200000,8.371,1739
1518915600000,8.207,1428
1519002000000,8.154,1402
1519088400000,8.256,1250
1519174800000,8.194,1303
1519261200000,7.995,1348
1519347600000,8.146,1453
1519434000000,8.296,1530
1519520400000,8.265,1212
1519606800000,8.246,1231
1519693200000,8.223,1156
1519779600000,8.113,1206
1519866000000,8.074,1246
1519952400000,8.106,1396
1520038800000,8.206,1415
1520125200000,8.075,1275
1520211600000,8.151,1216
1520298000000,8.113,1084
1520384400000,8.134,1136
1520470800000,8.223,1157
1520557200000,8.157,1271
1520643600000,8.218,1375
1520730000000,8.104,1196
1520816400000,8.088,1090
1520902800000,8.054,1006
1520989200000,7.88,989
1521075600000,7.937,968
1521162000000,8.103,1127
1521248400000,8.22,1133
1521334800000,8.115,1020
1521421200000,8.132,941
1521507600000,8.055,897
1521594000000,8.006,878
1521680400000,7.794,869
1521766800000,7.759,1067
1521853200000,7.789,1090
1521939600000,7.628,1018
1522026000000,7.572,938
1522112400000,7.681,1188
1522198800000,7.675,1063
1522285200000,7.708,1127
1522371600000,6.948,2168
1522458000000,7.221,1394
1522544400000,7.531,1345
1522630800000,7.761,1152
1522717200000,7.748,1291
1522803600000,7.637,1203
1522890000000,7.799,1073
1522976400000,8.011,1033
1523062800000,7.816,1184
1523149200000,7.695,1138
1523235600000,7.774,979
1523322000000,7.643,1031
1523408400000,7.538,959
1523494800000,7.552,860
1523581200000,7.549,956
1523667600000,7.649,1096
1523754000000,7.712,921
1523840400000,7.842,883
1523926800000,7.772,798
1524013200000,7.919,769
1524099600000,7.82,789
1524186000000,7.708,909
1524272400000,7.805,957
1524358800000,7.931,920
1524445200000,7.974,818
1524531600000,8.014,750
1524618000000,7.982,777
1524704400000,7.941,736
1524790800000,8.016,843
1524877200000,8.006,972
1524963600000,7.955,938
1525050000000,8.005,918
1525136400000,7.933,830
1525222800000,7.898,756
1525309200000,7.896,760
1525395600000,8.101,841
1525482000000,8.077,869
1525568400000,8.048,861
1525654800000,8.038,777
1525741200000,7.895,872
1525827600000,7.483,995
1525914000000,7.713,829
1526000400000,7.715,862
1526086800000,7.884,916
1526173200000,7.643,916
1526259600000,7.74,718
1526346000000,7.701,784
1526432400000,7.738,675
1526518800000,7.611,689
1526605200000,7.427,745
1526691600000,7.516,881
1526778000000,7.59,759
1526864400000,7.518,669
1526950800000,7.462,670
1527037200000,7.546,659
1527123600000,7.44,711
1527210000000,7.394,793
1527296400000,7.258,819
1527382800000,7.286,846
1527469200000,7.322,750
1527555600000,7.324,746
1527642000000,7.365,729
1527728400000,7.366,783
1527814800000,7.378,840
1527901200000,7.484,806
1527987600000,7.552,817
1528074000000,7.508,766
1528160400000,7.4,817
1528246800000,7.419,784
1528333200000,7.34,780
1528419600000,7.326,767
1528506000000,7.077,955
1528592400000,7.035,871
1528678800000,6.796,892
1528765200000,6.972,732
1528851600000,7.035,805
1528938000000,7.297,825
1529024400000,7.31,794
1529110800000,7.249,788
1529197200000,7.091,765
1529283600000,7.131,811
1529370000000,7.164,724
1529456400000,6.93,878
1529542800000,6.779,1058
1529629200000,6.338,1490
1529715600000,6.365,1218
1529802000000,6.442,1091
1529888400000,6.341,1010
1529974800000,6.323,874
1530061200000,6.287,897
1530147600000,6.27,920
1530234000000,6.375,886
1530320400000,6.454,789
1530406800000,6.414,905
1530493200000,6.364,892
1530579600000,6.469,883
1530666000000,6.49,915
1530752400000,6.561,865
1530838800000,6.913,782
1530925200000,6.963,842
1531011600000,7.047,875
1531098000000,7.108,949
1531184400000,7.126,886
1531270800000,7.261,896
1531357200000,7.198,895
1531443600000,7.292,883
1531530000000,7.296,821
1531616400000,7.311,821
1531702800000,7.316,853
1531789200000,7.362,865
1531875600000,7.3,811
1531962000000,7.372,846
1532048400000,7.434,776
1532134800000,7.402,801
1532221200000,7.475,839
1532307600000,7.541,803
1532394000000,7.399,809
1532480400000,7.477,888
1532566800000,7.558,824
1532653200000,7.545,831
1532739600000,7.447,862
1532826000000,7.47,853
1532912400000,7.669,841
1532998800000,7.611,804
1533085200000,7.666,815
1533171600000,7.645,737
1533258000000,7.886,1182
1533344400000,7.892,1079
1533430800000,8.129,1001
1533517200000,8.04,929
1533603600000,8.028,917
1533690000000,8.027,934
1533776400000,8.003,886
1533862800000,7.906,889
1533949200000,7.814,912
1534035600000,7.795,828
1534122000000,7.784,855
1534208400000,7.731,812
1534294800000,7.701,764
1534381200000,7.691,815
1534467600000,7.866,810
1534554000000,7.798,830
1534640400000,7.665,923
1534726800000,7.867,850
1534813200000,7.958,739
1534899600000,8.099,724
1534986000000,7.962,714
1535072400000,8.214,724
1535158800000,8.183,789
1535245200000,8.239,751
1535331600000,8.35,762
1535418000000,8.262,736
1535504400000,8.233,782
1535590800000,7.913,1100
1535677200000,7.952,900
1535763600000,8.324,978
1535850000000,8.187,918
1535936400000,8.094,847
1536022800000,8.439,738
1536109200000,8.397,787
1536195600000,8.671,777
1536282000000,8.801,828
1536368400000,8.755,894
1536454800000,8.79,846
1536541200000,9.093,762
1536627600000,9.103,700
1536714000000,9.261,672
1536800400000,9.382,622
1536886800000,9.352,805
1536973200000,9.448,892
1537059600000,9.279,806
1537146000000,9.451,642
1537232400000,9.436,642
1537318800000,9.48,607
1537405200000,9.562,619
1537491600000,9.531,763
1537578000000,9.439,1057
1537664400000,9.306,1108
1537750800000,9.652,864
1537837200000,9.882,660
1537923600000,9.853,726
1538010000000,10.024,622
1538096400000,10.055,711
1538182800000,10.051,786
1538269200000,10.025,780
1538355600000,10.187,655
1538442000000,10.204,630
1538528400000,10.108,602
1538614800000,10.067,584
1538701200000,9.961,638
1538787600000,9.949,746
1538874000000,10.023,668
1538960400000,10.062,600
1539046800000,10.122,537
1539133200000,10.107,568
1539219600000,10.336,548
1539306000000,10.212,607
1539392400000,10.086,703
1539478800000,10.122,667
1539565200000,10.144,582
1539651600000,10.134,511
1539738000000,10.16,495
1539824400000,10.086,528
1539910800000,10.152,612
1539997200000,10.09,644
1540083600000,9.856,596
1540170000000,9.944,495
1540256400000,9.815,519
1540342800000,9.825,476
1540429200000,9.742,497
1540515600000,9.676,567
1540602000000,9.475,657
1540688400000,9.517,593
1540774800000,9.292,606
1540861200000,9.073,675
1540947600000,9.139,622
1541034000000,9.255,629
1541120400000,9.706,617
1541206800000,9.753,622
1541293200000,9.604,617
1541379600000,9.713,533
1541466000000,9.585,544
1541552400000,9.583,479
1541638800000,9.46,548
1541725200000,9.59,573
1541811600000,9.556,721
1541898000000,9.599,673
1541984400000,9.63,535
1542070800000,9.725,459
1542157200000,9.627,512
1542243600000,9.537,517
1542330000000,9.649,568
1542416400000,9.619,700
1542502800000,9.525,628
1542589200000,9.444,526
1542675600000,9.471,498
1542762000000,9.198,581
1542848400000,8.717,714
1542934800000,8.855,833
1543021200000,8.836,856
1543107600000,8.915,756
1543194000000,8.942,596
1543280400000,8.848,581
1543366800000,9.192,544
1543453200000,9.239,512
1543539600000,9.094,625
1543626000000,9.246,693
1543712400000,9.15,624
1543798800000,9.102,578
1543885200000,9.28,593
1543971600000,9.231,548
1544058000000,9.326,685
1544144400000,8.854,826
1544230800000,9.161,794
1544317200000,9.19,704
1544403600000,9.286,686
1544490000000,9.238,634
1544576400000,9.237,687
1544662800000,9.243,616
1544749200000,9.259,757
1544835600000,9.289,798
1544922000000,9.321,762
1545008400000,9.439,701
1545094800000,9.228,637
1545181200000,9.092,781
1545267600000,9.088,747
1545354000000,8.967,982
1545440400000,8.815,927
1545526800000,8.774,902
1545613200000,9.014,930
1545699600000,9.581,1185
1545786000000,9.847,950
1545872400000,9.969,905
1545958800000,10.493,836
1546045200000,9.938,931
1546131600000,9.379,999
1546218000000,9.759,808
1546304400000,9.815,887
1546390800000,9.837,947
1546477200000,9.831,826
1546563600000,10.178,829
1546650000000,10.476,749
1546736400000,10.707,782
1546822800000,10.347,868
1546909200000,10.513,722
1546995600000,10.532,713
1547082000000,10.653,633
1547168400000,10.72,819
1547254800000,10.651,882
1547341200000,10.956,764
1547427600000,10.874,756
1547514000000,10.849,682
1547600400000,11.033,688
1547686800000,10.925,666
1547773200000,10.82,745
1547859600000,10.827,832
1547946000000,10.769,743
1548032400000,10.811,710
1548118800000,10.809,638
1548205200000,10.94,631
1548291600000,11.021,650
1548378000000,10.964,783
1548464400000,11.119,751
1548550800000,11.137,751
1548637200000,11.205,681
1548723600000,11.077,628
1548810000000,11.306,632
1548896400000,11.262,631
1548982800000,11.109,717
1549069200000,11.263,816
1549155600000,11.158,705
1549242000000,11.068,754
1549328400000,10.59,772
1549414800000,10.588,718
1549501200000,10.013,1154
1549587600000,10.093,936
1549674000000,10.211,907
1549760400000,10.184,792
1549846800000,10.193,731
1549933200000,10.334,649
1550019600000,10.513,588
1550106000000,10.765,598
1550192400000,10.869,617
1550278800000,10.927,706
1550365200000,10.823,644
1550451600000,10.752,563
1550538000000,10.891,520
1550624400000,11.002,560
1550710800000,11.08,555
1550797200000,11.189,658
1550883600000,11.22,784
1550970000000,11.203,983
1551056400000,11.168,661
1551142800000,10.997,637
1551229200000,10.833,582
1551315600000,10.847,553
1551402000000,11.086,752
1551488400000,10.846,1094
1551574800000,10.816,1242
1551661200000,11.041,862
1551747600000,11.248,652
1551834000000,11.146,677
1551920400000,11.24,624
1552006800000,11.419,873
1552093200000,11.727,808
1552179600000,11.407,841
1552266000000,11.66,691
1552352400000,11.608,575
1552438800000,11.904,553
1552525200000,11.325,864
1552611600000,11.55,815
1552698000000,11.607,935
1552784400000,11.302,888
1552870800000,11.397,806
1552957200000,11.487,694
1553043600000,11.362,686
1553130000000,11.486,632
1553216400000,11.353,795
1553302800000,11.168,825
1553389200000,11.068,809
1553475600000,11.062,691
1553562000000,11.028,645
1553648400000,11.069,644
1553734800000,11.073,670
1553821200000,10.866,821
1553907600000,11.037,929
1553994000000,10.632,976
1554080400000,10.852,727
1554166800000,11.104,653
1554253200000,10.915,583
1554339600000,10.618,822
1554426000000,11.053,707
1554512400000,10.935,783
1554598800000,11.036,690
1554685200000,11.062,657
1554771600000,11.224,593
1554858000000,11.352,634
1554944400000,11.326,595
1555030800000,11.39,682
1555117200000,11.439,773
1555203600000,11.19,647
1555290000000,11.265,641
1555376400000,11.24,605
1555462800000,11.215,642
1555549200000,11.128,653
1555635600000,11.303,659
1555722000000,11.435,623
1555808400000,11.346,648
1555894800000,11.244,624
1555981200000,11.365,598
1556067600000,11.357,541
1556154000000,11.232,528
1556240400000,11.103,609
1556326800000,10.801,772
1556413200000,10.956,638
1556499600000,10.902,525
1556586000000,10.959,590
1556672400000,10.847,611
1556758800000,10.693,591
1556845200000,10.78,651
1556931600000,10.989,702
1557018000000,10.772,636
1557104400000,10.793,563
1557190800000,10.726,614
1557277200000,10.224,775
1557363600000,10.42,584
1557450000000,10.459,661
1557536400000,10.757,749
1557622800000,10.538,697
1557709200000,10.624,555
1557795600000,10.967,575
1557882000000,10.828,587
1557968400000,11.01,543
1558054800000,10.86,629
1558141200000,10.875,690
1558227600000,10.876,557
1558314000000,10.652,540
1558400400000,10.905,512
1558486800000,10.758,552
1558573200000,10.949,515
1558659600000,10.922,655
1558746000000,10.825,662
1558832400000,10.688,638
1558918800000,10.86,582
1559005200000,10.84,530
1559091600000,10.902,556
1559178000000,10.801,576
1559264400000,10.891,602
1559350800000,11.018,865
1559437200000,11.144,722
1559523600000,11.182,628
1559610000000,11.424,645
1559696400000,11.451,673
1559782800000,11.503,646
1559869200000,11.584,690
1559955600000,11.412,719
1560042000000,11.402,705
1560128400000,11.214,715
1560214800000,11.412,637
1560301200000,11.402,629
1560387600000,11.666,583
1560474000000,11.496,589
1560560400000,11.245,644
1560646800000,11.381,613
1560733200000,11.332,578
1560819600000,11.33,540
1560906000000,11.251,516
1560992400000,11.179,586
1561078800000,11.057,539
1561165200000,11.308,599
1561251600000,11.336,589
1561338000000,11.443,532
1561424400000,11.145,762
1561510800000,10.757,1002
1561597200000,10.643,891
1561683600000,10.642,771
1561770000000,10.688,828
1561856400000,10.654,827
1561942800000,10.653,833
1562029200000,10.806,777
1562115600000,10.968,681
1562202000000,11.064,664
1562288400000,11.107,632
1562374800000,11.28,699
1562461200000,11.154,694
1562547600000,11.212,644
1562634000000,11.255,682
1562720400000,11.541,566
1562806800000,11.748,558
1562893200000,11.927,608
1562979600000,11.937,570
1563066000000,11.921,595
1563152400000,12.204,594
1563238800000,12.15,571
1563325200000,12.181,566
1563411600000,12.37,573
1563498000000,12.392,578
1563584400000,12.578,561
1563670800000,12.404,539
1563757200000,12.626,538
1563843600000,12.405,494
1563930000000,12.348,594
1564016400000,12.459,589
1564102800000,12.384,590
1564189200000,12.335,561
1564275600000,12.249,610
1564362000000,12.276,594
1564448400000,12.456,567
1564534800000,12.616,562
1564621200000,12.562,506
1564707600000,12.395,547
1564794000000,12.509,548
1564880400000,12.488,592
1564966800000,12.476,600
1565053200000,12.542,587
1565139600000,12.69,552
1565226000000,12.858,543
1565312400000,12.707,546
1565398800000,12.878,573
1565485200000,12.953,518
1565571600000,13.303,583
1565658000000,13.048,563
1565744400000,12.641,864
1565830800000,12.131,863
1565917200000,12.568,694
1566003600000,12.894,681
1566090000000,12.743,629
1566176400000,12.811,648
1566262800000,12.534,553
1566349200000,12.366,586
1566435600000,12.401,586
1566522000000,12.638,604
1566608400000,12.747,650
1566694800000,12.867,663
1566781200000,12.823,613
1566867600000,12.951,603
1566954000000,13.371,611
1567040400000,12.836,592
1567126800000,13.017,647
1567213200000,13.403,709
1567299600000,13.442,683
1567386000000,13.423,664
1567472400000,13.292,587
1567558800000,13.625,535
1567645200000,13.737,523
1567731600000,13.832,623
1567818000000,13.695,758
1567904400000,12.86,1034
1567990800000,13.264,730
1568077200000,13.308,602
1568163600000,13.406,628
1568250000000,13.625,547
1568336400000,13.679,591
1568422800000,13.968,655
1568509200000,13.951,661
1568595600000,13.803,569
1568682000000,13.89,501
1568768400000,13.988,474
1568854800000,13.964,488
1568941200000,13.949,598
1569027600000,14.088,663
1569114000000,14.096,573
1569200400000,13.738,517
1569286800000,13.918,549
1569373200000,13.967,486
1569459600000,13.889,500
1569546000000,14.169,498
1569632400000,14.11,529
1569718800000,14.176,632
1569805200000,14.301,541
1569891600000,14.489,537
1569978000000,14.081,492
1570064400000,14.046,576
1570150800000,14.365,565
1570237200000,14.137,609
1570323600000,14.044,562
1570410000000,13.937,541
1570496400000,14.106,464
1570582800000,14.431,449
1570669200000,14.201,448
1570755600000,14.533,539
1570842000000,14.541,594
1570928400000,14.434,568
1571014800000,14.45,515
1571101200000,14.743,431
1571187600000,14.563,431
1571274000000,14.525,473
1571360400000,14.238,657
1571446800000,14.048,851
1571533200000,14.105,722
1571619600000,14.052,540
1571706000000,14.045,513
1571792400000,13.946,506
1571878800000,13.954,470
1571965200000,14.134,566
1572051600000,14.118,575
1572138000000,13.866,542
1572224400000,13.703,512
1572310800000,13.328,593
1572397200000,13.573,551
1572483600000,13.543,644
1572570000000,13.708,544
1572656400000,14.147,612
1572742800000,14.26,600
1572829200000,14.131,546
1572915600000,14.402,516
1573002000000,14.565,554
1573088400000,14.512,541
1573174800000,14.827,598
1573261200000,14.976,639
1573347600000,14.755,617
1573434000000,14.559,577
1573520400000,14.515,533
1573606800000,14.533,491
1573693200000,14.347,494
1573779600000,14.535,555
1573866000000,14.233,587
1573952400000,14.28,605
1574038800000,14.377,670
1574125200000,12.316,3617
1574211600000,12.283,1063
1574298000000,12.147,749
1574384400000,12.321,755
1574470800000,12.317,776
1574557200000,12.2,673
1574643600000,12.166,596
1574730000000,12.152,597
1574816400000,11.981,738
1574902800000,12.07,647
1574989200000,12.131,808
1575075600000,12.19,787
1575162000000,12.191,772
1575248400000,12.288,630
1575334800000,12.224,612
1575421200000,12.548,601
1575507600000,12.714,688
1575594000000,12.741,730
1575680400000,13.09,689
1575766800000,12.976,658
1575853200000,13.119,555
1575939600000,13.276,642
1576026000000,13.159,624
1576112400000,13.137,565
1576198800000,13.013,622
1576285200000,13.099,674
1576371600000,13.292,665
1576458000000,13.236,590
1576544400000,13.358,672
1576630800000,13.189,569
1576717200000,12.998,651
1576803600000,12.745,856
1576890000000,12.923,856
1576976400000,12.798,735
1577062800000,12.762,755
1577149200000,13.305,810
1577235600000,13.788,906
1577322000000,13.66,819
1577408400000,14.012,880
1577494800000,13.793,835
1577581200000,13.438,834
1577667600000,13.946,774
1577754000000,14.054,682
1577840400000,13.903,735
1577926800000,14.054,878
1578013200000,14.224,740
1578099600000,14.542,753
1578186000000,14.502,723
1578272400000,14.268,640
1578358800000,14.535,687
1578445200000,14.752,654
1578531600000,14.596,728
1578618000000,14.769,778
1578704400000,14.837,822
1578790800000,14.518,733
1578877200000,14.575,663
1578963600000,14.869,691
1579050000000,14.836,632
1579136400000,14.763,661
1579222800000,14.602,723
1579309200000,14.36,798
1579395600000,14.548,757
1579482000000,14.518,642
1579568400000,14.526,654
1579654800000,14.351,684
1579741200000,14.231,660
1579827600000,13.862,856
1579914000000,13.69,953
1580000400000,13.688,857
1580086800000,13.561,742
1580173200000,13.708,639
1580259600000,13.935,589
1580346000000,13.926,557
1580432400000,14.277,754
1580518800000,14.072,812
1580605200000,14.178,782
1580691600000,14.171,659
1580778000000,14.328,690
1580864400000,14.389,659
1580950800000,14.321,678
1581037200000,14.115,888
1581123600000,14.291,864
1581210000000,14.224,761
1581296400000,14.358,773
1581382800000,14.306,637
1581469200000,14.269,651
1581555600000,14.522,613
1581642000000,14.483,732
1581728400000,14.33,829
1581814800000,14.484,798
1581901200000,14.238,644
1581987600000,14.273,638
1582074000000,14.182,640
1582160400000,14.382,664
1582246800000,14.442,714
1582333200000,14.293,765
1582419600000,14.164,809
1582506000000,14.256,699
1582592400000,14.173,756
1582678800000,14.193,650
1582765200000,14.243,645
1582851600000,14.011,725
1582938000000,14.182,835
1583024400000,14.35,742
1583110800000,14.175,704
1583197200000,14.324,670
1583283600000,14.545,778
1583370000000,14.696,745
1583456400000,14.851,818
1583542800000,14.831,812
1583629200000,15.043,851
1583715600000,14.88,756
1583802000000,14.746,637
1583888400000,14.63,722
1583974800000,14.732,739
1584061200000,14.553,853
1584147600000,14.694,826
1584234000000,14.56,850
1584320400000,14.435,818
1584406800000,14.139,785
1584493200000,14.384,855
1584579600000,14.311,778
1584666000000,13.993,843
1584752400000,14.015,655
1584838800000,13.875,973
1584925200000,14.227,737
1585011600000,13.887,782
1585098000000,14.039,984
1585184400000,13.679,826
1585270800000,13.752,844
1585357200000,13.935,846
1585443600000,13.934,584
1585530000000,13.6,699
1585616400000,13.365,1443
1585702800000,13.506,1223
1585789200000,13.592,1104
1585875600000,13.556,1087
1585962000000,13.879,1075
1586048400000,13.989,1022
1586134800000,14.042,1061
1586221200000,14.053,1051
1586307600000,14.458,987
1586394000000,14.322,1053
1586480400000,14.4,1043
1586566800000,14.753,1121
1586653200000,14.912,1119
1586739600000,15.103,1068
1586826000000,14.955,1024
1586912400000,15.072,1081
1586998800000,15.223,1024
1587085200000,15.222,1140
1587171600000,15.056,1094
1587258000000,15.119,1021
1587344400000,15.109,1011
1587430800000,15.36,943
1587517200000,15.112,899
1587603600000,15.027,956
1587690000000,14.97,938
1587776400000,15.023,962
1587862800000,14.912,865
1587949200000,14.94,958
1588035600000,14.949,882
1588122000000,15.145,909
1588208400000,15.244,956
1588294800000,15.124,1015
1588381200000,15.314,912
1588467600000,15.413,945
1588554000000,15.457,950
1588640400000,15.455,915
1588726800000,15.59,898
1588813200000,15.783,915
1588899600000,15.575,819
1588986000000,15.455,853
1589072400000,15.331,857
1589158800000,15.382,850
1589245200000,15.503,829
1589331600000,15.562,818
1589418000000,15.382,799
1589504400000,15.37,780
1589590800000,15.599,841
1589677200000,15.399,792
1589763600000,15.431,714
1589850000000,15.357,773
1589936400000,15.325,790
1590022800000,15.172,796
1590109200000,15.304,759
1590195600000,15.366,688
1590282000000,15.296,687
1590368400000,14.792,824
1590454800000,14.217,1016
1590541200000,14.619,811
1590627600000,14.605,780
1590714000000,14.723,767
1590800400000,14.675,755
1590886800000,15.122,769
1590973200000,15.034,807
1591059600000,14.965,842
1591146000000,14.967,754
1591232400000,15.044,757
1591318800000,15.099,809
1591405200000,15.054,768
1591491600000,15.233,721
1591578000000,15.362,756
1591664400000,14.955,727
1591750800000,14.972,665
1591837200000,15.018,713
1591923600000,14.812,723
1592010000000,14.95,720
1592096400000,14.948,738
1592182800000,14.923,709
1592269200000,14.774,668
1592355600000,14.641,613
1592442000000,14.623,681
1592528400000,14.449,654
1592614800000,14.433,611
1592701200000,14.404,629
1592787600000,14.256,663
1592874000000,14.272,682
1592960400000,14.197,652
1593046800000,13.683,895
1593133200000,13.931,1161
1593219600000,13.86,928
1593306000000,13.991,808
1593392400000,13.841,780
1593478800000,13.976,729
1593565200000,13.888,732
1593651600000,14.159,853
1593738000000,14.227,783
1593824400000,14.338,705
1593910800000,14.43,727
1593997200000,14.312,683
1594083600000,14.566,674
1594170000000,14.751,727
1594256400000,14.979,731
1594342800000,15.241,625
1594429200000,15.27,615
1594515600000,15.396,626
1594602000000,15.423,629
1594688400000,15.496,598
1594774800000,15.707,598
1594861200000,15.504,662
1594947600000,15.497,586
1595034000000,15.58,544
1595120400000,15.807,597
1595206800000,15.542,677
1595293200000,15.476,591
1595379600000,15.53,616
1595466000000,15.73,576
1595552400000,15.761,611
1595638800000,15.782,617
1595725200000,15.676,586
1595811600000,15.628,621
1595898000000,15.702,583
1595984400000,15.923,494
1596070800000,15.632,549
1596157200000,15.66,542
1596243600000,15.976,579
1596330000000,16.041,562
1596416400000,16.156,557
1596502800000,16.045,597
1596589200000,15.804,591
1596675600000,16.058,568
1596762000000,15.879,761
1596848400000,15.959,698
1596934800000,15.837,611
1597021200000,15.775,627
1597107600000,15.651,602
1597194000000,15.456,661
1597280400000,15.35,676
1597366800000,15.261,565
1597453200000,15.053,629
1597539600000,14.869,573
1597626000000,14.893,588
1597712400000,15.131,619
1597798800000,15.125,646
1597885200000,14.915,704
1597971600000,14.987,615
1598058000000,14.993,635
1598144400000,14.963,574
1598230800000,15.014,655
1598317200000,14.656,665
1598403600000,14.754,601
1598490000000,14.837,565
1598576400000,14.836,585
1598662800000,14.778,612
1598749200000,14.764,557
1598835600000,14.638,553
1598922000000,14.594,532
1599008400000,14.531,543
1599094800000,14.897,544
1599181200000,15.179,652
1599267600000,15.212,711
1599354000000,14.992,583
1599440400000,15.007,579
1599526800000,15.141,537
1599613200000,14.92,596
1599699600000,14.932,588
1599786000000,14.896,535
1599872400000,15.189,629
1599958800000,15.365,630
1600045200000,15.368,535
1600131600000,15.758,531
1600218000000,15.52,604
1600304400000,15.412,552
1600390800000,15.393,594
1600477200000,15.526,564
1600563600000,15.513,627
1600650000000,15.426,549
1600736400000,15.421,530
1600822800000,15.681,475
1600909200000,15.617,511
1600995600000,15.896,632
1601082000000,15.979,669
1601168400000,15.937,538
1601254800000,15.795,539
1601341200000,15.934,489
1601427600000,15.904,536
1601514000000,15.808,524
1601600400000,16.037,646
1601686800000,16.431,602
1601773200000,16.712,568
1601859600000,16.92,491
1601946000000,16.78,506
1602032400000,16.618,581
1602118800000,16.49,507
1602205200000,16.762,542
1602291600000,16.533,594
1602378000000,16.44,548
1602464400000,16.411,480
1602550800000,16.356,531
1602637200000,16.37,480
1602723600000,16.419,470
1602810000000,16.177,514
1602896400000,15.863,482
1602982800000,16.028,458
1603069200000,15.904,430
1603155600000,15.926,380
1603242000000,15.705,402
1603328400000,15.402,413
1603414800000,15.485,435
1603501200000,15.534,453
1603587600000,15.634,493
1603674000000,15.666,464
1603760400000,15.681,468
1603846800000,15.638,407
1603933200000,15.656,450
1604019600000,15.512,591
1604106000000,15.35,547
1604192400000,15.26,534
1604278800000,15.442,431
1604365200000,15.574,488
1604451600000,15.805,472
1604538000000,16.319,475
1604624400000,16.184,516
1604710800000,16.209,539
1604797200000,16.022,553
1604883600000,16.03,517
1604970000000,15.899,479
1605056400000,16.004,484
1605142800000,15.85,533
1605229200000,16.204,481
1605315600000,15.971,482
1605402000000,15.912,524
1605488400000,15.972,511
1605574800000,15.9,430
1605661200000,15.579,486
1605747600000,15.687,496
1605834000000,15.657,511
1605920400000,15.888,558
1606006800000,15.875,473
1606093200000,15.831,465
1606179600000,15.958,484
1606266000000,15.771,649
1606352400000,15.305,718
1606438800000,15.076,691
1606525200000,15.109,653
1606611600000,15.135,664
1606698000000,15.104,586
1606784400000,15.104,566
1606870800000,15.376,459
1606957200000,15.487,1270
1607043600000,13.779,2716
1607130000000,14.395,1025
1607216400000,14.427,824
1607302800000,14.324,684
1607389200000,14.427,668
1607475600000,14.289,666
1607562000000,13.933,631
1607648400000,14.221,628
1607734800000,14.477,636
1607821200000,14.763,609
1607907600000,14.973,574
1607994000000,15.032,596
1608080400000,15.244,627
1608166800000,15.261,664
1608253200000,15.538,699
1608339600000,15.468,693
1608426000000,15.63,630
1608512400000,15.873,696
1608598800000,15.753,716
1608685200000,15.643,879
1608771600000,16.231,872
1608858000000,17.003,894
1608944400000,16.843,904
1609030800000,16.913,679
1609117200000,17.282,931
1609203600000,17.404,768
1609290000000,17.68,822
1609376400000,18.1,766
1609462800000,18.144,749
1609549200000,18.504,810
1609635600000,18.194,816
1609722000000,18.497,814
1609808400000,18.608,725
1609894800000,18.929,742
1609981200000,19.183,677
1610067600000,19.768,737
1610154000000,19.872,785
1610240400000,20.336,612
1610326800000,20.035,639
1610413200000,20.233,610
1610499600000,20.324,660
1610586000000,20.236,672
1610672400000,20.19,637
1610758800000,19.962,678
1610845200000,19.841,725
1610931600000,19.773,593
1611018000000,20.228,593
1611104400000,20.124,709
1611190800000,19.922,569
1611277200000,20.097,641
1611363600000,19.869,681
1611450000000,19.896,589
1611536400000,19.926,663
1611622800000,20.028,632
1611709200000,20.06,573
1611795600000,19.272,1250
1611882000000,19.56,793
1611968400000,19.88,770
1612054800000,20.283,699
1612141200000,20.511,675
1612227600000,20.759,624
1612314000000,21.201,718
1612400400000,21.407,685
1612486800000,20.613,651
1612573200000,20.39,655
1612659600000,20.437,705
1612746000000,20.31,591
1612832400000,19.659,631
1612918800000,19.189,724
1613005200000,19.044,711
1613091600000,18.811,705
1613178000000,18.888,701
1613264400000,18.933,658
1613350800000,19.146,545
1613437200000,19.219,609
1613523600000,19.507,616
1613610000000,19.724,632
1613696400000,19.882,613
1613782800000,20.363,653
1613869200000,20.399,644
1613955600000,20.524,548
1614042000000,20.255,565
1614128400000,20.274,567
1614214800000,20.151,545
1614301200000,20.401,665
1614387600000,20.606,681
1614474000000,20.385,664
1614560400000,20.091,627
1614646800000,20.569,576
1614733200000,20.708,540
1614819600000,21.244,572
1614906000000,21.414,613
1614992400000,21.467,679
1615078800000,21.326,646
1615165200000,21.327,585
1615251600000,21.182,636
1615338000000,20.979,681
1615424400000,21.088,650
1615510800000,20.927,696
1615597200000,21.135,660
1615683600000,21.008,641
1615770000000,20.765,634
1615856400000,20.983,583
1615942800000,20.967,726
1616029200000,21.032,642
1616115600000,21.143,683
1616202000000,21.216,669
1616288400000,21.22,661
1616374800000,21.492,623
1616461200000,21.309,617
1616547600000,21.347,620
1616634000000,21.184,681
1616720400000,21.374,658
1616806800000,21.028,643
1616893200000,21.286,632
1616979600000,21.477,603
1617066000000,21.35,567
1617152400000,21.477,603
1617238800000,21.733,595
1617325200000,22.032,598
1617411600000,22.011,618
1617498000000,22.199,597
1617584400000,22.41,571
1617670800000,22.365,587
1617757200000,20.862,1090
1617843600000,20.21,982
1617930000000,20.398,974
1618016400000,20.555,867
1618102800000,20.312,798
1618189200000,20.371,782
1618275600000,20.49,645
1618362000000,20.756,233
1618448400000,21.023,761
1618534800000,20.806,617
1618621200000,20.788,645
1618707600000,20.746,601
1618794000000,20.618,537
1618880400000,20.724,542
1618966800000,20.479,511
1619053200000,20.363,472
1619139600000,20.096,526
1619226000000,20.089,510
1619312400000,19.885,481
1619398800000,19.877,558
1619485200000,19.553,499
1619571600000,19.416,482
1619658000000,19.195,516
1619744400000,18.592,684
1619830800000,19.215,576
1619917200000,19.59,519
1620003600000,19.954,625
1620090000000,19.26,768
1620176400000,19.364,659
1620262800000,19.576,605
1620349200000,19.546,631
1620435600000,19.721,592
1620522000000,19.823,596
1620608400000,19.997,542
1620694800000,20.367,535
1620781200000,20.479,574
1620867600000,20.468,511
1620954000000,20.186,538
1621040400000,20.278,566
1621126800000,20.251,621
1621213200000,20.298,489
1621299600000,20.367,502
1621386000000,20.327,466
1621472400000,20.112,489
1621558800000,20.135,487
1621645200000,20.228,463
1621731600000,20.138,491
1621818000000,19.735,504
1621904400000,19.994,469
1621990800000,20.162,393
1622077200000,19.967,473
1622163600000,19.753,569
1622250000000,19.778,537
1622336400000,19.671,500
1622422800000,19.386,519
1622509200000,19.535,448
1622595600000,19.477,436
1622682000000,19.604,488
1622768400000,19.463,627
1622854800000,19.445,565
1622941200000,19.654,545
1623027600000,19.534,437
1623114000000,19.295,460
1623200400000,19.182,447
1623286800000,19.177,450
1623373200000,19.319,483
1623459600000,19.122,467
1623546000000,18.759,519
1623632400000,18.673,429
1623718800000,18.769,431
1623805200000,18.635,416
1623891600000,18.671,418
1623978000000,18.593,436
1624064400000,18.486,447
1624150800000,18.435,420
1624237200000,18.299,411
1624323600000,17.947,449
1624410000000,17.569,380
1624496400000,17.106,737
1624582800000,17.19,880
1624669200000,17.449,774
1624755600000,17.48,589
1624842000000,17.405,557
1624928400000,17.287,540
1625014800000,17.191,723
1625101200000,17.22,507
1625187600000,17.144,553
1625274000000,17.244,501
1625360400000,17.102,504
1625446800000,17.205,508
1625533200000,17.252,514
1625619600000,17.184,567
1625706000000,17.333,559
1625792400000,17.736,425
1625878800000,17.721,449
1625965200000,17.627,437
1626051600000,17.396,460
1626138000000,17.193,545
1626224400000,16.98,468
1626310800000,16.787,469
1626397200000,16.861,466
1626483600000,16.973,400
1626570000000,17.109,405
1626656400000,17.09,403
1626742800000,16.976,382
1626829200000,17.029,361
1626915600000,17.255,404
1627002000000,17.257,395
1627088400000,17.196,395
1627174800000,17.003,453
1627261200000,16.676,349
1627347600000,16.946,191
1627434000000,16.946,373
1627520400000,16.813,407
1627606800000,16.889,411
1627693200000,16.607,365
1627779600000,16.691,538
1627866000000,16.639,374
1627952400000,16.796,389
1628038800000,16.723,404
1628125200000,16.765,332
1628211600000,16.468,480
1628298000000,16.201,399
1628384400000,16.051,435
1628470800000,16.027,395
1628557200000,15.861,359
1628643600000,15.894,409
1628730000000,15.675,419
1628816400000,15.599,432
1628902800000,15.439,390
1628989200000,15.361,392
1629075600000,15.226,430
1629162000000,15.009,368
1629248400000,14.881,413
1629334800000,14.903,369
1629421200000,14.798,376
1629507600000,14.971,447
1629594000000,15.017,398
1629680400000,15,401
1629766800000,14.898,445
1629853200000,14.629,401
1629939600000,14.534,349
1630026000000,14.734,371
1630112400000,14.594,407
1630198800000,14.708,413
1630285200000,14.679,391
1630371600000,14.877,420
1630458000000,14.978,389
1630544400000,14.901,398
1630630800000,14.883,395
1630717200000,15.015,453
1630803600000,14.958,438
1630890000000,15.013,353
1630976400000,15.049,377
1631062800000,14.88,383
1631149200000,14.501,395
1631235600000,14.623,463
1631322000000,14.782,397
1631408400000,14.725,415
1631494800000,14.415,384
1631581200000,14.541,424
1631667600000,14.299,408
1631754000000,14.447,406
1631840400000,14.373,444
1631926800000,13.713,567
1632013200000,14.11,406
1632099600000,14.004,396
1632186000000,13.812,398
1632272400000,12.32,2587
1632358800000,12.09,667
1632445200000,12.319,574
1632531600000,12.38,632
1632618000000,12.513,499
1632704400000,12.734,478
1632790800000,12.779,414
1632877200000,12.605,634
1632963600000,12.376,513
1633050000000,12.382,495
1633136400000,12.761,533
1633222800000,13.073,517
1633309200000,12.882,494
1633395600000,12.991,450
1633482000000,12.999,448
1633568400000,12.775,404
1633654800000,13.019,474
1633741200000,13.035,484
1633827600000,13.035,412
1633914000000,13.125,433
1634000400000,12.782,440
1634086800000,12.733,413
1634173200000,12.627,425
1634259600000,12.625,490
1634346000000,12.658,512
1634432400000,12.73,473
1634518800000,12.694,415
1634605200000,12.645,451
1634691600000,12.68,410
1634778000000,12.552,533
1634864400000,11.907,1505
1634950800000,12.142,753
1635037200000,12.212,646
1635123600000,12.131,588
1635210000000,12.336,523
1635296400000,12.517,663
1635382800000,12.607,608
1635469200000,12.706,616
1635555600000,12.783,689
1635642000000,12.863,629
1635728400000,12.771,548
1635814800000,12.924,514
1635901200000,13.211,511
1635987600000,13.287,534
1636074000000,13.058,556
1636160400000,13.128,538
1636246800000,12.778,589
1636333200000,12.467,525
1636419600000,12.436,482
1636506000000,12.213,768
1636592400000,12.304,546
1636678800000,12.413,477
1636765200000,12.537,529
1636851600000,12.763,523
1636938000000,12.728,436
1637024400000,13.068,447
1637110800000,13.046,404
1637197200000,12.909,474
1637283600000,12.885,475
1637370000000,12.828,458
1637456400000,12.832,512
1637542800000,13.001,423
1637629200000,12.837,355
1637715600000,12.45,451
1637802000000,12.307,569
1637888400000,12.219,556
1637974800000,12.222,545
1638061200000,12.378,472
1638147600000,12.718,455
1638234000000,12.273,684
1638320400000,12.332,543
1638406800000,12.495,469
1638493200000,12.916,463
1638579600000,13.348,542
1638666000000,13.96,647
1638752400000,14.135,515
1638838800000,14.292,525
1638925200000,13.981,484
1639011600000,13.794,422
1639098000000,13.69,485
1639184400000,13.789,458
1639270800000,13.585,392
1639357200000,13.702,398
1639443600000,13.63,378
1639530000000,12.96,498
1639616400000,12.917,413
1639702800000,13.406,424
1639789200000,13.317,433
1639875600000,13.254,427
1639962000000,13.298,418
1640048400000,13.293,410
1640134800000,13.247,572
1640221200000,13.139,550
1640307600000,13.384,537
1640394000000,13.769,618
1640480400000,13.854,499
1640566800000,14.002,457
1640653200000,14.038,523
1640739600000,14.301,534
1640826000000,14.323,503
1640912400000,14.437,492
1640998800000,14.362,525
1641085200000,14.354,574
1641171600000,14.511,547
1641258000000,14.461,470
1641344400000,14.615,504
1641430800000,14.699,443
1641517200000,14.974,446
1641603600000,14.933,506
1641690000000,14.933,440
1641776400000,15.232,481
1641862800000,15.179,425
1641949200000,14.99,428
1642035600000,15.032,388
1642122000000,15.153,426
1642208400000,14.765,491
1642294800000,14.927,448
1642381200000,14.819,422
1642467600000,14.782,428
1642554000000,14.572,422
1642640400000,14.83,396
1642726800000,14.579,547
1642813200000,14.499,607
1642899600000,14.274,505
1642986000000,14.366,477
1643072400000,14.464,486
1643158800000,14.056,492
1643245200000,14.073,467
1643331600000,13.905,552
1643418000000,13.966,540
1643504400000,13.712,555
1643590800000,13.715,496
1643677200000,13.857,566
1643763600000,13.975,538
1643850000000,13.937,598
1643936400000,14.189,545
1644022800000,14.207,568
1644109200000,14.189,584
1644195600000,14.003,471
1644282000000,14.073,476
1644368400000,14.053,503
1644454800000,14.059,446
1644541200000,14.311,456
1644627600000,14.273,521
1644714000000,14.376,519
1644800400000,14.212,453
1644886800000,14.169,460
1644973200000,14.154,414
1645059600000,13.979,433
1645146000000,14.188,456
1645232400000,14.127,480
1645318800000,14.326,485
1645405200000,14.287,463
1645491600000,14.364,506
1645578000000,14.326,487
1645664400000,14.297,479
1645750800000,14.449,511
1645837200000,14.343,493
1645923600000,14.331,541
1646010000000,14.734,475
1646096400000,14.8,545
1646182800000,14.52,471
1646269200000,14.395,501
1646355600000,14.805,458
1646442000000,14.827,507
1646528400000,14.786,496
1646614800000,14.717,475
1646701200000,14.317,655
1646787600000,14.188,433
1646874000000,14.412,475
1646960400000,14.685,434
1647046800000,14.759,517
1647133200000,14.985,468
1647219600000,14.813,437
1647306000000,14.655,494
1647392400000,14.735,440
1647478800000,14.708,447
1647565200000,14.915,409
1647651600000,14.795,467
1647738000000,14.99,489
1647824400000,15.018,432
1647910800000,14.872,367
1647997200000,14.806,569
1648083600000,14.718,486
1648170000000,14.9,464
1648256400000,15.031,459
1648342800000,14.68,432
1648429200000,14.639,420
1648515600000,14.945,454
1648602000000,14.93,415
1648688400000,15.033,405
1648774800000,15.028,439
1648861200000,15.405,440
1648947600000,15.592,448
1649034000000,15.604,438
1649120400000,15.704,412
1649206800000,15.795,410
1649293200000,15.567,437
1649379600000,15.859,498
1649466000000,15.714,461
1649552400000,15.69,485
1649638800000,15.556,403
1649725200000,15.699,423
1649811600000,15.687,359
1649898000000,15.747,428
1649984400000,15.816,424
1650070800000,15.708,469
1650157200000,15.64,485
1650243600000,15.666,434
1650330000000,15.831,366
1650416400000,15.826,343
1650502800000,15.835,334
1650589200000,16.09,382
1650675600000,16.104,387
1650762000000,15.778,405
1650848400000,15.621,389
1650934800000,15.554,409
1651021200000,15.086,366
1651107600000,14.905,377
1651194000000,15.002,397
1651280400000,14.842,378
1651366800000,14.783,392
1651453200000,14.886,379
1651539600000,15.022,434
1651626000000,14.447,1392
1651712400000,14.593,615
1651798800000,14.75,582
1651885200000,14.866,468
1651971600000,14.753,490
1652058000000,14.528,412
1652144400000,14.542,402
1652230800000,14.391,482
1652317200000,14.431,424
1652403600000,14.739,430
1652490000000,14.729,432
1652576400000,14.687,391
1652662800000,14.602,369
1652749200000,14.929,407
1652835600000,14.963,354
1652922000000,15.004,370
1653008400000,15.061,364
1653094800000,15.109,378
1653181200000,15.284,421
1653267600000,15.226,402
1653354000000,15.181,426
1653440400000,15.253,407
1653526800000,14.871,416
1653613200000,14.987,407
1653699600000,15.231,407
1653786000000,14.898,433
1653872400000,14.776,387
1653958800000,14.893,367
1654045200000,15.179,391
1654131600000,15.373,378
1654218000000,14.717,636
1654304400000,14.619,544
1654390800000,14.614,487
1654477200000,14.684,382
1654563600000,14.857,400
1654650000000,14.751,392
1654736400000,14.682,387
1654822800000,14.995,389
1654909200000,14.936,408
1654995600000,14.856,376
1655082000000,14.841,356
1655168400000,15.119,382
1655254800000,14.713,378
1655341200000,14.597,410
1655427600000,14.401,385
1655514000000,14.342,377
1655600400000,14.308,412
1655686800000,14.105,366
1655773200000,13.978,425
1655859600000,13.731,496
1655946000000,13.684,448
1656032400000,13.576,590
1656118800000,13.624,527
1656205200000,13.442,470
1656291600000,13.501,382
1656378000000,13.709,431
1656464400000,13.807,431
1656550800000,14.269,494
1656637200000,14.445,563
1656723600000,14.397,582
1656810000000,14.391,531
1656896400000,14.299,447
1656982800000,14.312,529
1657069200000,13.75,680
1657155600000,13.844,468
1657242000000,14.101,411
1657328400000,14.172,442
1657414800000,14.347,427
1657501200000,14.14,445
1657587600000,14.218,421
1657674000000,15.371,240
1657760400000,14.05,457
1657846800000,13.933,403
1657933200000,14.143,420
1658019600000,14.116,383
1658106000000,14.331,426
1658192400000,14.278,376
1658278800000,15.056,208
1658365200000,14.16,513
1658451600000,14.168,436
1658538000000,14.266,420
1658624400000,14.053,379
1658710800000,14.353,341
1658797200000,14.413,342
1658883600000,14.32,414
1658970000000,14.333,381
1659056400000,14.465,374
1659142800000,14.387,427
1659229200000,14.512,377
1659315600000,14.677,414
1659402000000,14.495,413
1659488400000,14.587,371
1659574800000,14.91,406
1659661200000,14.674,395
1659747600000,14.621,412
1659834000000,14.529,423
1659920400000,14.642,402
1660006800000,14.837,265
1660093200000,14.271,550
1660179600000,14.328,368
1660266000000,14.476,400
1660352400000,14.14,414
1660438800000,14.302,412
1660525200000,14.127,429
1660611600000,14.164,476
1660698000000,13.957,634
1660784400000,14.119,442
1660870800000,14.214,434
1660957200000,14.127,484
1661043600000,14.428,537
1661130000000,14.074,529
1661216400000,13.84,537
1661302800000,13.536,730
1661389200000,13.64,548
1661475600000,13.61,480
1661562000000,13.95,513
1661648400000,13.923,473
1661734800000,13.73,501
1661821200000,13.849,426
1661907600000,13.871,484
1661994000000,13.755,445
1662080400000,13.58,567
1662166800000,13.75,589
1662253200000,13.909,475
1662339600000,14.027,426
1662426000000,13.969,447
1662512400000,14.036,382
1662598800000,14.121,349
1662685200000,13.978,428
1662771600000,13.857,468
1662858000000,13.681,442
1662944400000,14.069,383
1663030800000,13.958,346
1663117200000,13.526,394
1663203600000,13.594,389
1663290000000,13.477,442
1663376400000,13.536,433
1663462800000,13.428,476
1663549200000,13.446,473
1663635600000,13.335,433
1663722000000,13.279,530
1663808400000,13.213,434
1663894800000,13.302,413
1663981200000,13.385,423
1664067600000,13.525,413
1664154000000,13.526,358
1664240400000,13.462,369
1664326800000,13.298,392
1664413200000,13.321,413
1664499600000,13.36,509
1664586000000,13.556,448
1664672400000,13.64,494
1664758800000,13.715,405
1664845200000,14.03,412
1664931600000,13.922,453
1665018000000,14.178,401
1665104400000,14.528,453
1665190800000,14.646,470
1665277200000,14.617,401
1665363600000,14.57,362
1665450000000,14.537,377
1665536400000,14.416,365
1665622800000,14.347,475
1665709200000,14.175,352
1665795600000,14.458,509
1665882000000,14.543,422
1665968400000,14.564,362
1666054800000,14.325,457
1666141200000,14.278,408
1666227600000,14.212,426
1666314000000,14.143,523
1666400400000,13.673,879
1666486800000,13.709,542
1666573200000,13.684,391
1666659600000,13.709,409
1666746000000,13.78,462
1666832400000,13.696,420
1666918800000,13.75,485
1667005200000,13.923,529
1667091600000,13.638,495
1667178000000,13.59,452
1667264400000,13.748,400
1667350800000,13.891,443
1667437200000,14.094,388
1667523600000,14.472,380
1667610000000,14.439,401
1667696400000,14.538,418
1667782800000,14.644,323
1667869200000,14.352,343
1667955600000,14.491,373
1668042000000,14.588,382
1668128400000,14.613,372
1668214800000,14.421,391
1668301200000,14.342,402
1668387600000,14.26,301
1668474000000,14.18,313
1668560400000,14.28,313
1668646800000,14.171,311
1668733200000,14.13,291
1668819600000,13.695,537
1668906000000,13.622,370
1668992400000,13.656,329
1669078800000,13.902,409
1669165200000,13.392,571
1669251600000,13.158,408
1669338000000,13.03,423
1669424400000,12.905,415
1669510800000,13.07,424
1669597200000,13.223,354
1669683600000,13.687,398
1669770000000,14.263,282
1669856400000,14.808,382
1669942800000,15.302,432
1670029200000,15.092,369
1670115600000,14.973,360
1670202000000,14.778,388
1670288400000,14.881,335
1670374800000,14.74,331
1670461200000,14.64,314
1670547600000,14.533,356
1670634000000,14.542,300
1670720400000,14.612,361
1670806800000,14.376,281
1670893200000,14.3,270
1670979600000,14.19,353
1671066000000,14.391,335
1671152400000,14.308,381
1671238800000,14.202,404
1671325200000,14.117,358
1671411600000,14.099,337
1671498000000,14.207,354
1671584400000,14.518,339
1671670800000,14.439,408
1671757200000,14.479,526
1671843600000,14.607,471
1671930000000,14.532,420
1672016400000,14.424,445
1672102800000,14.416,384
1672189200000,14.494,457
1672275600000,14.409,482
1672362000000,14.428,422
1672448400000,14.637,406
1672534800000,14.623,425
1672621200000,14.426,402
1672707600000,14.533,446
1672794000000,14.622,440
1672880400000,14.625,459
1672966800000,14.824,348
1673053200000,15.152,389
1673139600000,15.181,364
1673226000000,15.05,375
1673312400000,15.525,389
1673398800000,15.341,449
1673485200000,15.497,408
1673571600000,15.836,397
1673658000000,15.67,404
1673744400000,16.17,382
1673830800000,16.014,347
1673917200000,16.075,355
1674003600000,16.364,348
1674090000000,16.03,354
1674176400000,15.939,383
1674262800000,15.792,438
1674349200000,15.85,476
1674435600000,15.845,384
1674522000000,15.926,405
1674608400000,16.097,370
1674694800000,16.094,387
1674781200000,16.192,428
1674867600000,16.355,382
1674954000000,16.345,416
1675040400000,16.291,358
1675126800000,16.228,345
1675213200000,16.185,319
1675299600000,16.329,355
1675386000000,16.381,362
1675472400000,16.544,368
1675558800000,16.572,409
1675645200000,16.543,351
1675731600000,16.132,375
1675818000000,16.082,399
1675904400000,16.209,338
1675990800000,16.093,581
1676077200000,16.156,527
1676163600000,16.06,528
1676250000000,16.333,417
1676336400000,16.83,403
1676422800000,16.362,480
1676509200000,16.548,441
1676595600000,16.472,531
1676682000000,16.463,446
1676768400000,16.4,445
1676854800000,16.582,422
1676941200000,16.468,372
1677027600000,16.788,395
1677114000000,16.528,558
1677200400000,16.276,643
1677286800000,16.652,513
1677373200000,16.58,543
1677459600000,16.621,457
1677546000000,17.051,341
1677632400000,17.321,457
1677718800000,17.947,435
1677805200000,17.937,423
1677891600000,17.916,513
1677978000000,17.973,479
1678064400000,18.028,453
1678150800000,17.822,419
1678237200000,17.605,502
1678323600000,17.951,404
1678410000000,17.904,427
1678496400000,17.675,560
1678582800000,17.8,507
1678669200000,17.759,381
1678755600000,17.634,490
1678842000000,17.793,385
1678928400000,17.472,413
1679014800000,17.191,498
1679101200000,17.363,516
1679187600000,17.388,537
1679274000000,17.353,489
1679360400000,17.32,426
1679446800000,17.503,624
1679533200000,18.601,617
1679619600000,19.255,526
1679706000000,19.831,547
1679792400000,20.251,616
1679878800000,19.944,562
1679965200000,20.839,508
1680051600000,20.521,571
1680138000000,20.439,438
1680224400000,20.895,442
1680310800000,22.183,511
1680397200000,22.922,509
1680483600000,21.848,500
1680570000000,22.895,449
1680656400000,22.888,462
1680742800000,23.765,444
1680829200000,24.172,442
1680915600000,24.768,419
1681002000000,24.792,517
1681088400000,25.381,489
1681174800000,25.643,444
1681261200000,27.787,438
1681347600000,29.46,424
1681434000000,31.038,457
1681520400000,31.34,406
1681606800000,31.209,461
1681693200000,29.37,463
1681779600000,29.199,394
1681866000000,30.26,446
1681952400000,29.509,57
1681966800000,29.437,14
1681970400000,28.68,9
1681974000000,28.687,14
1681977600000,28.979,10
1681981200000,28.48,19
1681984800000,29.47,25
1681988400000,29.84,17
1681992000000,29.34,17
1681995600000,28.924,18
1681999200000,28.81,26
1682002800000,28.246,32
1682006400000,28.31,37
1682010000000,28.385,24
1682013600000,29.758,28
1682017200000,29.524,15
1682020800000,28.39,18
1682024400000,28.835,30
1682028000000,28.833,18
1682031600000,28.494,30
1682035200000,28.581,18
1682038800000,29.634,14
1682042400000,29.61,15
1682046000000,29.149,8
1682049600000,28.219,18
1682053200000,29.333,8
1682056800000,28.201,10
1682060400000,27.73,10
1682064000000,28.39,14
1682067600000,28.117,14
1682071200000,28.235,12
1682074800000,27.925,24
1682078400000,27.84,27
1682082000000,29.609,23
1682085600000,29.249,23
1682089200000,29.198,21
1682092800000,28.991,30
1682096400000,28.167,24
1682100000000,28.023,33
1682103600000,27.805,32
1682107200000,28.417,33
1682110800000,28.903,21
1682114400000,28.93,23
1682118000000,28.726,32
1682121600000,27.55,16
1682125200000,27.743,24
1682128800000,28.331,6
1682132400000,27.254,10
1682136000000,28,7
1682139600000,28.35,5
1682143200000,27.542,14
1682146800000,27.202,11
1682150400000,27.23,17
1682154000000,28.555,19
1682157600000,28.551,15
1682161200000,27.718,24
1682164800000,27.939,18
1682168400000,27.83,23
1682172000000,29.313,45
1682175600000,27.95,23
1682179200000,27.782,27
1682182800000,27.318,22
1682186400000,28.135,25
1682190000000,27.669,25
1682193600000,27.38,27
1682197200000,28,29
1682200800000,28.556,22
1682204400000,27.508,25
1682208000000,27.579,24
1682211600000,28.003,14
1682215200000,29.09,11
1682218800000,27.585,17
1682222400000,27.8,9
1682226000000,27.39,8
1682229600000,27.518,19
1682233200000,28.555,13
1682236800000,28.375,16
1682240400000,28.35,25
1682244000000,27.33,24
1682247600000,27.571,28
1682251200000,27.857,30
1682254800000,28.21,18
1682258400000,28.467,24
1682262000000,27.785,23
1682265600000,26.657,30
1682269200000,27.156,27
1682272800000,27.561,24
1682276400000,26.953,30
1682280000000,26.409,21
1682283600000,26.095,28
1682287200000,26.736,24
1682290800000,26.08,17
1682294400000,25.89,13
1682298000000,26.57,10
1682301600000,25.7,15
1682305200000,27.013,13
1682308800000,26.179,6
1682312400000,25.695,8
1682316000000,25.513,11
1682319600000,25.447,7
1682323200000,25.993,8
1682326800000,25.597,16
1682330400000,25.21,12
1682334000000,25.584,26
1682337600000,25.381,23
1682341200000,26.562,20
1682344800000,26.142,18
1682348400000,25.76,24
1682352000000,25.77,24
1682355600000,26.358,41
1682359200000,27.26,29
1682362800000,26.016,26
1682366400000,25.952,27
1682370000000,25.731,23
1682373600000,25.71,19
1682377200000,26.841,20
1682380800000,25.62,21
1682384400000,25.15,26
1682388000000,25.109,40
1682391600000,24.81,33
1682395200000,24.664,24
1682398800000,24.416,27
1682402400000,24.46,28
1682406000000,25.02,27
1682409600000,24.47,27
1682413200000,24.649,29
1682416800000,24.42,39
1682420400000,24.65,30
1682424000000,24.743,28
1682427600000,24.35,43
1682431200000,25.324,63
1682434800000,25.336,65
1682438400000,23.75,36
1682442000000,25.327,36
1682445600000,24.018,42
1682449200000,23.673,44
1682452800000,23.871,31
1682456400000,25.66,25
1682460000000,24.191,30
1682463600000,23.35,17
1682467200000,23.561,20
1682470800000,25.123,13
1682474400000,23.64,15
1682478000000,25.265,13
1682481600000,24.885,12
1682485200000,24.5,12
1682488800000,24.259,8
1682492400000,24.487,13
1682496000000,24.688,12
1682499600000,23.921,10
1682503200000,24.055,14
1682506800000,23.952,21
1682510400000,23.912,25
1682514000000,23.926,20
1682517600000,24.744,18
1682521200000,24.301,16
1682524800000,24.377,31
1682528400000,24.012,33
1682532000000,24.192,23
1682535600000,23.6,28
1682539200000,24.88,36
1682542800000,24.49,30
1682546400000,24.005,25
1682550000000,24.39,15
1682553600000,26.814,11
1682557200000,25.239,10
1682560800000,25.442,12
1682564400000,24.547,10
1682568000000,23.812,7
1682571600000,24.19,9
1682575200000,25.595,9
1682578800000,23.722,12
1682582400000,23.699,20
1682586000000,23.971,18
1682589600000,24.76,20
1682593200000,24.788,22
1682596800000,24.604,16
1682600400000,23.712,18
1682604000000,24.42,15
1682607600000,23.873,26
1682611200000,23.792,20
1682614800000,23.728,25
1682618400000,23.891,36
1682622000000,23.766,35
1682625600000,23.883,27
1682629200000,23.6,41
1682632800000,23.663,15
1682636400000,24.253,14
1682640000000,23.97,11
1682643600000,24.235,8
1682647200000,23.633,25
1682650800000,23.633,10
1682654400000,24.01,8
1682658000000,23.51,8
1682661600000,23.63,7
1682665200000,23.984,11
1682668800000,23.62,11
1682672400000,23.65,16
1682676000000,23.973,17
1682679600000,23.784,15
1682683200000,24.224,23
1682686800000,24.46,21
1682690400000,23.907,22
1682694000000,24.096,16
1682697600000,23.988,24
1682701200000,24.016,28
1682704800000,24.206,24
1682708400000,24.203,24
1682712000000,23.65,27
1682715600000,24.206,31
1682719200000,24.44,17
1682722800000,24.26,20
1682726400000,24.55,21
1682730000000,23.97,14
1682733600000,24.223,16
1682737200000,24.957,12
1682740800000,24.085,12
1682744400000,23.96,16
1682748000000,24.554,8
1682751600000,24.361,17
1682755200000,24.67,16
1682758800000,24.343,22
1682762400000,25.821,20
1682766000000,24.26,23
1682769600000,24.92,25
1682773200000,25.748,19
1682776800000,24.741,20
1682780400000,24.811,23
1682784000000,24.734,28
1682787600000,25.814,30
1682791200000,26.373,31
1682794800000,25.26,25
1682798400000,25.972,16
1682802000000,25.463,29
1682805600000,25,31
1682809200000,24.745,26
1682812800000,26.001,18
1682816400000,24.532,16
1682820000000,25.25,9
1682823600000,24.127,9
1682827200000,24.026,13
1682830800000,24.027,9
1682834400000,24.305,11
1682838000000,24.15,11
1682841600000,24.206,13
1682845200000,25.264,9
1682848800000,24.701,9
1682852400000,24.661,19
1682856000000,24.206,32
1682859600000,24.647,19
1682863200000,24.075,24
1682866800000,23.253,26
1682870400000,23.939,24
1682874000000,23.876,29
1682877600000,25.265,17
1682881200000,24.197,30
1682884800000,24,27
1682888400000,24.553,18
1682892000000,23.498,26
1682895600000,24.564,26
1682899200000,23.505,18
1682902800000,24.734,11
1682906400000,22.95,11
1682910000000,24.255,10
1682913600000,23.656,14
1682917200000,22.721,3
1682920800000,23.119,6
1682924400000,22.898,10
1682928000000,22.615,6
1682931600000,23.1,18
1682935200000,23.765,14
1682938800000,23.117,23
1682942400000,22.833,26
1682946000000,22.965,21
1682949600000,22.984,24
1682953200000,23.614,22
1682956800000,24.1,29
1682960400000,24.21,22
1682964000000,23.88,27
1682967600000,23.053,28
1682971200000,23.892,24
1682974800000,22.81,28
1682978400000,23.316,15
1682982000000,24.123,18
1682985600000,23.575,15
1682989200000,24.859,8
1682992800000,22.758,11
1682996400000,23.03,7
1683000000000,22.985,8
1683003600000,23.26,14
1683007200000,22.997,9
1683010800000,23.13,5
1683014400000,22.74,13
1683018000000,23.13,18
1683021600000,22.978,11
1683025200000,25.242,19
1683028800000,24.623,16
1683032400000,23.137,16
1683036000000,22.183,15
1683039600000,23.833,14
1683043200000,23.685,16
1683046800000,22.55,26
1683050400000,22.432,39
1683054000000,23.853,26
1683057600000,23.126,34
1683061200000,22.67,31
1683064800000,23.002,18
1683068400000,22.899,17
1683072000000,22.5,17
1683075600000,23.392,16
1683079200000,23,9
1683082800000,22.622,6
1683086400000,23.298,11
1683090000000,23,23
1683093600000,22.6,11
1683097200000,24.437,11
1683100800000,22.65,9
1683104400000,22.679,14
1683108000000,24.628,14
1683111600000,24.254,19
1683115200000,24.24,22
1683118800000,23.774,12
1683122400000,24.431,25
1683126000000,23.812,14
1683129600000,24.206,23
1683133200000,24.399,14
1683136800000,23.325,27
1683140400000,23.216,25
1683144000000,22.885,29
1683147600000,24.467,20
1683151200000,23.88,22
1683154800000,24.181,22
1683158400000,24.27,13
1683162000000,23.928,13
1683165600000,23.09,11
1683169200000,23.09,12
1683172800000,24.632,4
1683176400000,24.558,8
1683180000000,23.255,9
1683183600000,24.5,14
1683187200000,24.282,7
1683190800000,24.52,15
1683194400000,23.89,17
1683198000000,24.042,18
1683201600000,23.92,22
1683205200000,23.853,15
1683208800000,23.724,13
1683212400000,23.045,21
1683216000000,24.18,21
1683219600000,23.873,21
1683223200000,23.142,30
1683226800000,23.596,15
1683230400000,22.912,36
1683234000000,23.491,24
1683237600000,24.306,20
1683241200000,23.578,17
1683244800000,23.146,12
1683248400000,22.755,60
1683252000000,22.28,29
1683255600000,22.48,29
1683259200000,22.4,41
1683262800000,22.457,45
1683266400000,22.311,40
1683270000000,22.304,34
1683273600000,22.19,45
1683277200000,22.214,41
1683280800000,22.174,44
1683284400000,22.19,41
1683288000000,22.224,64
1683291600000,22.24,57
1683295200000,22.59,39
1683298800000,23.107,27
1683302400000,22.376,50
1683306000000,22.705,55
1683309600000,22.863,37
1683313200000,23.82,49
1683316800000,23.717,28
1683320400000,23.085,36
1683324000000,23.177,30
1683327600000,23.05,18
1683331200000,23.859,22
1683334800000,23.113,22
1683338400000,23.07,21
1683342000000,23.06,25
1683345600000,23.465,14
1683349200000,23.12,16
1683352800000,23.536,16
1683356400000,23.09,10
1683360000000,23.156,15
1683363600000,23.131,14
1683367200000,22.279,20
1683370800000,23.122,32
1683374400000,22.51,35
1683378000000,22.28,20
1683381600000,22.954,35
1683385200000,22.72,21
1683388800000,22.24,39
1683392400000,22.3,31
1683396000000,22.263,42
1683399600000,23.533,38
1683403200000,22.97,35
1683406800000,23.05,33
1683410400000,23.532,29
1683414000000,23.123,19
1683417600000,23.322,14
1683421200000,22.355,14
1683424800000,22.72,15
1683428400000,22.131,8
1683432000000,22.301,16
1683435600000,22.5,9
1683439200000,22.51,13
1683442800000,22.615,21
1683446400000,22.667,19
1683450000000,22.835,20
1683453600000,23.018,23
1683457200000,22.678,19
1683460800000,22.809,49
1683464400000,24.162,43
1683468000000,23.291,42
1683471600000,22.643,39
1683475200000,22.62,24
1683478800000,22.28,45
1683482400000,22.204,45
1683486000000,22.185,34
1683489600000,23.514,20
1683493200000,23.459,27
1683496800000,21.96,21
1683500400000,22.49,20
1683504000000,23.468,16
1683507600000,22.02,10
1683511200000,22.537,12
1683514800000,22.684,8
1683518400000,23.24,9
1683522000000,22.675,9
1683525600000,22.528,7
1683529200000,23.208,14
1683532800000,22.1,7
1683536400000,22.61,23
1683540000000,22.52,10
1683543600000,23.034,16
1683547200000,22.581,19
1683550800000,22.724,25
1683554400000,22.974,27
1683558000000,23.192,26
1683561600000,23.22,26
1683565200000,22.526,23
1683568800000,23.558,29
1683572400000,23.568,29
1683576000000,22.266,24
1683579600000,22.557,21
1683583200000,22.776,21
1683586800000,22.729,26
1683590400000,21.98,11
1683594000000,21.71,12
1683597600000,23,13
1683601200000,22.034,17
1683604800000,22.711,8
1683608400000,21.714,10
1683612000000,22.649,8
1683615600000,24.12,13
1683619200000,24.144,19
1683622800000,24.1,7
1683626400000,24.226,6
1683630000000,24.744,9
1683633600000,22.902,20
1683637200000,23.884,12
1683640800000,22.058,20
1683644400000,24.388,36
1683648000000,22.968,21
1683651600000,23.4,21
1683655200000,23.425,29
1683658800000,23.38,19
1683662400000,22.776,26
1683666000000,22.903,29
1683669600000,22.586,22
1683673200000,23.831,12
1683676800000,22.946,14
1683680400000,22.51,12
1683684000000,22.691,12
1683687600000,23.229,13
1683691200000,23.31,11
1683694800000,22.72,12
1683698400000,22.51,12
1683702000000,23.408,5
1683705600000,22.741,8
1683709200000,22.31,17
1683712800000,23.055,13
1683716400000,23.229,13
1683720000000,22.501,14
1683723600000,22.074,14
1683727200000,23.542,14
1683730800000,23.669,29
1683734400000,23.034,23
1683738000000,23.08,15
1683741600000,22.991,35
1683745200000,24.058,28
1683748800000,24,33
1683752400000,23.745,30
1683756000000,22.728,18
1683759600000,23.236,12
1683763200000,22.494,16
1683766800000,24.11,13
1683770400000,23.443,8
1683774000000,22.66,9
1683777600000,24.23,3
1683781200000,22.69,11
1683784800000,22.548,8
1683788400000,22.505,6
1683792000000,24.408,5
1683795600000,22.568,20
1683799200000,23,7
1683802800000,22.508,10
1683806400000,23.068,17
1683810000000,23.34,18
1683813600000,23.532,24
1683817200000,23.508,22
1683820800000,23.439,22
1683824400000,23.855,28
1683828000000,24,26
1683831600000,24.003,29
1683835200000,24.078,20
1683838800000,23.279,37
1683842400000,23.37,13
1683846000000,22.9,15
1683849600000,22.941,18
1683853200000,23.691,8
1683856800000,22.86,12
1683860400000,30.463,4
1683864000000,23.058,10
1683867600000,22.9,8
1683871200000,23.449,10
1683874800000,23.193,7
1683878400000,22.165,12
1683882000000,23.994,18
1683885600000,23.781,11
1683889200000,23.388,13
1683892800000,22.171,10
1683896400000,22.687,16
1683900000000,23.028,19
1683903600000,23.535,27
1683907200000,22.238,29
1683910800000,23.12,21
1683914400000,22.38,21
1683918000000,22.815,25
1683921600000,22.517,25
1683925200000,23.11,24
1683928800000,22.632,15
1683932400000,23,13
1683936000000,24.326,17
1683939600000,22.51,19
1683943200000,22.489,6
1683946800000,22.009,12
1683950400000,23.08,12
1683954000000,23,9
1683957600000,22.74,11
1683961200000,23,7
1683964800000,22.821,9
1683968400000,22.819,24
1683972000000,23.896,22
1683975600000,23.231,19
1683979200000,22.445,24
1683982800000,22.055,20
1683986400000,22.494,30
1683990000000,22.942,12
1683993600000,22.406,26
1683997200000,22.999,16
1684000800000,22.07,23
1684004400000,22.838,26
1684008000000,21.75,28
1684011600000,22.275,34
1684015200000,23.927,21
1684018800000,22.977,16
1684022400000,22.805,15
1684026000000,22.788,10
1684029600000,22.821,10
1684033200000,23.003,8
1684036800000,22.14,11
1684040400000,22.194,15
1684044000000,23.34,3
1684047600000,23.55,11
1684051200000,22.84,19
1684054800000,22.012,21
1684058400000,21.262,17
1684062000000,23.307,21
1684065600000,22.17,23
1684069200000,21.3,26
1684072800000,21.73,35
1684076400000,22.05,23
1684080000000,21.545,31
1684083600000,21.697,29
1684087200000,21.214,26
1684090800000,22.438,24
1684094400000,22.513,20
1684098000000,22.92,19
1684101600000,21.11,23
1684105200000,22.38,12
1684108800000,21.275,11
1684112400000,21.92,15
1684116000000,21.5,10
1684119600000,22.945,12
1684123200000,22.709,15
1684126800000,21.709,4
1684130400000,22.634,11
1684134000000,21.36,17
1684137600000,22,15
1684141200000,20.85,8
1684144800000,22.067,15
1684148400000,21.75,15
1684152000000,21.73,16
1684155600000,22.366,9
1684159200000,21.632,23
1684162800000,22.993,29
1684166400000,23.352,23
1684170000000,22.495,20
1684173600000,21.81,24
1684177200000,22.676,30
1684180800000,22.82,31
1684184400000,22.006,27
1684188000000,21.82,25
1684191600000,22.293,23
1684195200000,22.834,14
1684198800000,23.313,3
1684202400000,20.92,11
1684206000000,23.012,7
1684209600000,21.46,15
1684213200000,22.387,8
1684216800000,22.031,13
1684220400000,22.804,9
1684224000000,22.727,8
1684227600000,22.272,7
1684231200000,21.59,10
1684234800000,22.376,12
1684238400000,21.585,7
1684242000000,22.865,14
1684245600000,22.99,15
1684249200000,22.548,16
1684252800000,21.786,32
1684256400000,22.5,21
1684260000000,22.295,24
1684263600000,22.844,20
1684267200000,23.208,24
1684270800000,22.274,21
1684274400000,22.84,16
1684278000000,22.996,5
1684281600000,22.74,17
1684285200000,22.584,12
1684288800000,23.309,7
1684292400000,22.903,5
1684296000000,22.29,4
1684299600000,21.66,8
1684303200000,22.61,5
1684306800000,22.419,12
1684310400000,22.011,8
1684314000000,22.5,7
1684317600000,21.638,9
1684321200000,21.72,16
1684324800000,21.712,26
1684328400000,21.894,15
1684332000000,21.807,20
1684335600000,22.001,26
1684339200000,21.804,25
1684342800000,21.767,24
1684346400000,22.325,20
1684350000000,22.269,28
1684353600000,22.269,25
1684357200000,22.28,25
1684360800000,21.878,20
1684364400000,22.005,32
1684368000000,22.401,14
1684371600000,22.633,12
1684375200000,22.689,7
1684378800000,22.68,12
1684382400000,22.7,8
1684386000000,22.454,6
1684389600000,21.755,6
1684393200000,22.448,11
1684396800000,22.643,6
1684400400000,22.02,13
1684404000000,22.277,11
1684407600000,22.981,11
1684411200000,22.387,9
1684414800000,22.202,20
1684418400000,22.371,19
1684422000000,22.66,25
1684425600000,23.049,14
1684429200000,22.824,26
1684432800000,22.396,24
1684436400000,22.175,21
1684440000000,22.03,30
1684443600000,22.268,24
1684447200000,22.304,20
1684450800000,22.534,21
1684454400000,21.911,12
1684458000000,22.001,15
1684461600000,22.13,17
1684465200000,22.18,8
1684468800000,22.13,13
1684472400000,22.006,9
1684476000000,22.34,8
1684479600000,22.48,9
1684483200000,21.702,5
1684486800000,22.334,12
1684490400000,21.802,17
1684494000000,21.747,19
1684497600000,22.507,16
1684501200000,21.942,12
1684504800000,21.897,15
1684508400000,22.208,25
1684512000000,21.54,26
1684515600000,21.64,24
1684519200000,22.79,23
1684522800000,22.408,20
1684526400000,22.35,25
1684530000000,22.799,22
1684533600000,22.44,14
1684537200000,22.137,24
1684540800000,22.999,13
1684544400000,22.659,21
1684548000000,21.97,12
1684551600000,22.138,9
