timestamp,price_dollar,sells
1379725200000,18.035,1007
1379811600000,8.132,4036
1379898000000,6.65,3384
1379984400000,6.169,3571
1380070800000,5.926,3264
1380157200000,5.908,3095
1380243600000,6.148,3584
1380330000000,5.74,4070
1380416400000,4.226,5392
1380502800000,4.645,4804
1380589200000,4.542,4202
1380675600000,4.493,3648
1380762000000,4.5,3875
1380848400000,4.474,3597
1380934800000,4.178,4401
1381021200000,3.627,5387
1381107600000,3.407,5050
1381194000000,3.534,4501
1381280400000,3.493,4444
1381366800000,3.519,3995
1381453200000,3.337,5038
1381539600000,2.853,6445
1381626000000,2.442,7957
1381712400000,2.283,7349
1381798800000,2.311,6963
1381885200000,2.302,6554
1381971600000,2.384,5773
1382058000000,2.442,6302
1382144400000,2.244,7744
1382230800000,2.031,8689
1382317200000,2.059,7920
1382403600000,2.009,6765
1382490000000,2.001,7152
1382576400000,2.002,6801
1382662800000,2.113,8028
1382749200000,2.009,8222
1382835600000,1.885,9416
1382922000000,1.808,8200
1383008400000,1.802,8390
1383094800000,1.789,7848
1383181200000,1.736,7319
1383267600000,1.766,7381
1383354000000,1.73,7661
1383440400000,1.602,7379
1383526800000,1.454,7786
1383613200000,1.404,8078
1383699600000,1.416,7740
1383786000000,1.553,6733
1383872400000,1.136,9048
1383958800000,0.766,10210
1384045200000,0.574,10498
1384131600000,0.567,8599
1384218000000,0.589,8836
1384304400000,0.628,7232
1384390800000,0.586,7301
1384477200000,0.531,7835
1384563600000,0.536,8720
1384650000000,0.472,10207
1384736400000,0.482,8844
1384822800000,0.532,9297
1384909200000,0.617,7619
1384995600000,0.576,8430
1385082000000,0.596,9098
1385168400000,0.559,10196
1385254800000,0.524,10801
1385341200000,0.605,10725
1385427600000,0.63,9425
1385514000000,0.66,9616
1385600400000,0.619,9763
1385686800000,0.674,12362
1385773200000,0.641,14120
1385859600000,0.638,16308
1385946000000,0.62,13117
1386032400000,0.639,12694
1386118800000,0.68,11918
1386205200000,0.706,12387
1386291600000,0.726,13459
1386378000000,0.678,14291
1386464400000,0.643,16176
1386550800000,0.645,14564
1386637200000,0.641,12477
1386723600000,0.641,13196
1386810000000,0.634,13129
1386896400000,0.635,14251
1386982800000,0.613,14479
1387069200000,0.574,14386
1387155600000,0.545,14401
1387242000000,0.539,12343
1387328400000,0.536,13489
1387414800000,0.344,14113
1387501200000,0.199,13818
1387587600000,0.171,14074
1387674000000,0.146,13708
1387760400000,0.14,14488
1387846800000,0.153,16209
1387933200000,0.2,13288
1388019600000,0.231,17637
1388106000000,0.237,18300
1388192400000,0.217,17160
1388278800000,0.185,14699
1388365200000,0.157,15768
1388451600000,0.152,13375
1388538000000,0.155,14295
1388624400000,0.151,16284
1388710800000,0.143,11377
1388797200000,0.142,19185
1388883600000,0.138,18438
1388970000000,0.135,18562
1389056400000,0.135,17789
1389142800000,0.138,16267
1389229200000,0.141,18821
1389315600000,0.142,20912
1389402000000,0.153,19019
1389488400000,0.129,18401
1389574800000,0.121,17802
1389661200000,0.121,17242
1389747600000,0.126,18434
1389834000000,0.133,18820
1389920400000,0.136,18904
1390006800000,0.134,21929
1390093200000,0.128,22155
1390179600000,0.129,21307
1390266000000,0.133,20043
1390352400000,0.134,18659
1390438800000,0.134,19159
1390525200000,0.139,22945
1390611600000,0.139,23428
1390698000000,0.148,23793
1390784400000,0.139,21164
1390870800000,0.136,20732
1390957200000,0.135,21894
1391043600000,0.133,20487
1391130000000,0.138,26077
1391216400000,0.145,30365
1391302800000,0.143,27724
1391389200000,0.147,25005
1391475600000,0.149,24642
1391562000000,0.153,23968
1391648400000,0.17,34586
1391734800000,0.302,29841
1391821200000,0.345,18484
1391907600000,0.294,15446
1391994000000,0.283,12699
1392080400000,0.29,12740
1392166800000,0.304,11635
1392253200000,0.327,13059
1392339600000,0.358,13185
1392426000000,0.388,13444
1392512400000,0.41,11454
1392598800000,0.441,10445
1392685200000,0.474,9090
1392771600000,0.519,9637
1392858000000,0.569,10038
1392944400000,0.443,11904
1393030800000,0.404,10425
1393117200000,0.434,8864
1393203600000,0.497,8834
1393290000000,0.555,8432
1393376400000,0.613,7316
1393462800000,0.672,7705
1393549200000,0.732,9529
1393635600000,0.774,8703
1393722000000,0.813,7780
1393808400000,0.91,7389
1393894800000,1.021,6968
1393981200000,1.077,5397
1394067600000,1.06,5388
1394154000000,1.001,5221
1394240400000,0.918,5809
1394326800000,0.85,5410
1394413200000,0.84,4861
1394499600000,0.901,4812
1394586000000,0.973,3958
1394672400000,1.007,3259
1394758800000,1.025,4725
1394845200000,0.934,5978
1394931600000,0.886,5846
1395018000000,0.999,4770
1395104400000,1.063,4429
1395190800000,1.091,4157
1395277200000,1.116,4095
1395363600000,1.125,4455
1395450000000,1.145,5303
1395536400000,1.178,4235
1395622800000,1.274,4274
1395709200000,1.386,3944
1395795600000,1.522,3843
1395882000000,1.557,3682
1395968400000,1.55,4149
1396054800000,1.594,4263
1396141200000,1.697,4178
1396227600000,1.948,4070
1396314000000,2.101,2483
1396400400000,1.972,2958
1396486800000,2.035,3007
1396573200000,2.037,3590
1396659600000,2.028,3390
1396746000000,1.965,3371
1396832400000,1.968,3073
1396918800000,1.983,2852
1397005200000,1.996,2656
1397091600000,2.024,2647
1397178000000,2.095,3267
1397264400000,2.084,2930
1397350800000,2.048,2703
1397437200000,2.084,2737
1397523600000,2.056,2449
1397610000000,2.131,3381
1397696400000,2.102,2593
1397782800000,2.068,3003
1397869200000,2.053,2410
1397955600000,2.043,2695
1398042000000,2.032,2689
1398128400000,2.05,2951
1398214800000,2.081,2279
1398301200000,2.052,2258
1398387600000,2.157,2556
1398474000000,2.225,2843
1398560400000,2.252,2912
1398646800000,2.253,2345
1398733200000,2.285,2476
1398819600000,2.35,2414
1398906000000,2.497,2436
1398992400000,2.176,1589
1399078800000,1.89,2273
1399165200000,1.757,2105
1399251600000,1.674,1983
1399338000000,1.7,1854
1399424400000,1.79,1810
1399510800000,1.865,1887
1399597200000,1.838,1957
1399683600000,1.677,2055
1399770000000,1.446,2063
1399856400000,1.419,1656
1399942800000,1.391,1446
1400029200000,1.407,1571
1400115600000,1.466,1825
1400202000000,1.499,2025
1400288400000,1.494,1843
1400374800000,1.42,1821
1400461200000,1.394,1552
1400547600000,1.513,1611
1400634000000,1.595,1558
1400720400000,1.596,1527
1400806800000,1.716,1778
1400893200000,1.804,1678
1400979600000,1.627,1571
1401066000000,1.592,1535
1401152400000,1.6,1803
1401238800000,1.671,1709
1401325200000,1.623,1568
1401411600000,1.638,1590
1401498000000,1.758,2034
1401584400000,1.75,1614
1401670800000,1.724,1343
1401757200000,1.688,1355
1401843600000,1.62,1485
1401930000000,1.754,1562
1402016400000,1.769,1419
1402102800000,1.798,1625
1402189200000,1.811,1348
1402275600000,1.917,1277
1402362000000,1.882,1317
1402448400000,1.836,1311
1402534800000,1.812,1632
1402621200000,1.835,1727
1402707600000,1.97,1827
1402794000000,1.932,1671
1402880400000,1.953,1446
1402966800000,1.943,1232
1403053200000,1.969,1542
1403139600000,1.978,2149
1403226000000,1.92,1853
1403312400000,1.847,2250
1403398800000,1.705,1883
1403485200000,1.591,1873
1403571600000,1.74,1759
1403658000000,1.934,2193
1403744400000,1.95,1614
1403830800000,2.021,1814
1403917200000,2.129,1774
1404003600000,2.088,1812
1404090000000,2.05,1853
1404176400000,2.239,1598
1404262800000,1.611,1656
1404349200000,1.776,1400
1404435600000,1.922,1265
1404522000000,1.986,1257
1404608400000,2.137,1497
1404694800000,2.096,1286
1404781200000,2.082,1152
1404867600000,2.189,1186
1404954000000,2.209,1056
1405040400000,2.11,1146
1405126800000,2.062,1097
1405213200000,1.997,1135
1405299600000,2.174,1071
1405386000000,2.111,1167
1405472400000,2.201,1060
1405558800000,2.19,1089
1405645200000,2.209,1048
1405731600000,2.269,1257
1405818000000,2.26,1104
1405904400000,2.25,1010
1405990800000,2.345,1062
1406077200000,2.42,1325
1406163600000,2.483,984
1406250000000,2.675,1329
1406336400000,2.788,1168
1406422800000,2.844,1132
1406509200000,2.98,1130
1406595600000,2.921,1018
1406682000000,2.846,966
1406768400000,2.947,1301
1406854800000,3.07,1004
1406941200000,3.143,1012
1407027600000,3.295,1220
1407114000000,3.537,1095
1407200400000,3.35,983
1407286800000,3.796,1090
1407373200000,3.87,1055
1407459600000,3.958,940
1407546000000,4.298,913
1407632400000,4.191,743
1407718800000,3.966,791
1407805200000,3.936,853
1407891600000,3.891,939
1407978000000,3.788,927
1408064400000,3.898,1203
1408150800000,3.987,1019
1408237200000,3.672,1214
1408323600000,3.738,1007
1408410000000,3.807,869
1408496400000,3.902,898
1408582800000,3.868,948
1408669200000,3.979,891
1408755600000,4.21,914
1408842000000,4.289,964
1408928400000,4.414,1073
1409014800000,4.386,811
1409101200000,4.522,1200
1409187600000,4.595,808
1409274000000,4.532,917
1409360400000,4.728,1001
1409446800000,4.853,816
1409533200000,5.061,1021
1409619600000,5.122,709
1409706000000,5.159,799
1409792400000,4.873,523
1409878800000,4.844,753
1409965200000,4.581,673
1410051600000,4.515,811
1410138000000,4.508,640
1410224400000,4.588,806
1410310800000,4.712,656
1410397200000,4.743,758
1410483600000,4.853,800
1410570000000,4.97,884
1410656400000,4.571,708
1410742800000,4.769,718
1410829200000,4.79,581
1410915600000,4.849,609
1411002000000,4.935,709
1411088400000,4.991,674
1411174800000,4.919,604
1411261200000,4.627,625
1411347600000,4.566,615
1411434000000,4.586,623
1411520400000,4.753,574
1411606800000,4.862,655
1411693200000,4.938,770
1411779600000,4.828,768
1411866000000,4.755,806
1411952400000,4.775,671
1412038800000,4.925,658
1412125200000,4.941,558
1412211600000,4.865,614
1412298000000,4.876,779
1412384400000,4.671,783
1412470800000,4.729,932
1412557200000,4.64,557
1412643600000,4.59,571
1412730000000,4.573,600
1412816400000,4.636,634
1412902800000,4.619,631
1412989200000,4.575,807
1413075600000,4.386,683
1413162000000,4.449,611
1413248400000,4.409,589
1413334800000,4.619,590
1413421200000,4.673,617
1413507600000,4.748,759
1413594000000,4.579,748
1413680400000,4.329,658
1413766800000,4.428,644
1413853200000,4.467,591
1413939600000,4.372,600
1414026000000,4.517,677
1414112400000,4.555,861
1414198800000,4.603,744
1414285200000,4.603,802
1414371600000,4.536,700
1414458000000,4.701,727
1414544400000,4.692,644
1414630800000,4.758,694
1414717200000,4.883,911
1414803600000,4.762,802
1414890000000,4.638,771
1414976400000,4.834,698
1415062800000,4.817,738
1415149200000,4.741,565
1415235600000,4.807,595
1415322000000,4.747,699
1415408400000,4.674,795
1415494800000,4.563,721
1415581200000,4.606,505
1415667600000,4.62,650
1415754000000,3.847,823
1415840400000,3.657,617
1415926800000,3.768,613
1416013200000,3.658,639
1416099600000,3.482,666
1416186000000,3.672,505
1416272400000,3.831,617
1416358800000,3.894,413
1416445200000,3.814,485
1416531600000,3.75,495
1416618000000,3.491,536
1416704400000,3.376,601
1416790800000,3.379,551
1416877200000,3.564,585
1416963600000,3.71,621
1417050000000,3.745,685
1417136400000,3.868,767
1417222800000,3.841,813
1417309200000,3.554,773
1417395600000,3.668,721
1417482000000,3.973,706
1417568400000,4.141,662
1417654800000,4.32,639
1417741200000,4.238,561
1417827600000,4.211,670
1417914000000,4.073,624
1418000400000,4.13,572
1418086800000,4.094,505
1418173200000,4.1,591
1418259600000,4.159,620
1418346000000,4.183,680
1418432400000,3.844,801
1418518800000,3.877,748
1418605200000,3.97,672
1418691600000,3.986,691
1418778000000,3.866,842
1418864400000,4.028,777
1418950800000,4.103,859
1419037200000,4.135,774
1419123600000,4.026,746
1419210000000,3.964,704
1419296400000,4.024,926
1419382800000,4.454,1095
1419469200000,4.676,1127
1419555600000,4.753,1148
1419642000000,4.795,966
1419728400000,4.564,852
1419814800000,4.74,933
1419901200000,4.973,1080
1419987600000,5.186,978
1420074000000,5.24,842
1420160400000,5.252,993
1420246800000,5.265,920
1420333200000,5.257,1005
1420419600000,5.289,801
1420506000000,5.315,810
1420592400000,5.292,779
1420678800000,5.507,949
1420765200000,5.048,963
1420851600000,4.33,1028
1420938000000,3.815,1023
1421024400000,3.91,831
1421110800000,3.885,858
1421197200000,3.767,799
1421283600000,3.862,858
1421370000000,3.713,901
1421456400000,3.511,1083
1421542800000,3.303,1088
1421629200000,3.404,1009
1421715600000,3.777,859
1421802000000,3.64,805
1421888400000,3.707,902
1421974800000,3.596,859
1422061200000,3.707,1153
1422147600000,3.459,1012
1422234000000,3.393,905
1422320400000,3.607,1016
1422406800000,3.49,863
1422493200000,3.383,913
1422579600000,3.565,1190
1422666000000,3.523,1248
1422752400000,3.372,1113
1422838800000,3.449,1174
1422925200000,3.545,1132
1423011600000,3.684,983
1423098000000,3.766,1008
1423184400000,3.76,1244
1423270800000,3.773,1171
1423357200000,3.614,1289
1423443600000,3.737,939
1423530000000,3.665,930
1423616400000,3.63,1009
1423702800000,3.649,1260
1423789200000,3.753,1347
1423875600000,3.86,1191
1423962000000,3.685,1167
1424048400000,3.676,1107
1424134800000,3.761,980
1424221200000,3.916,1152
1424307600000,4.155,1408
1424394000000,4.309,1100
1424480400000,4.224,1129
1424566800000,4.087,1141
1424653200000,4.092,983
1424739600000,4.141,961
1424826000000,4.384,1310
1424912400000,4.571,1123
1424998800000,4.725,1152
1425085200000,4.625,1315
1425171600000,4.734,1110
1425258000000,4.715,952
1425344400000,4.849,1107
1425430800000,4.801,961
1425517200000,4.77,941
1425603600000,4.704,1146
1425690000000,4.593,1046
1425776400000,4.245,1108
1425862800000,4.419,983
1425949200000,4.473,955
1426035600000,4.483,954
1426122000000,4.256,881
1426208400000,4.435,1134
1426294800000,4.311,1389
1426381200000,3.941,1218
1426467600000,3.937,1045
1426554000000,4.204,1060
1426640400000,4.226,861
1426726800000,4.417,1051
1426813200000,4.346,1111
1426899600000,4.298,1331
1426986000000,4.084,1225
1427072400000,4.289,1141
1427158800000,4.252,1063
1427245200000,4.412,1187
1427331600000,4.484,1139
1427418000000,4.564,1262
1427504400000,4.438,1452
1427590800000,4.281,1195
1427677200000,4.193,1169
1427763600000,4.309,1144
1427850000000,4.7,1772
1427936400000,4.782,1328
1428022800000,4.746,1351
1428109200000,4.726,1332
1428195600000,4.715,1418
1428282000000,4.78,1230
1428368400000,4.895,1374
1428454800000,4.903,1349
1428541200000,4.913,1154
1428627600000,4.973,1282
1428714000000,4.857,1465
1428800400000,4.686,1158
1428886800000,4.747,1130
1428973200000,4.478,948
1429059600000,4.419,1059
1429146000000,4.085,1062
1429232400000,3.673,1096
1429318800000,3.563,1258
1429405200000,3.275,1320
1429491600000,3.584,1054
1429578000000,3.485,1021
1429664400000,3.625,1071
1429750800000,3.727,960
1429837200000,3.71,1123
1429923600000,3.688,1355
1430010000000,3.595,1387
1430096400000,3.811,1147
1430182800000,4.136,1241
1430269200000,4.209,1117
1430355600000,4.364,1230
1430442000000,3.88,1476
1430528400000,4.361,1433
1430614800000,4.176,1272
1430701200000,4.159,1148
1430787600000,4.38,1105
1430874000000,4.371,1038
1430960400000,4.434,1065
1431046800000,4.456,1230
1431133200000,4.547,1218
1431219600000,4.482,1161
1431306000000,4.416,1146
1431392400000,4.513,1134
1431478800000,4.692,1145
1431565200000,4.677,1171
1431651600000,4.782,1243
1431738000000,4.731,1340
1431824400000,4.678,1270
1431910800000,4.646,985
1431997200000,4.714,1086
1432083600000,4.676,987
1432170000000,4.933,1221
1432256400000,5.009,1414
1432342800000,5.045,1387
1432429200000,4.783,1228
1432515600000,4.792,1295
1432602000000,4.798,1026
1432688400000,3.762,1458
1432774800000,3.78,1170
1432861200000,3.999,1263
1432947600000,4.274,1398
1433034000000,4.29,1242
1433120400000,4.52,1282
1433206800000,4.711,1111
1433293200000,4.508,997
1433379600000,4.45,1121
1433466000000,4.4,1073
1433552400000,4.479,1151
1433638800000,4.501,1090
1433725200000,4.508,1094
1433811600000,4.506,1027
1433898000000,4.549,1155
1433984400000,4.603,1075
1434070800000,4.675,1239
1434157200000,4.731,1208
1434243600000,4.688,1258
1434330000000,4.573,1088
1434416400000,4.599,1214
1434502800000,4.678,1136
1434589200000,4.737,1166
1434675600000,4.887,1409
1434762000000,4.883,1117
1434848400000,4.785,1123
1434934800000,4.767,1189
1435021200000,5.045,1305
1435107600000,5.215,1447
1435194000000,5.456,1428
1435280400000,5.601,1471
1435366800000,5.888,1687
1435453200000,6.689,1365
1435539600000,6.563,1097
1435626000000,6.809,1066
1435712400000,6.926,1006
1435798800000,7.177,1012
1435885200000,7.173,945
1435971600000,7.382,1017
1436058000000,7.663,1052
1436144400000,7.388,1064
1436230800000,7.544,1057
1436317200000,7.463,1000
1436403600000,7.334,1017
1436490000000,7.728,1243
1436576400000,7.793,1025
1436662800000,7.28,996
1436749200000,7.148,1067
1436835600000,6.569,1108
1436922000000,6.999,1081
1437008400000,7.204,1201
1437094800000,7.251,1030
1437181200000,7.53,1087
1437267600000,7.14,969
1437354000000,7.022,1213
1437440400000,6.925,1018
1437526800000,7.069,1047
1437613200000,6.959,1020
1437699600000,7.16,1153
1437786000000,7.476,1033
1437872400000,7.141,918
1437958800000,6.979,974
1438045200000,7.413,1153
1438131600000,7.181,890
1438218000000,7.366,986
1438304400000,7.648,1119
1438390800000,7.533,935
1438477200000,7.392,1014
1438563600000,7.436,1025
1438650000000,7.196,904
1438736400000,7.262,1009
1438822800000,7.236,1005
1438909200000,7.243,955
1438995600000,7.241,950
1439082000000,6.97,825
1439168400000,7.004,1105
1439254800000,7.015,1023
1439341200000,7.147,1132
1439427600000,7.094,1032
1439514000000,7.284,1092
1439600400000,7.037,1177
1439686800000,6.822,989
1439773200000,6.719,1041
1439859600000,6.724,1052
1439946000000,6.854,1225
1440032400000,6.964,1051
1440118800000,6.476,1047
1440205200000,6.425,1031
1440291600000,6.032,1122
1440378000000,5.858,1182
1440464400000,6.537,1460
1440550800000,6.937,1110
1440637200000,7.194,1037
1440723600000,7.541,1163
1440810000000,7.725,1330
1440896400000,7.615,1029
1440982800000,7.594,1108
1441069200000,7.67,1020
1441155600000,7.726,863
1441242000000,7.516,960
1441328400000,7.636,1015
1441414800000,7.72,1292
1441501200000,7.445,1009
1441587600000,7.69,1123
1441674000000,7.56,855
1441760400000,7.754,896
1441846800000,7.717,946
1441933200000,7.752,1036
1442019600000,7.918,1186
1442106000000,7.809,1180
1442192400000,7.741,881
1442278800000,7.933,1180
1442365200000,8.007,1099
1442451600000,8.005,967
1442538000000,7.165,1200
1442624400000,6.392,1175
1442710800000,5.993,1057
1442797200000,6.049,948
1442883600000,6.283,953
1442970000000,6.234,866
1443056400000,6.138,992
1443142800000,6.414,1309
1443229200000,6.615,1183
1443315600000,6.349,1148
1443402000000,6.684,1035
1443488400000,6.67,851
1443574800000,6.767,971
1443661200000,6.968,887
1443747600000,7.222,1154
1443834000000,7.001,1247
1443920400000,6.784,1171
1444006800000,6.747,985
1444093200000,6.789,900
1444179600000,7.141,1069
1444266000000,7.017,983
1444352400000,7.248,1132
1444438800000,7.184,1149
1444525200000,6.866,1022
1444611600000,6.976,906
1444698000000,7.105,949
1444784400000,7.001,944
1444870800000,7.322,1136
1444957200000,7.573,1008
1445043600000,7.44,1230
1445130000000,7.368,1292
1445216400000,7.697,1050
1445302800000,8.165,1377
1445389200000,8.374,1203
1445475600000,8.078,800
1445562000000,8.035,1177
1445648400000,7.838,1194
1445734800000,7.816,1326
1445821200000,7.832,917
1445907600000,8.013,1073
1445994000000,7.652,925
1446080400000,7.603,900
1446166800000,7.59,1137
1446253200000,7.398,1115
1446339600000,7.131,1203
1446426000000,7.143,1048
1446512400000,7.296,1008
1446598800000,7.801,1149
1446685200000,8.165,1267
1446771600000,8.304,1181
1446858000000,8.202,1359
1446944400000,8.125,1186
1447030800000,8.049,945
1447117200000,8.131,974
1447203600000,8.379,970
1447290000000,8.571,1112
1447376400000,8.482,964
1447462800000,8.174,1046
1447549200000,8.068,1077
1447635600000,7.864,829
1447722000000,7.876,875
1447808400000,8.091,843
1447894800000,8.177,841
1447981200000,8.37,1036
1448067600000,8.038,1138
1448154000000,7.149,815
1448240400000,6.901,991
1448326800000,8.4,1395
1448413200000,8.425,1102
1448499600000,8.002,961
1448586000000,7.955,1202
1448672400000,7.783,1360
1448758800000,7.643,1122
1448845200000,7.778,1100
1448931600000,7.919,1112
1449018000000,8.172,1033
1449104400000,8.541,1152
1449190800000,8.677,983
1449277200000,8.285,1136
1449363600000,7.913,1055
1449450000000,8.243,952
1449536400000,8.634,1267
1449622800000,7.779,1004
1449709200000,7.373,810
1449795600000,7.535,902
1449882000000,7.329,1043
1449968400000,7.193,946
1450054800000,7.462,1015
1450141200000,7.716,980
1450227600000,7.92,978
1450314000000,8.218,854
1450400400000,8.263,931
1450486800000,8.193,999
1450573200000,8.076,1083
1450659600000,7.811,855
1450746000000,8.364,1082
1450832400000,8.177,1164
1450918800000,8.586,1219
1451005200000,9.036,1138
1451091600000,8.68,1032
1451178000000,8.373,1042
1451264400000,8.535,966
1451350800000,8.495,1076
1451437200000,8.66,1070
1451523600000,8.975,1054
1451610000000,9.015,982
1451696400000,9.001,1102
1451782800000,8.796,1025
1451869200000,8.611,924
1451955600000,8.941,942
1452042000000,9.012,876
1452128400000,9.129,909
1452214800000,9.089,895
1452301200000,9.118,974
1452387600000,9.264,1005
1452474000000,9.31,825
1452560400000,9.598,821
1452646800000,9.57,825
1452733200000,9.323,745
1452819600000,9.505,924
1452906000000,9.671,1007
1452992400000,9.558,870
1453078800000,9.681,793
1453165200000,9.606,722
1453251600000,9.516,758
1453338000000,9.525,810
1453424400000,9.985,664
1453510800000,10.14,775
1453597200000,9.959,656
1453683600000,10.785,659
1453770000000,10.672,593
1453856400000,10.42,530
1453942800000,10.364,617
1454029200000,10.63,736
1454115600000,11.082,854
1454202000000,11.801,814
1454288400000,11.603,571
1454374800000,11.699,598
1454461200000,11.67,573
1454547600000,11.61,549
1454634000000,11.544,678
1454720400000,11.057,689
1454806800000,10.32,637
1454893200000,10.474,572
1454979600000,10.556,572
1455066000000,10.236,561
1455152400000,10.644,659
1455238800000,10.774,661
1455325200000,10.564,657
1455411600000,10.726,641
1455498000000,10.938,563
1455584400000,10.791,524
1455670800000,11.109,631
1455757200000,9.204,993
1455843600000,9.323,702
1455930000000,9.198,696
1456016400000,8.975,706
1456102800000,9.018,563
1456189200000,9.297,714
1456275600000,9.399,592
1456362000000,9.604,689
1456448400000,10.157,717
1456534800000,10.204,782
1456621200000,9.684,455
1456707600000,10.054,702
1456794000000,10.148,685
1456880400000,10.24,513
1456966800000,10.264,542
1457053200000,10.075,605
1457139600000,10.333,855
1457226000000,10.107,790
1457312400000,9.865,641
1457398800000,9.905,604
1457485200000,9.74,499
1457571600000,10.381,554
1457658000000,10.568,449
1457744400000,10.441,458
1457830800000,10.509,452
1457917200000,10.881,445
1458003600000,11.19,424
1458090000000,11.235,409
1458176400000,11.31,431
1458262800000,11.39,425
1458349200000,11.52,571
1458435600000,11.692,534
1458522000000,11.554,405
1458608400000,11.503,357
1458694800000,11.449,404
1458781200000,11.986,552
1458867600000,11.908,536
1458954000000,11.402,613
1459040400000,11.485,624
1459126800000,10.986,488
1459213200000,11.113,494
1459299600000,11.057,449
1459386000000,11.225,512
1459472400000,11.513,544
1459558800000,11.306,548
1459645200000,10.593,625
1459731600000,10.753,491
1459818000000,10.882,420
1459904400000,11.041,437
1459990800000,11.215,494
1460077200000,11.589,641
1460163600000,11.257,654
1460250000000,11.323,812
1460336400000,11.544,594
1460422800000,11.68,503
1460509200000,11.81,603
1460595600000,12.288,630
1460682000000,12.225,637
1460768400000,11.982,704
1460854800000,11.633,528
1460941200000,11.245,474
1461027600000,10.888,419
1461114000000,11.323,487
1461200400000,11.072,498
1461286800000,11.272,573
1461373200000,11.259,620
1461459600000,11.053,636
1461546000000,11.397,641
1461632400000,11.286,512
1461718800000,11.43,550
1461805200000,11.085,488
1461891600000,11.116,481
1461978000000,10.875,460
1462064400000,10.735,425
1462150800000,10.813,488
1462237200000,10.716,389
1462323600000,10.753,391
1462410000000,10.716,424
1462496400000,10.92,476
1462582800000,10.774,461
1462669200000,10.126,442
1462755600000,10.164,465
1462842000000,10.51,428
1462928400000,10.453,429
1463014800000,10.632,412
1463101200000,10.455,433
1463187600000,10.526,651
1463274000000,10.251,566
1463360400000,9.949,455
1463446800000,10,474
1463533200000,9.985,466
1463619600000,10.108,508
1463706000000,10.382,615
1463792400000,10.153,478
1463878800000,10.054,480
1463965200000,9.961,436
1464051600000,9.542,376
1464138000000,10.144,598
1464224400000,10.335,465
1464310800000,10.481,576
1464397200000,10.694,654
1464483600000,10.314,524
1464570000000,10.106,494
1464656400000,10.324,480
1464742800000,11.01,695
1464829200000,10.875,623
1464915600000,11.178,705
1465002000000,10.999,589
1465088400000,10.622,488
1465174800000,10.745,523
1465261200000,10.772,453
1465347600000,10.948,543
1465434000000,11.07,507
1465520400000,11.284,597
1465606800000,11.232,565
1465693200000,11.025,487
1465779600000,10.938,437
1465866000000,11.286,585
1465952400000,11.723,599
1466038800000,10.629,416
1466125200000,10.16,347
1466211600000,9.951,317
1466298000000,9.974,463
1466384400000,9.853,368
1466470800000,9.535,292
1466557200000,9.317,364
1466643600000,8.902,339
1466730000000,9.075,409
1466816400000,8.845,386
1466902800000,8.501,356
1466989200000,8.517,394
1467075600000,8.595,416
1467162000000,8.948,372
1467248400000,9.176,430
1467334800000,9.597,448
1467421200000,9.42,375
1467507600000,9.17,387
1467594000000,8.882,387
1467680400000,9.196,381
1467766800000,9.278,367
1467853200000,9.087,292
1467939600000,9.38,393
1468026000000,9.189,376
1468112400000,8.877,342
1468198800000,8.586,317
1468285200000,8.888,368
1468371600000,8.568,303
1468458000000,9.11,436
1468544400000,9.079,337
1468630800000,9.093,311
1468717200000,8.99,331
1468803600000,9.307,339
1468890000000,8.923,327
1468976400000,9.17,364
1469062800000,9.315,311
1469149200000,9.335,360
1469235600000,9.364,415
1469322000000,8.865,279
1469408400000,9.112,316
1469494800000,9.161,357
1469581200000,9.036,425
1469667600000,9.285,379
1469754000000,9.399,437
1469840400000,9.686,464
1469926800000,9.197,305
1470013200000,9.178,354
1470099600000,9.115,312
1470186000000,9.23,410
1470272400000,9.29,305
1470358800000,9.651,482
1470445200000,9.376,312
1470531600000,9.649,410
1470618000000,9.357,339
1470704400000,9.289,253
1470790800000,9.051,268
1470877200000,8.94,303
1470963600000,9.207,410
1471050000000,9.59,404
1471136400000,9.54,313
1471222800000,9.239,346
1471309200000,9.421,466
1471395600000,9.64,359
1471482000000,9.768,554
1471568400000,9.254,331
1471654800000,8.875,269
1471741200000,8.737,329
1471827600000,8.98,321
1471914000000,8.751,417
1472000400000,8.964,329
1472086800000,8.868,452
1472173200000,9.152,338
1472259600000,9.295,363
1472346000000,9.305,370
1472432400000,9.187,319
1472518800000,9.042,352
1472605200000,9.047,295
1472691600000,9.121,260
1472778000000,9.114,283
1472864400000,9.163,350
1472950800000,9.202,448
1473037200000,9.224,326
1473123600000,9.302,317
1473210000000,9.258,310
1473296400000,9.381,362
1473382800000,9.837,514
1473469200000,9.527,355
1473555600000,9.449,391
1473642000000,9.203,281
1473728400000,9.303,215
1473814800000,9.727,365
1473901200000,9.845,308
1473987600000,9.455,308
1474074000000,9.577,345
1474160400000,9.451,371
1474246800000,9.417,265
1474333200000,9.672,429
1474419600000,9.983,399
1474506000000,9.998,312
1474592400000,10.514,466
1474678800000,9.77,349
1474765200000,9.384,290
1474851600000,9.471,261
1474938000000,9.63,276
1475024400000,9.432,269
1475110800000,10.135,367
1475197200000,9.987,364
1475283600000,9.972,396
1475370000000,9.874,332
1475456400000,10.138,359
1475542800000,10.197,262
1475629200000,10.27,290
1475715600000,10.341,261
1475802000000,10.429,457
1475888400000,10.128,342
1475974800000,9.708,400
1476061200000,9.955,289
1476147600000,9.578,248
1476234000000,9.671,271
1476320400000,9.483,248
1476406800000,9.8,356
1476493200000,10.182,459
1476579600000,9.995,393
1476666000000,9.642,304
1476752400000,10.123,299
1476838800000,10.101,257
1476925200000,10.126,313
1477011600000,10.096,286
1477098000000,9.817,300
1477184400000,9.611,302
1477270800000,9.853,359
1477357200000,9.725,318
1477443600000,9.817,312
1477530000000,9.968,290
1477616400000,9.89,344
1477702800000,9.808,443
1477789200000,9.398,339
1477875600000,9.254,301
1477962000000,9.539,374
1478048400000,9.778,299
1478134800000,9.764,214
1478221200000,9.845,322
1478307600000,9.796,323
1478394000000,9.568,303
1478480400000,9.658,449
1478566800000,9.909,325
1478653200000,10.071,281
1478739600000,9.669,253
1478826000000,9.934,320
1478912400000,9.837,333
1478998800000,9.615,329
1479085200000,9.706,292
1479171600000,9.686,281
1479258000000,9.26,240
1479344400000,9.635,336
1479430800000,9.612,279
1479517200000,9.518,316
1479603600000,9.338,361
1479690000000,9.499,304
1479776400000,9.582,315
1479862800000,9.309,286
1479949200000,8.743,273
1480035600000,9.243,334
1480122000000,9.181,364
1480208400000,9.009,337
1480294800000,8.696,292
1480381200000,8.535,254
1480467600000,8.741,298
1480554000000,8.189,211
1480640400000,8.237,320
1480726800000,8.304,289
1480813200000,8.23,276
1480899600000,8.401,281
1480986000000,8.646,250
1481072400000,8.321,218
1481158800000,8.513,276
1481245200000,8.706,254
1481331600000,8.827,396
1481418000000,8.768,309
1481504400000,8.264,197
1481590800000,8.443,239
1481677200000,8.356,226
1481763600000,8.662,290
1481850000000,8.56,245
1481936400000,8.571,353
1482022800000,8.134,267
1482109200000,8.39,350
1482195600000,8.586,334
1482282000000,8.705,336
1482368400000,8.758,336
1482454800000,8.691,269
1482541200000,8.722,346
1482627600000,8.999,448
1482714000000,9.104,425
1482800400000,9.091,380
1482886800000,9.401,406
1482973200000,9.373,381
1483059600000,9.416,355
1483146000000,9.267,344
1483232400000,9.266,384
1483318800000,9.51,383
1483405200000,9.23,290
1483491600000,9.404,389
1483578000000,8.959,274
1483664400000,9.45,368
1483750800000,9.496,377
1483837200000,9.542,339
1483923600000,9.462,343
1484010000000,9.428,270
1484096400000,9.322,277
1484182800000,9.422,337
1484269200000,9.686,425
1484355600000,9.777,373
1484442000000,9.571,385
1484528400000,9.699,304
1484614800000,9.696,275
1484701200000,9.829,290
1484787600000,10.062,337
1484874000000,10.154,338
1484960400000,10.261,486
1485046800000,9.668,387
1485133200000,9.559,296
1485219600000,9.574,250
1485306000000,9.394,238
1485392400000,9.836,396
1485478800000,9.992,340
1485565200000,10.14,400
1485651600000,9.73,316
1485738000000,9.548,283
1485824400000,9.877,280
1485910800000,10.111,314
1485997200000,10.311,318
1486083600000,10.448,304
1486170000000,10.788,521
1486256400000,10.488,340
1486342800000,10.429,240
1486429200000,10.144,270
1486515600000,10.705,300
1486602000000,10.405,245
1486688400000,10.578,351
1486774800000,10.527,444
1486861200000,10.319,289
1486947600000,10.291,323
1487034000000,10.666,306
1487120400000,10.452,274
1487206800000,10.61,279
1487293200000,10.947,435
1487379600000,10.576,332
1487466000000,10.069,271
1487552400000,10.478,352
1487638800000,10.375,242
1487725200000,9.97,233
1487811600000,10.55,278
1487898000000,10.878,356
1487984400000,10.773,402
1488070800000,10.838,357
1488157200000,10.891,285
1488243600000,11.024,486
1488330000000,11.658,424
1488416400000,11.646,362
1488502800000,12.197,396
1488589200000,12.19,387
1488675600000,11.678,303
1488762000000,11.856,351
1488848400000,11.514,270
1488934800000,11.318,277
1489021200000,11.185,272
1489107600000,11.457,340
1489194000000,11.037,322
1489280400000,11.323,415
1489366800000,11.096,303
1489453200000,12.05,402
1489539600000,12.42,278
1489626000000,11.316,262
1489712400000,10.175,195
1489798800000,10.043,224
1489885200000,9.446,275
1489971600000,8.952,217
1490058000000,9.267,208
1490144400000,9.641,222
1490230800000,9.582,192
1490317200000,9.707,255
1490403600000,8.905,221
1490490000000,9.206,317
1490576400000,9.47,243
1490662800000,9.494,194
1490749200000,9.574,188
1490835600000,9.338,193
1490922000000,9.27,287
1491008400000,9.114,273
1491094800000,8.926,269
1491181200000,8.826,253
1491267600000,9.168,255
1491354000000,8.927,228
1491440400000,9.457,295
1491526800000,9.165,240
1491613200000,9.244,383
1491699600000,9.058,338
1491786000000,8.872,300
1491872400000,9.355,269
1491958800000,9.606,396
1492045200000,9.478,330
1492131600000,9.381,240
1492218000000,9.342,319
1492304400000,9.315,302
1492390800000,9.301,335
1492477200000,9.183,276
1492563600000,9.149,301
1492650000000,9.475,339
1492736400000,9.557,347
1492822800000,9.435,312
1492909200000,9.301,277
1492995600000,9.301,285
1493082000000,9.242,238
1493168400000,9.094,235
1493254800000,9.581,278
1493341200000,9.819,428
1493427600000,10.101,425
1493514000000,9.972,310
1493600400000,9.873,322
1493686800000,9.802,265
1493773200000,10.111,261
1493859600000,9.941,282
1493946000000,10.293,375
1494032400000,10.138,377
1494118800000,9.949,359
1494205200000,10.05,297
1494291600000,10.12,280
1494378000000,10.355,286
1494464400000,10.556,283
1494550800000,10.682,355
1494637200000,10.675,361
1494723600000,10.556,292
1494810000000,10.307,263
1494896400000,10.184,234
1494982800000,10.684,261
1495069200000,10.66,281
1495155600000,10.819,277
1495242000000,10.612,315
1495328400000,10.551,277
1495414800000,9.982,283
1495501200000,10.705,269
1495587600000,8.56,397
1495674000000,8.963,290
1495760400000,9.133,250
1495846800000,9.59,392
1495933200000,9.793,341
1496019600000,9.83,233
1496106000000,10.106,310
1496192400000,10.583,397
1496278800000,10.524,334
1496365200000,10.414,276
1496451600000,10.75,297
1496538000000,10.351,305
1496624400000,10.8,323
1496710800000,10.452,234
1496797200000,10.661,270
1496883600000,10.742,307
1496970000000,10.655,296
1497056400000,9.945,251
1497142800000,9.494,264
1497229200000,9.566,243
1497315600000,10.177,367
1497402000000,10.406,266
1497488400000,10.375,322
1497574800000,10.029,324
1497661200000,10.301,263
1497747600000,10.132,241
1497834000000,10.027,222
1497920400000,9.933,263
1498006800000,10.075,238
1498093200000,10.056,295
1498179600000,10.094,329
1498266000000,10.296,327
1498352400000,9.904,276
1498438800000,9.645,268
1498525200000,9.986,254
1498611600000,10.036,264
1498698000000,9.904,322
1498784400000,10.268,307
1498870800000,10.139,347
1498957200000,10.01,247
1499043600000,9.966,270
1499130000000,10.004,270
1499216400000,9.368,215
1499302800000,9.828,229
1499389200000,9.851,250
1499475600000,10.122,317
1499562000000,9.947,217
1499648400000,9.557,309
1499734800000,9.931,324
1499821200000,10.087,355
1499907600000,10.098,207
1499994000000,10.393,266
1500080400000,10.405,266
1500166800000,9.901,224
1500253200000,10.224,313
1500339600000,10.127,266
1500426000000,10.006,229
1500512400000,9.691,217
1500598800000,10.243,318
1500685200000,10.479,280
1500771600000,9.828,196
1500858000000,9.802,246
1500944400000,10.358,296
1501030800000,10.387,279
1501117200000,10.693,303
1501203600000,10.834,301
1501290000000,10.861,305
1501376400000,10.938,268
1501462800000,10.9,290
1501549200000,10.962,319
1501635600000,10.79,260
1501722000000,10.957,281
1501808400000,10.892,330
1501894800000,11.207,435
1501981200000,11.487,409
1502067600000,11.159,318
1502154000000,11.502,400
1502240400000,11.14,274
1502326800000,11.23,313
1502413200000,11.326,362
1502499600000,11.165,351
1502586000000,11.146,503
1502672400000,11.254,296
1502758800000,11.328,418
1502845200000,11.589,360
1502931600000,11.803,481
1503018000000,11.846,329
1503104400000,11.725,324
1503190800000,12.148,446
1503277200000,11.495,246
1503363600000,11.55,331
1503450000000,11.496,226
1503536400000,11.642,461
1503622800000,11.614,299
1503709200000,11.787,356
1503795600000,11.581,271
1503882000000,11.351,259
1503968400000,11.4,282
1504054800000,11.432,333
1504141200000,11.672,335
1504227600000,12.106,479
1504314000000,12.132,306
1504400400000,11.837,216
1504486800000,11.561,231
1504573200000,11.516,277
1504659600000,11.449,288
1504746000000,11.447,200
1504832400000,11.486,226
1504918800000,11.558,315
1505005200000,11.444,279
1505091600000,11.573,320
1505178000000,11.897,356
1505264400000,11.601,258
1505350800000,11.834,267
1505437200000,11.196,267
1505523600000,10.756,198
1505610000000,10.154,177
1505696400000,10.405,183
1505782800000,11.328,327
1505869200000,11.087,220
1505955600000,10.8,192
1506042000000,10.773,252
1506128400000,9.987,255
1506214800000,9.691,275
1506301200000,10.225,180
1506387600000,10.419,243
1506474000000,10.167,181
1506560400000,9.731,143
1506646800000,10.18,266
1506733200000,9.835,273
1506819600000,10.008,246
1506906000000,9.842,230
1506992400000,9.706,298
1507078800000,9.724,198
1507165200000,9.563,167
1507251600000,9.754,245
1507338000000,9.72,381
1507424400000,9.388,230
1507510800000,9.247,238
1507597200000,9.682,231
1507683600000,9.461,196
1507770000000,9.978,313
1507856400000,10.181,330
1507942800000,10.163,342
1508029200000,9.705,251
1508115600000,10.128,373
1508202000000,10.064,235
1508288400000,10.185,210
1508374800000,10.138,219
1508461200000,10.016,308
1508547600000,10.111,265
1508634000000,9.717,304
1508720400000,9.669,254
1508806800000,10.301,355
1508893200000,9.89,218
1508979600000,10.002,230
1509066000000,9.74,259
1509152400000,9.878,329
1509238800000,9.478,243
1509325200000,9.412,215
1509411600000,9.778,232
1509498000000,9.588,248
1509584400000,9.581,205
1509670800000,9.725,234
1509757200000,9.394,220
1509843600000,9.316,231
1509930000000,9.204,214
1510016400000,9.535,279
1510102800000,9.985,378
1510189200000,9.839,181
1510275600000,9.858,240
1510362000000,9.732,287
1510448400000,9.659,221
1510534800000,9.433,192
1510621200000,9.53,214
1510707600000,9.357,251
1510794000000,9.456,259
1510880400000,9.611,300
1510966800000,9.26,252
1511053200000,8.945,211
1511139600000,9.049,243
1511226000000,9.624,327
1511312400000,9.503,222
1511398800000,9,226
1511485200000,9.324,266
1511571600000,9.562,332
1511658000000,9.197,348
1511744400000,8.96,201
1511830800000,9.418,247
1511917200000,9.464,203
1512003600000,9.394,273
1512090000000,9.79,316
1512176400000,9.77,296
1512262800000,9.541,236
1512349200000,9.633,319
1512435600000,9.984,320
1512522000000,9.74,256
1512608400000,10.39,340
1512694800000,10.243,266
1512781200000,10.059,333
1512867600000,10.026,315
1512954000000,10.088,266
1513040400000,9.967,279
1513126800000,10.115,222
1513213200000,9.986,289
1513299600000,10.352,297
1513386000000,10.268,307
1513472400000,10.336,377
1513558800000,10.334,262
1513645200000,10.09,223
1513731600000,10.166,225
1513818000000,9.855,210
1513904400000,10.523,325
1513990800000,10.466,348
1514077200000,10.8,287
1514163600000,10.802,351
1514250000000,10.807,289
1514336400000,10.59,258
1514422800000,10.486,294
1514509200000,11.189,410
1514595600000,11.21,337
1514682000000,10.814,216
1514768400000,11.392,406
1514854800000,11.337,306
1514941200000,11.334,300
1515027600000,11.299,258
1515114000000,11.295,251
1515200400000,11.091,279
1515286800000,10.742,215
1515373200000,10.994,247
1515459600000,11.171,234
1515546000000,11.449,349
1515632400000,11.443,214
1515718800000,10.902,283
1515805200000,11.345,318
1515891600000,10.629,234
1515978000000,10.977,263
1516064400000,10.622,218
1516150800000,10.521,162
1516237200000,10.964,249
1516323600000,10.536,241
1516410000000,10.64,298
1516496400000,10.162,257
1516582800000,10.567,253
1516669200000,10.076,211
1516755600000,10.22,215
1516842000000,10.254,306
1516928400000,10.838,351
1517014800000,10.794,344
1517101200000,10.399,296
1517187600000,10.376,228
1517274000000,10.514,256
1517360400000,10.78,306
1517446800000,10.574,289
1517533200000,10.888,322
1517619600000,11.082,517
1517706000000,11.538,407
1517792400000,11.559,338
1517878800000,11.254,263
1517965200000,11.572,346
1518051600000,11.491,227
1518138000000,11.294,249
1518224400000,11.392,343
1518310800000,11.291,287
1518397200000,10.829,335
1518483600000,11.893,327
1518570000000,11.468,251
1518656400000,11.666,273
1518742800000,10.722,240
1518829200000,10.431,255
1518915600000,10.172,210
1519002000000,10.632,272
1519088400000,10.212,173
1519174800000,10.245,194
1519261200000,10.142,227
1519347600000,10.412,294
1519434000000,10.19,244
1519520400000,9.772,219
1519606800000,10.01,184
1519693200000,10.08,302
1519779600000,9.977,232
1519866000000,9.854,234
1519952400000,10.073,288
1520038800000,10.126,314
1520125200000,9.955,282
1520211600000,9.689,189
1520298000000,9.839,290
1520384400000,10.174,265
1520470800000,9.659,188
1520557200000,9.84,281
1520643600000,9.78,314
1520730000000,10.31,367
1520816400000,9.741,209
1520902800000,9.973,213
1520989200000,10.289,209
1521075600000,10.542,262
1521162000000,10.66,347
1521248400000,10.54,350
1521334800000,10.265,278
1521421200000,10.484,255
1521507600000,10.083,200
1521594000000,10.512,297
1521680400000,10.155,171
1521766800000,10.585,208
1521853200000,10.441,288
1521939600000,10.065,250
1522026000000,10.187,234
1522112400000,10.411,281
1522198800000,10.509,316
1522285200000,10.279,292
1522371600000,10.328,378
1522458000000,10.455,257
1522544400000,10.606,286
1522630800000,10.367,325
1522717200000,10.513,203
1522803600000,10.115,185
1522890000000,10.698,232
1522976400000,10.908,346
1523062800000,10.775,270
1523149200000,10.959,268
1523235600000,10.688,203
1523322000000,10.637,190
1523408400000,10.757,236
1523494800000,11.004,240
1523581200000,11.511,369
1523667600000,11.127,257
1523754000000,11.14,234
1523840400000,10.985,235
1523926800000,11.628,261
1524013200000,11.686,187
1524099600000,11.733,228
1524186000000,11.64,176
1524272400000,11.369,231
1524358800000,11.294,255
1524445200000,11.563,198
1524531600000,11.459,161
1524618000000,11.576,238
1524704400000,11.701,228
1524790800000,12.081,317
1524877200000,12.277,268
1524963600000,11.749,190
1525050000000,11.747,222
1525136400000,11.598,194
1525222800000,11.322,175
1525309200000,11.35,183
1525395600000,11.95,277
1525482000000,12.107,227
1525568400000,11.799,172
1525654800000,11.21,161
1525741200000,11.111,176
1525827600000,11.206,186
1525914000000,11.441,160
1526000400000,11.725,203
1526086800000,11.716,209
1526173200000,11.61,206
1526259600000,11.548,177
1526346000000,11.603,157
1526432400000,11.668,177
1526518800000,11.419,175
1526605200000,11.425,261
1526691600000,11.71,235
1526778000000,11.56,223
1526864400000,11.363,163
1526950800000,11.193,153
1527037200000,11.694,209
1527123600000,11.907,213
1527210000000,12.037,285
1527296400000,12.241,240
1527382800000,11.686,233
1527469200000,11.858,159
1527555600000,11.848,193
1527642000000,11.792,157
1527728400000,12.633,240
1527814800000,12.35,267
1527901200000,12.44,238
1527987600000,12.915,287
1528074000000,13.182,275
1528160400000,13.168,203
1528246800000,13.753,200
1528333200000,13.326,181
1528419600000,13.331,198
1528506000000,12.635,194
1528592400000,12.438,180
1528678800000,12.139,175
1528765200000,12.693,194
1528851600000,12.54,160
1528938000000,12.461,180
1529024400000,12.796,155
1529110800000,12.08,140
1529197200000,11.817,194
1529283600000,11.091,125
1529370000000,11.681,191
1529456400000,11.874,192
1529542800000,11.689,165
1529629200000,11.122,162
1529715600000,10.98,154
1529802000000,10.901,212
1529888400000,10.632,168
1529974800000,11.223,206
1530061200000,10.952,146
1530147600000,10.497,139
1530234000000,11.249,231
1530320400000,12.013,283
1530406800000,11.461,181
1530493200000,11.347,201
1530579600000,11.423,188
1530666000000,11.885,174
1530752400000,11.644,182
1530838800000,12.217,226
1530925200000,11.776,173
1531011600000,11.602,197
1531098000000,11.338,163
1531184400000,11.391,157
1531270800000,11.389,167
1531357200000,11.165,162
1531443600000,11.677,171
1531530000000,11.512,194
1531616400000,11.33,161
1531702800000,11.134,164
1531789200000,10.788,193
1531875600000,10.919,137
1531962000000,10.937,148
1532048400000,11.387,198
1532134800000,11.159,148
1532221200000,10.988,118
1532307600000,11.188,174
1532394000000,11.372,195
1532480400000,11.503,245
1532566800000,11.749,183
1532653200000,11.827,256
1532739600000,11.958,201
1532826000000,12.166,244
1532912400000,11.861,188
1532998800000,11.961,270
1533085200000,12.144,240
1533171600000,12.405,229
1533258000000,11.169,154
1533344400000,10.913,137
1533430800000,10.634,157
1533517200000,10.34,143
1533603600000,10.087,147
1533690000000,10.29,143
1533776400000,10.111,144
1533862800000,9.665,155
1533949200000,9.835,163
1534035600000,9.657,143
1534122000000,9.761,143
1534208400000,9.313,138
1534294800000,9.535,141
1534381200000,9.144,136
1534467600000,9.578,187
1534554000000,9.992,183
1534640400000,9.606,146
1534726800000,9.694,188
1534813200000,9.614,152
1534899600000,9.864,196
1534986000000,10.41,356
1535072400000,10.54,144
1535158800000,10.011,178
1535245200000,10.556,283
1535331600000,10.2,181
1535418000000,10.181,181
1535504400000,10.306,170
1535590800000,9.912,165
1535677200000,10.333,292
1535763600000,10.647,276
1535850000000,10.717,200
1535936400000,10.381,204
1536022800000,10.721,216
1536109200000,10.381,259
1536195600000,10.489,184
1536282000000,10.217,145
1536368400000,10.435,218
1536454800000,10.023,177
1536541200000,10.268,226
1536627600000,9.978,136
1536714000000,10.35,174
1536800400000,10.176,203
1536886800000,10.677,199
1536973200000,10.535,195
1537059600000,10.3,179
1537146000000,10.782,210
1537232400000,10.559,185
1537318800000,10.559,166
1537405200000,11.027,200
1537491600000,10.91,158
1537578000000,10.613,187
1537664400000,10.649,260
1537750800000,10.498,180
1537837200000,10.371,170
1537923600000,10.729,210
1538010000000,10.91,186
1538096400000,11.198,202
1538182800000,10.922,250
1538269200000,11.113,215
1538355600000,11.536,277
1538442000000,11.354,170
1538528400000,11.318,167
1538614800000,11.212,159
1538701200000,11.164,230
1538787600000,11.658,247
1538874000000,11.5,226
1538960400000,11.132,220
1539046800000,11.499,203
1539133200000,11.45,203
1539219600000,11.867,195
1539306000000,12.344,308
1539392400000,12.497,260
1539478800000,12.001,184
1539565200000,11.772,174
1539651600000,12.215,158
1539738000000,12.298,156
1539824400000,12.611,274
1539910800000,12.284,162
1539997200000,12.374,220
1540083600000,11.921,169
1540170000000,11.979,199
1540256400000,11.415,149
1540342800000,11.863,160
1540429200000,11.866,211
1540515600000,12.277,248
1540602000000,11.806,191
1540688400000,11.808,188
1540774800000,11.167,160
1540861200000,11.139,129
1540947600000,11.767,195
1541034000000,11.917,177
1541120400000,11.485,172
1541206800000,11.897,184
1541293200000,11.433,163
1541379600000,11.581,178
1541466000000,11.485,114
1541552400000,11.504,175
1541638800000,11.727,229
1541725200000,12.151,173
1541811600000,12.084,240
1541898000000,11.784,265
1541984400000,12.423,294
1542070800000,12.785,201
1542157200000,11.986,202
1542243600000,12.451,214
1542330000000,12.628,298
1542416400000,12.812,241
1542502800000,12.482,217
1542589200000,11.907,193
1542675600000,11.85,143
1542762000000,12.43,200
1542848400000,11.944,168
1542934800000,12.217,226
1543021200000,12.061,171
1543107600000,11.651,207
1543194000000,11.501,169
1543280400000,11.816,169
1543366800000,12.032,164
1543453200000,11.53,150
1543539600000,12.1,192
1543626000000,12.331,249
1543712400000,12.429,256
1543798800000,12.101,162
1543885200000,12.477,225
1543971600000,12.72,383
1544058000000,13.291,179
1544144400000,11.382,163
1544230800000,10.635,226
1544317200000,10.414,224
1544403600000,10.556,178
1544490000000,10.801,160
1544576400000,10.634,144
1544662800000,11.009,175
1544749200000,10.944,163
1544835600000,11.138,258
1544922000000,10.802,171
1545008400000,10.493,154
1545094800000,10.834,187
1545181200000,10.592,146
1545267600000,10.896,259
1545354000000,10.532,202
1545440400000,10.819,263
1545526800000,10.659,236
1545613200000,10.54,190
1545699600000,10.788,206
1545786000000,11.168,228
1545872400000,11.018,260
1545958800000,11.513,242
1546045200000,11.786,250
1546131600000,11.115,215
1546218000000,11.152,249
1546304400000,11.225,181
1546390800000,10.901,197
1546477200000,11.243,228
1546563600000,11.663,202
1546650000000,11.57,275
1546736400000,11.594,252
1546822800000,11.342,169
1546909200000,11.696,242
1546995600000,12.001,196
1547082000000,11.773,201
1547168400000,12,275
1547254800000,12.673,317
1547341200000,12.023,217
1547427600000,12.467,260
1547514000000,12.408,261
1547600400000,13.059,289
1547686800000,13.074,252
1547773200000,12.731,231
1547859600000,13.173,222
1547946000000,12.365,212
1548032400000,11.967,213
1548118800000,12.415,271
1548205200000,12.487,167
1548291600000,12.8,169
1548378000000,13.062,267
1548464400000,12.921,237
1548550800000,12.954,214
1548637200000,12.768,177
1548723600000,13.192,233
1548810000000,13.568,266
1548896400000,13.512,212
1548982800000,14.069,234
1549069200000,14.266,245
1549155600000,13.461,214
1549242000000,13.136,145
1549328400000,12.66,188
1549414800000,13.956,254
1549501200000,13.46,194
1549587600000,12.817,204
1549674000000,13.158,219
1549760400000,13,205
1549846800000,12.879,203
1549933200000,13.081,177
1550019600000,13.411,159
1550106000000,13.749,180
1550192400000,13.551,164
1550278800000,13.462,215
1550365200000,13.498,234
1550451600000,13.913,284
1550538000000,14.759,297
1550624400000,15.053,157
1550710800000,14.433,144
1550797200000,14.093,195
1550883600000,15.098,257
1550970000000,14.828,202
1551056400000,14.702,194
1551142800000,14.904,166
1551229200000,15.159,168
1551315600000,14.996,186
1551402000000,16.337,254
1551488400000,16.471,242
1551574800000,16.092,205
1551661200000,14.769,158
1551747600000,15.266,169
1551834000000,15.079,161
1551920400000,15.435,122
1552006800000,15.926,215
1552093200000,15.261,178
1552179600000,15.157,159
1552266000000,15.284,186
1552352400000,15.814,181
1552438800000,15.378,147
1552525200000,14.375,120
1552611600000,13.939,158
1552698000000,14.812,235
1552784400000,14.137,187
1552870800000,14.555,170
1552957200000,13.905,154
1553043600000,14.076,150
1553130000000,14.185,205
1553216400000,14.12,208
1553302800000,13.609,183
1553389200000,13.517,159
1553475600000,13.697,188
1553562000000,13.741,130
1553648400000,13.781,308
1553734800000,14.396,340
1553821200000,15.739,285
1553907600000,15.763,237
1553994000000,16.009,244
1554080400000,15.37,198
1554166800000,15.071,159
1554253200000,14.632,179
1554339600000,15.919,226
1554426000000,15.296,174
1554512400000,15.371,202
1554598800000,15.329,198
1554685200000,15.229,165
1554771600000,14.828,160
1554858000000,15.33,195
1554944400000,15.583,190
1555030800000,16.23,234
1555117200000,16.179,191
1555203600000,15.904,201
1555290000000,15.409,158
1555376400000,15.659,189
1555462800000,15.142,138
1555549200000,14.92,148
1555635600000,15.504,197
1555722000000,15.275,185
1555808400000,15.602,204
1555894800000,15.224,165
1555981200000,15.535,176
1556067600000,15.382,164
1556154000000,15.501,159
1556240400000,15.196,131
1556326800000,15.473,184
1556413200000,15.989,217
1556499600000,15.877,181
1556586000000,15.762,194
1556672400000,15.859,195
1556758800000,15.507,159
1556845200000,15.621,222
1556931600000,16.136,208
1557018000000,15.852,157
1557104400000,15.597,189
1557190800000,15.533,193
1557277200000,14.948,132
1557363600000,15.322,194
1557450000000,15.987,234
1557536400000,16.437,242
1557622800000,16.977,216
1557709200000,16.14,184
1557795600000,16.364,156
1557882000000,17.15,311
1557968400000,17.855,187
1558054800000,18.397,226
1558141200000,18.381,167
1558227600000,21.981,238
1558314000000,19.987,145
1558400400000,18.669,159
1558486800000,19.39,124
1558573200000,18.482,149
1558659600000,19.275,139
1558746000000,18.506,180
1558832400000,18.304,181
1558918800000,17.579,156
1559005200000,18.429,181
1559091600000,18.576,175
1559178000000,18.507,135
1559264400000,19.421,229
1559350800000,18.581,161
1559437200000,19.086,211
1559523600000,18.761,142
1559610000000,18.864,145
1559696400000,18.995,170
1559782800000,19.194,138
1559869200000,19.47,177
1559955600000,19.453,177
1560042000000,19.228,185
1560128400000,18.968,164
1560214800000,18.93,143
1560301200000,18.404,128
1560387600000,18.938,164
1560474000000,19.058,174
1560560400000,19.031,152
1560646800000,18.966,212
1560733200000,20.121,204
1560819600000,20.158,240
1560906000000,19.914,271
1560992400000,19.167,171
1561078800000,18.685,140
1561165200000,18.871,166
1561251600000,18.616,132
1561338000000,18.469,174
1561424400000,18.497,175
1561510800000,18.139,163
1561597200000,18.093,210
1561683600000,18.293,213
1561770000000,18.747,216
1561856400000,18.327,211
1561942800000,17.849,147
1562029200000,17.642,142
1562115600000,17.397,145
1562202000000,17.589,124
1562288400000,18.041,150
1562374800000,17.792,159
1562461200000,17.543,150
1562547600000,17.471,177
1562634000000,17.454,200
1562720400000,17.843,175
1562806800000,18.216,201
1562893200000,18.672,141
1562979600000,18.435,148
1563066000000,18.466,167
1563152400000,18.762,165
1563238800000,18.648,156
1563325200000,18.085,159
1563411600000,18.617,173
1563498000000,18.695,136
1563584400000,18.964,147
1563670800000,18.217,158
1563757200000,18.562,152
1563843600000,17.876,171
1563930000000,18.042,131
1564016400000,17.959,163
1564102800000,18.899,219
1564189200000,18.57,188
1564275600000,18.848,171
1564362000000,18.094,179
1564448400000,18.652,159
1564534800000,18.924,183
1564621200000,18.868,233
1564707600000,19.08,213
1564794000000,19.035,180
1564880400000,18.931,148
1564966800000,18.412,144
1565053200000,18.604,150
1565139600000,18.741,177
1565226000000,19.118,208
1565312400000,19.976,252
1565398800000,19.243,189
1565485200000,19.403,177
1565571600000,19.205,161
1565658000000,18.93,135
1565744400000,17.882,155
1565830800000,17.642,176
1565917200000,18.497,205
1566003600000,18.838,185
1566090000000,19.047,297
1566176400000,18.347,137
1566262800000,18.058,170
1566349200000,18.582,172
1566435600000,18.661,139
1566522000000,19.221,290
1566608400000,19.035,206
1566694800000,19.064,189
1566781200000,19.143,187
1566867600000,19.44,157
1566954000000,18.979,107
1567040400000,18.564,177
1567126800000,19.542,209
1567213200000,18.727,152
1567299600000,19.344,215
1567386000000,19.462,185
1567472400000,18.651,158
1567558800000,19.255,187
1567645200000,19.255,223
1567731600000,20.407,216
1567818000000,19.991,188
1567904400000,20.128,242
1567990800000,20.54,248
1568077200000,20.623,210
1568163600000,20.911,187
1568250000000,20.783,173
1568336400000,21.601,194
1568422800000,21.803,234
1568509200000,21.718,259
1568595600000,22.669,198
1568682000000,22.046,164
1568768400000,21.33,158
1568854800000,21.033,135
1568941200000,20.988,165
1569027600000,20.47,164
1569114000000,20.361,200
1569200400000,21.279,212
1569286800000,21.769,166
1569373200000,20.921,158
1569459600000,21.228,187
1569546000000,21.453,195
1569632400000,21.223,181
1569718800000,21.473,244
1569805200000,21.976,202
1569891600000,22.032,180
1569978000000,21.013,136
1570064400000,22.601,189
1570150800000,22.347,213
1570237200000,21.825,143
1570323600000,21.758,189
1570410000000,22.388,208
1570496400000,21.983,173
1570582800000,22.746,206
1570669200000,22.261,134
1570755600000,22.417,167
1570842000000,21.17,180
1570928400000,21.644,177
1571014800000,21.284,215
1571101200000,21.342,193
1571187600000,21.502,141
1571274000000,21.797,179
1571360400000,21.945,166
1571446800000,21.006,97
1571533200000,19.819,123
1571619600000,20.322,115
1571706000000,20.693,144
1571792400000,20.842,83
1571878800000,19.975,140
1571965200000,21.162,163
1572051600000,20.525,139
1572138000000,20.134,186
1572224400000,19.729,119
1572310800000,19.722,186
1572397200000,20.446,142
1572483600000,19.778,114
1572570000000,19.461,194
1572656400000,20.215,133
1572742800000,19.649,151
1572829200000,19.26,141
1572915600000,19.479,149
1573002000000,19.31,122
1573088400000,19.681,157
1573174800000,19.885,176
1573261200000,19.291,142
1573347600000,19.081,141
1573434000000,18.492,169
1573520400000,19.068,178
1573606800000,19.293,169
1573693200000,19.113,113
1573779600000,18.887,198
1573866000000,19.557,229
1573952400000,19.172,216
1574038800000,18.714,154
1574125200000,15.444,397
1574211600000,15.444,182
1574298000000,16.797,170
1574384400000,16.624,152
1574470800000,16.264,182
1574557200000,15.753,171
1574643600000,15.549,141
1574730000000,14.977,163
1574816400000,15.313,216
1574902800000,16.76,216
1574989200000,16.434,259
1575075600000,18.087,229
1575162000000,18.28,255
1575248400000,17.91,189
1575334800000,18.371,197
1575421200000,17.372,137
1575507600000,17.055,165
1575594000000,18.173,205
1575680400000,17.114,305
1575766800000,18.309,269
1575853200000,18.475,228
1575939600000,17.954,187
1576026000000,17.927,154
1576112400000,17.985,175
1576198800000,18.008,209
1576285200000,18.485,250
1576371600000,18.6,210
1576458000000,17.893,146
1576544400000,17.861,150
1576630800000,18.339,181
1576717200000,18.321,218
1576803600000,17.972,180
1576890000000,18.279,226
1576976400000,18.224,262
1577062800000,18.239,255
1577149200000,19.099,249
1577235600000,19.44,229
1577322000000,18.875,223
1577408400000,19.559,185
1577494800000,19.894,248
1577581200000,19.076,235
1577667600000,19.108,220
1577754000000,19.651,213
1577840400000,19.84,239
1577926800000,19.907,175
1578013200000,19.435,176
1578099600000,19.35,191
1578186000000,20.231,261
1578272400000,19.654,156
1578358800000,19.979,195
1578445200000,20.445,357
1578531600000,21.246,272
1578618000000,22.234,299
1578704400000,21.688,318
1578790800000,23.374,356
1578877200000,22.664,201
1578963600000,22.135,223
1579050000000,22.616,207
1579136400000,23.909,290
1579222800000,24.103,198
1579309200000,23.235,186
1579395600000,22.488,217
1579482000000,22.765,196
1579568400000,21.973,174
1579654800000,21.775,167
1579741200000,22.209,197
1579827600000,22.276,179
1579914000000,21.863,246
1580000400000,22.587,281
1580086800000,21.853,190
1580173200000,21.583,141
1580259600000,21.273,156
1580346000000,22.043,229
1580432400000,22.949,247
1580518800000,22.884,313
1580605200000,23.097,296
1580691600000,22.048,172
1580778000000,22.284,196
1580864400000,22.543,181
1580950800000,23.043,218
1581037200000,23.011,237
1581123600000,23.183,251
1581210000000,22.789,252
1581296400000,22.754,179
1581382800000,22.055,164
1581469200000,21.45,140
1581555600000,23.569,340
1581642000000,23.738,206
1581728400000,23.063,233
1581814800000,24.452,360
1581901200000,23.432,178
1581987600000,22.364,129
1582074000000,22.822,208
1582160400000,23.609,209
1582246800000,22.46,164
1582333200000,23.076,235
1582419600000,22.766,213
1582506000000,22.375,175
1582592400000,22.05,239
1582678800000,22.112,191
1582765200000,21.797,167
1582851600000,21.791,221
1582938000000,22.574,268
1583024400000,22.038,224
1583110800000,22.256,199
1583197200000,22.558,189
1583283600000,22.864,230
1583370000000,23.461,239
1583456400000,23.027,224
1583542800000,23.037,241
1583629200000,22.56,224
1583715600000,22.595,165
1583802000000,22.02,192
1583888400000,22.692,284
1583974800000,23.026,249
1584061200000,22.601,265
1584147600000,23.106,289
1584234000000,22.751,233
1584320400000,22.531,239
1584406800000,22.083,201
1584493200000,21.71,208
1584579600000,22.163,254
1584666000000,21.245,213
1584752400000,21.926,320
1584838800000,21.637,280
1584925200000,20.786,200
1585011600000,20.213,185
1585098000000,19.707,228
1585184400000,20.783,273
1585270800000,21.61,416
1585357200000,22.273,265
1585443600000,21.031,285
1585530000000,20.648,280
1585616400000,20.901,315
1585702800000,20.103,256
1585789200000,20.355,223
1585875600000,20.234,266
1585962000000,21.11,313
1586048400000,20.849,310
1586134800000,20.871,264
1586221200000,20.836,227
1586307600000,20.324,276
1586394000000,20.529,284
1586480400000,21.261,263
1586566800000,21.044,220
1586653200000,21.143,282
1586739600000,21.251,274
1586826000000,20.682,270
1586912400000,21.3,324
1586998800000,21.134,322
1587085200000,22.113,449
1587171600000,22.455,404
1587258000000,22.054,297
1587344400000,21.231,287
1587430800000,22.378,326
1587517200000,22.48,436
1587603600000,23.036,416
1587690000000,23.368,340
1587776400000,24.033,394
1587862800000,22.693,320
1587949200000,24.583,494
1588035600000,25.719,399
1588122000000,27.771,373
1588208400000,27.224,292
1588294800000,28.704,324
1588381200000,28.449,285
1588467600000,28.943,279
1588554000000,27.374,264
1588640400000,26.875,249
1588726800000,27.224,300
1588813200000,25.759,263
1588899600000,25.915,284
1588986000000,25.864,340
1589072400000,26.795,270
1589158800000,25.253,235
1589245200000,24.892,245
1589331600000,25.183,259
1589418000000,25.288,224
1589504400000,26.286,278
1589590800000,25.887,244
1589677200000,26.44,311
1589763600000,26.787,207
1589850000000,26.562,182
1589936400000,27.059,249
1590022800000,27.408,242
1590109200000,26.562,243
1590195600000,27.728,311
1590282000000,26.916,248
1590368400000,26.404,255
1590454800000,25.84,236
1590541200000,25.213,202
1590627600000,25.713,238
1590714000000,26.585,321
1590800400000,27.654,314
1590886800000,26.189,271
1590973200000,26.695,229
1591059600000,27.781,307
1591146000000,27.03,199
1591232400000,27.489,209
1591318800000,27.495,258
1591405200000,27.814,235
1591491600000,28.286,262
1591578000000,27.824,245
1591664400000,28.564,205
1591750800000,27.699,182
1591837200000,27.268,169
1591923600000,28.074,281
1592010000000,28.999,297
1592096400000,29.33,282
1592182800000,29.651,239
1592269200000,28.35,190
1592355600000,28.465,196
1592442000000,28.936,179
1592528400000,29.458,217
1592614800000,30.249,246
1592701200000,29.623,208
1592787600000,28.63,177
1592874000000,27.934,170
1592960400000,28.333,214
1593046800000,28.054,245
1593133200000,28.673,243
1593219600000,29.092,257
1593306000000,28.549,172
1593392400000,28.188,214
1593478800000,30.157,271
1593565200000,29.654,212
1593651600000,30.987,267
1593738000000,31.64,284
1593824400000,32.627,224
1593910800000,31.887,212
1593997200000,30.292,151
1594083600000,29.609,157
1594170000000,29.861,186
1594256400000,29.19,174
1594342800000,30.622,175
1594429200000,31.228,233
1594515600000,31.883,227
1594602000000,31.604,181
1594688400000,31.199,172
1594774800000,31.594,146
1594861200000,30.979,178
1594947600000,31.604,189
1595034000000,32.527,180
1595120400000,31.814,177
1595206800000,32.458,251
1595293200000,32.096,164
1595379600000,31.15,158
1595466000000,30.833,151
1595552400000,31.081,172
1595638800000,30.509,149
1595725200000,31.197,135
1595811600000,31.083,149
1595898000000,31.13,169
1595984400000,31.749,158
1596070800000,31.346,171
1596157200000,31.467,200
1596243600000,32.026,174
1596330000000,31.857,185
1596416400000,30.688,149
1596502800000,30.866,137
1596589200000,30.371,195
1596675600000,31.312,170
1596762000000,30.208,199
1596848400000,28.951,126
1596934800000,28.78,158
1597021200000,28.872,184
1597107600000,28.207,138
1597194000000,28.045,142
1597280400000,28.829,162
1597366800000,29.128,171
1597453200000,28.466,154
1597539600000,28.424,147
1597626000000,27.589,142
1597712400000,27.607,147
1597798800000,28.408,199
1597885200000,27.385,151
1597971600000,27.447,140
1598058000000,27.199,159
1598144400000,25.906,163
1598230800000,26.041,193
1598317200000,26.737,203
1598403600000,26.373,178
1598490000000,26.373,190
1598576400000,26.775,168
1598662800000,27.743,267
1598749200000,26.676,218
1598835600000,26.942,213
1598922000000,27.353,177
1599008400000,27.187,142
1599094800000,27.544,190
1599181200000,26.857,196
1599267600000,28.824,320
1599354000000,28.342,225
1599440400000,27.992,172
1599526800000,28.294,212
1599613200000,27.238,147
1599699600000,26.854,152
1599786000000,26.355,148
1599872400000,26.718,222
1599958800000,26.743,229
1600045200000,27.144,220
1600131600000,27.29,200
1600218000000,26.39,195
1600304400000,27.531,186
1600390800000,27.741,214
1600477200000,27.289,206
1600563600000,27.457,253
1600650000000,27.532,205
1600736400000,26.988,136
1600822800000,26.928,155
1600909200000,27.23,204
1600995600000,27.393,257
1601082000000,27.775,172
1601168400000,27.797,240
1601254800000,27.675,232
1601341200000,28.182,174
1601427600000,28.599,193
1601514000000,28.93,178
1601600400000,27.962,186
1601686800000,28.151,211
1601773200000,28.645,237
1601859600000,28.953,204
1601946000000,28.233,199
1602032400000,29.061,200
1602118800000,29.438,218
1602205200000,28.112,175
1602291600000,28.318,201
1602378000000,29.116,219
1602464400000,27.701,134
1602550800000,28.202,158
1602637200000,27.49,140
1602723600000,27.913,162
1602810000000,28.852,217
1602896400000,27.989,181
1602982800000,27.668,154
1603069200000,27.451,145
1603155600000,27.788,132
1603242000000,28.598,248
1603328400000,28.837,200
1603414800000,29.142,227
1603501200000,29.471,246
1603587600000,29.476,232
1603674000000,28.808,220
1603760400000,29.119,258
1603846800000,28.479,173
1603933200000,28.43,142
1604019600000,29.113,289
1604106000000,28.686,231
1604192400000,28.135,194
1604278800000,28.222,161
1604365200000,28.534,191
1604451600000,28.563,205
1604538000000,28.199,175
1604624400000,29.235,172
1604710800000,28.871,188
1604797200000,28.201,224
1604883600000,28.659,187
1604970000000,28.698,198
1605056400000,28.326,188
1605142800000,28.675,217
1605229200000,29.423,210
1605315600000,28.93,202
1605402000000,28.613,209
1605488400000,28.552,188
1605574800000,27.985,211
1605661200000,28.358,178
1605747600000,28.499,176
1605834000000,27.905,209
1605920400000,28.569,168
1606006800000,28.711,220
1606093200000,27.648,142
1606179600000,27.743,202
1606266000000,27.009,162
1606352400000,28.016,285
1606438800000,29.138,312
1606525200000,28.84,258
1606611600000,28.282,226
1606698000000,27.826,178
1606784400000,27.751,194
1606870800000,28.129,191
1606957200000,28.586,272
1607043600000,23.641,331
1607130000000,24.229,231
1607216400000,24.434,197
1607302800000,23.989,238
1607389200000,24.028,173
1607475600000,22.843,162
1607562000000,22.365,204
1607648400000,23.417,180
1607734800000,24.16,213
1607821200000,24.441,206
1607907600000,24.207,177
1607994000000,23.841,146
1608080400000,23.717,190
1608166800000,23.534,162
1608253200000,24.595,197
1608339600000,24.013,224
1608426000000,24.257,225
1608512400000,24.2,200
1608598800000,23.513,252
1608685200000,25.076,252
1608771600000,24.808,286
1608858000000,26.255,264
1608944400000,25.862,280
1609030800000,25.468,239
1609117200000,26.11,271
1609203600000,25.673,194
1609290000000,26.375,283
1609376400000,27.402,263
1609462800000,26.797,270
1609549200000,27.023,280
1609635600000,27.777,257
1609722000000,27.835,270
1609808400000,27.554,250
1609894800000,27.445,245
1609981200000,28.246,267
1610067600000,29.534,340
1610154000000,28.963,210
1610240400000,28.084,218
1610326800000,27.628,240
1610413200000,28.398,260
1610499600000,28.245,208
1610586000000,28.401,189
1610672400000,29.31,307
1610758800000,29.774,258
1610845200000,28.599,206
1610931600000,28.45,204
1611018000000,28.121,181
1611104400000,28.142,215
1611190800000,27.925,174
1611277200000,28.467,245
1611363600000,29.361,232
1611450000000,28.415,162
1611536400000,28.447,209
1611622800000,28.368,267
1611709200000,27.712,159
1611795600000,27.07,231
1611882000000,27.821,276
1611968400000,27.842,268
1612054800000,28.019,321
1612141200000,27.68,290
1612227600000,27.711,217
1612314000000,28.167,275
1612400400000,28.461,279
1612486800000,28.951,281
1612573200000,28.83,261
1612659600000,28.342,267
1612746000000,28.57,200
1612832400000,27.954,246
1612918800000,28.393,183
1613005200000,27.751,209
1613091600000,27.15,278
1613178000000,27.127,274
1613264400000,26.544,217
1613350800000,26.441,271
1613437200000,27.623,257
1613523600000,27.206,244
1613610000000,28.059,282
1613696400000,28.101,243
1613782800000,28.461,321
1613869200000,27.532,178
1613955600000,26.987,261
1614042000000,27.592,234
1614128400000,27.709,242
1614214800000,28.294,296
1614301200000,28.775,275
1614387600000,28.181,303
1614474000000,28.314,258
1614560400000,27.999,246
1614646800000,28.115,247
1614733200000,27.34,192
1614819600000,27.604,266
1614906000000,28.241,254
1614992400000,28.746,370
1615078800000,28.428,270
1615165200000,28.2,261
1615251600000,28.553,212
1615338000000,28.475,259
1615424400000,29.143,260
1615510800000,29.764,330
1615597200000,30.702,373
1615683600000,29.85,312
1615770000000,30.648,289
1615856400000,30.348,206
1615942800000,31.256,362
1616029200000,31.823,245
1616115600000,30.904,232
1616202000000,30.998,282
1616288400000,31.348,242
1616374800000,31.311,284
1616461200000,32.382,222
1616547600000,31.852,214
1616634000000,31.781,267
1616720400000,33.757,311
1616806800000,34.258,315
1616893200000,34.162,266
1616979600000,34.688,229
1617066000000,35.297,237
1617152400000,35.752,232
1617238800000,36.593,238
1617325200000,35.538,237
1617411600000,36.414,288
1617498000000,36.262,210
1617584400000,35.676,218
1617670800000,35.578,260
1617757200000,33.259,118
1617843600000,33.03,223
1617930000000,33.948,326
1618016400000,33.958,273
1618102800000,33.825,229
1618189200000,32.297,179
1618275600000,32.948,198
1618362000000,32.364,67
1618448400000,32.374,297
1618534800000,33.784,282
1618621200000,33.898,245
1618707600000,33.918,225
1618794000000,34.147,253
1618880400000,32.887,201
1618966800000,34.659,303
1619053200000,34.331,222
1619139600000,34.869,250
1619226000000,35.034,227
1619312400000,35.775,318
1619398800000,34.981,219
1619485200000,36.504,318
1619571600000,35.33,252
1619658000000,35.792,218
1619744400000,35.545,231
1619830800000,36.833,316
1619917200000,35.971,194
1620003600000,36.965,216
1620090000000,35.425,260
1620176400000,34.583,192
1620262800000,35.423,242
1620349200000,36.021,259
1620435600000,37.211,233
1620522000000,37.788,281
1620608400000,39.179,281
1620694800000,39.055,166
1620781200000,39.878,258
1620867600000,39.595,195
1620954000000,40.502,241
1621040400000,42.406,239
1621126800000,42.172,187
1621213200000,40.023,187
1621299600000,41.548,185
1621386000000,41.655,207
1621472400000,43.335,251
1621558800000,43.614,213
1621645200000,43.68,179
1621731600000,42.887,176
1621818000000,42.458,192
1621904400000,43.684,224
1621990800000,44.017,193
1622077200000,46.36,238
1622163600000,51.062,244
1622250000000,51.695,175
1622336400000,48.823,201
1622422800000,47.549,179
1622509200000,46.517,146
1622595600000,46.547,139
1622682000000,46.456,161
1622768400000,50.665,364
1622854800000,55.469,250
1622941200000,55.05,193
1623027600000,50.353,178
1623114000000,48.828,178
1623200400000,51.793,224
1623286800000,52.665,195
1623373200000,53.013,155
1623459600000,53.574,206
1623546000000,54.005,168
1623632400000,50.892,136
1623718800000,50.225,155
1623805200000,49.79,154
1623891600000,51.943,128
1623978000000,49.789,138
1624064400000,47.052,138
1624150800000,47.515,151
1624237200000,46.699,147
1624323600000,45.998,180
1624410000000,45.846,200
1624496400000,45.767,184
1624582800000,45.261,161
1624669200000,46.019,178
1624755600000,45.147,187
1624842000000,43.983,155
1624928400000,44.572,172
1625014800000,44.226,183
1625101200000,44.851,154
1625187600000,43.405,145
1625274000000,43.753,196
1625360400000,42.556,187
1625446800000,42.808,198
1625533200000,42.852,149
1625619600000,41.881,159
1625706000000,41.844,201
1625792400000,42.119,170
1625878800000,41.605,150
1625965200000,40.986,172
1626051600000,40.253,183
1626138000000,40.839,198
1626224400000,39.456,141
1626310800000,39.504,156
1626397200000,40.181,164
1626483600000,38.969,135
1626570000000,39.402,168
1626656400000,38.257,162
1626742800000,38.322,151
1626829200000,38.436,137
1626915600000,38.33,121
1627002000000,37.689,200
1627088400000,38.715,204
1627174800000,37.673,184
1627261200000,38.436,153
1627347600000,37.519,92
1627434000000,38.812,219
1627520400000,39.385,192
1627606800000,39.978,185
1627693200000,41.059,200
1627779600000,39.729,190
1627866000000,40.386,174
1627952400000,41.15,212
1628038800000,41.506,184
1628125200000,42.26,136
1628211600000,41.906,220
1628298000000,42.005,146
1628384400000,41.851,169
1628470800000,39.61,152
1628557200000,40.918,235
1628643600000,42.236,160
1628730000000,41.366,158
1628816400000,42.073,199
1628902800000,42.741,172
1628989200000,42.9,164
1629075600000,40.108,138
1629162000000,39.038,116
1629248400000,38.354,118
1629334800000,39.122,165
1629421200000,40.291,191
1629507600000,40.772,172
1629594000000,40.38,158
1629680400000,40.182,162
1629766800000,41.271,222
1629853200000,42.494,241
1629939600000,42.527,182
1630026000000,43.221,206
1630112400000,43.193,197
1630198800000,42.303,148
1630285200000,42.052,183
1630371600000,41.62,173
1630458000000,42.528,175
1630544400000,40.574,126
1630630800000,42.847,175
1630717200000,43.065,158
1630803600000,43.747,191
1630890000000,43.585,174
1630976400000,42.662,139
1631062800000,41.368,114
1631149200000,42.758,152
1631235600000,43.169,182
1631322000000,43.029,272
1631408400000,41.744,156
1631494800000,42.302,199
1631581200000,42.277,183
1631667600000,43.138,174
1631754000000,43.583,167
1631840400000,43.038,197
1631926800000,43.475,178
1632013200000,43.038,190
1632099600000,42.583,166
1632186000000,42.895,202
1632272400000,34.946,392
1632358800000,32.849,197
1632445200000,33.058,138
1632531600000,32.96,153
1632618000000,32.705,119
1632704400000,32.146,157
1632790800000,32.38,132
1632877200000,33.298,153
1632963600000,33.859,171
1633050000000,33.749,189
1633136400000,34.713,173
1633222800000,33.629,155
1633309200000,32.671,139
1633395600000,33.744,184
1633482000000,33.508,188
1633568400000,32.815,128
1633654800000,33.604,215
1633741200000,33.677,229
1633827600000,32.701,189
1633914000000,33.437,155
1634000400000,33.369,175
1634086800000,31.835,217
1634173200000,32.789,160
1634259600000,33.077,164
1634346000000,32.565,209
1634432400000,32.062,210
1634518800000,32.298,192
1634605200000,33.659,269
1634691600000,32.263,158
1634778000000,32.565,165
1634864400000,29.556,220
1634950800000,30.717,246
1635037200000,30.968,228
1635123600000,29.776,188
1635210000000,30.235,137
1635296400000,30.694,166
1635382800000,31.602,285
1635469200000,31.332,167
1635555600000,31.051,180
1635642000000,30.739,165
1635728400000,30.411,209
1635814800000,31.449,204
1635901200000,32.668,222
1635987600000,32.896,139
1636074000000,32.166,196
1636160400000,32.762,231
1636246800000,31.308,188
1636333200000,29.942,173
1636419600000,29.442,160
1636506000000,29.632,264
1636592400000,29.642,170
1636678800000,29.411,185
1636765200000,29.678,211
1636851600000,29.637,260
1636938000000,30.813,261
1637024400000,30.529,176
1637110800000,30.408,179
1637197200000,31.139,221
1637283600000,31.678,187
1637370000000,31.541,203
1637456400000,31.536,216
1637542800000,32.209,194
1637629200000,31.223,161
1637715600000,30.821,228
1637802000000,31.337,305
1637888400000,31.665,267
1637974800000,31.699,187
1638061200000,31.468,202
1638147600000,32.011,212
1638234000000,31.453,189
1638320400000,32.639,202
1638406800000,32.439,202
1638493200000,32.806,149
1638579600000,33.891,240
1638666000000,33.65,161
1638752400000,33.406,189
1638838800000,34.256,161
1638925200000,35.258,235
1639011600000,35.558,187
1639098000000,36.367,171
1639184400000,34.223,168
1639270800000,34.943,197
1639357200000,35.695,189
1639443600000,34.49,184
1639530000000,34.214,170
1639616400000,33.918,185
1639702800000,33.329,165
1639789200000,33.812,192
1639875600000,33.809,183
1639962000000,35.171,217
1640048400000,34.792,193
1640134800000,34.456,185
1640221200000,34.942,211
1640307600000,36.617,285
1640394000000,38.192,254
1640480400000,36.72,187
1640566800000,36.603,208
1640653200000,37.437,210
1640739600000,38.332,195
1640826000000,37.683,183
1640912400000,39.654,262
1640998800000,39.836,185
1641085200000,39.8,248
1641171600000,38.433,186
1641258000000,37.83,200
1641344400000,38.657,192
1641430800000,38.549,153
1641517200000,38.483,205
1641603600000,39.283,198
1641690000000,40.683,165
1641776400000,38.815,133
1641862800000,37.982,164
1641949200000,38.059,177
1642035600000,39.08,137
1642122000000,39.115,213
1642208400000,39.967,172
1642294800000,39.351,167
1642381200000,38.676,148
1642467600000,38.074,181
1642554000000,37.737,139
1642640400000,37.735,165
1642726800000,37.897,190
1642813200000,36.504,184
1642899600000,37.022,164
1642986000000,35.999,145
1643072400000,35.908,196
1643158800000,34.167,134
1643245200000,33.684,131
1643331600000,34.04,161
1643418000000,34.598,192
1643504400000,34.707,211
1643590800000,34.157,211
1643677200000,34.965,139
1643763600000,35.378,190
1643850000000,36.303,214
1643936400000,34.535,216
1644022800000,36.147,236
1644109200000,35.236,177
1644195600000,34.682,163
1644282000000,34.734,162
1644368400000,34.371,149
1644454800000,35.53,199
1644541200000,35.934,211
1644627600000,35.812,348
1644714000000,36.638,268
1644800400000,37.164,194
1644886800000,36.694,208
1644973200000,35.857,170
1645059600000,36.547,221
1645146000000,37.469,182
1645232400000,36.307,187
1645318800000,37.018,196
1645405200000,36.284,175
1645491600000,35.988,150
1645578000000,36.058,201
1645664400000,36.155,183
1645750800000,36.846,245
1645837200000,36.153,206
1645923600000,36.84,210
1646010000000,36.811,249
1646096400000,36.516,170
1646182800000,37.814,173
1646269200000,37.994,224
1646355600000,38.577,190
1646442000000,38.559,255
1646528400000,39.05,202
1646614800000,38.664,204
1646701200000,38.477,187
1646787600000,38.242,175
1646874000000,40.572,209
1646960400000,40.021,184
1647046800000,41.233,197
1647133200000,39.983,172
1647219600000,39.83,163
1647306000000,40.335,167
1647392400000,40.231,182
1647478800000,40.019,158
1647565200000,41.286,227
1647651600000,40.986,202
1647738000000,40.22,210
1647824400000,39.578,131
1647910800000,40.291,177
1647997200000,40.3,213
1648083600000,40.508,190
1648170000000,41.892,226
1648256400000,41.517,165
1648342800000,41.341,157
1648429200000,39.603,121
1648515600000,38.89,154
1648602000000,41.465,179
1648688400000,42.061,203
1648774800000,42.698,236
1648861200000,44.044,192
1648947600000,43.011,189
1649034000000,44.394,195
1649120400000,43.85,129
1649206800000,42.945,145
1649293200000,44.062,157
1649379600000,43.717,159
1649466000000,45.46,221
1649552400000,44.696,191
1649638800000,47.243,215
1649725200000,45.859,120
1649811600000,44.541,145
1649898000000,45.923,159
1649984400000,45.543,216
1650070800000,45.55,140
1650157200000,44.526,157
1650243600000,43.788,118
1650330000000,42.231,145
1650416400000,43.104,142
1650502800000,43.958,127
1650589200000,44.484,148
1650675600000,46.101,219
1650762000000,45.38,158
1650848400000,45.473,126
1650934800000,47.211,181
1651021200000,46.724,133
1651107600000,46.319,156
1651194000000,46.685,149
1651280400000,46.186,200
1651366800000,45.613,151
1651453200000,45.586,184
1651539600000,45.218,132
1651626000000,42.877,234
1651712400000,44.65,162
1651798800000,44.971,216
1651885200000,47.329,275
1651971600000,45.338,194
1652058000000,46.075,193
1652144400000,45.627,192
1652230800000,47.022,191
1652317200000,47.192,214
1652403600000,46.417,160
1652490000000,46.555,203
1652576400000,43.648,146
1652662800000,43.221,183
1652749200000,44.4,152
1652835600000,44.735,152
1652922000000,44.916,146
1653008400000,45.326,178
1653094800000,45.337,161
1653181200000,44.935,168
1653267600000,45.107,115
1653354000000,44.444,112
1653440400000,44.345,135
1653526800000,45.177,144
1653613200000,43.948,167
1653699600000,45.305,159
1653786000000,44.898,146
1653872400000,44.226,121
1653958800000,44.082,184
1654045200000,45.827,169
1654131600000,44.429,143
1654218000000,43.876,176
1654304400000,45.092,180
1654390800000,45.312,182
1654477200000,44.509,138
1654563600000,45.293,208
1654650000000,45.092,181
1654736400000,44.429,163
1654822800000,46.345,175
1654909200000,46.525,209
1654995600000,45.123,170
1655082000000,45.097,146
1655168400000,44.331,149
1655254800000,45.32,197
1655341200000,45.573,167
1655427600000,46.014,189
1655514000000,45.499,192
1655600400000,44.524,178
1655686800000,42.671,177
1655773200000,43.228,150
1655859600000,42.984,198
1655946000000,44.546,215
1656032400000,43.946,198
1656118800000,42.635,156
1656205200000,43.673,196
1656291600000,41.83,140
1656378000000,42.64,137
1656464400000,42.727,161
1656550800000,43.235,150
1656637200000,44.383,197
1656723600000,43.735,179
1656810000000,41.823,141
1656896400000,42.418,191
1656982800000,42.417,183
1657069200000,40.517,197
1657155600000,40.675,155
1657242000000,41.814,194
1657328400000,43.204,201
1657414800000,43.763,239
1657501200000,43.315,151
1657587600000,43.779,192
1657674000000,45.231,125
1657760400000,43.678,203
1657846800000,43.9,159
1657933200000,43.238,195
1658019600000,43.497,147
1658106000000,43.121,174
1658192400000,42.717,183
1658278800000,44.106,104
1658365200000,42.381,180
1658451600000,43.282,187
1658538000000,42.138,182
1658624400000,42.957,169
1658710800000,43.03,163
1658797200000,43.298,144
1658883600000,43.08,159
1658970000000,43.867,157
1659056400000,42.996,160
1659142800000,43.72,185
1659229200000,43.684,158
1659315600000,44.93,169
1659402000000,45.677,196
1659488400000,46.109,210
1659574800000,46.3,158
1659661200000,45.962,160
1659747600000,45.908,157
1659834000000,47.23,194
1659920400000,45.422,155
1660006800000,44.038,137
1660093200000,46.415,228
1660179600000,46.395,168
1660266000000,47.585,197
1660352400000,48.779,186
1660438800000,50.294,198
1660525200000,49.895,157
1660611600000,52.287,236
1660698000000,52.366,179
1660784400000,50.908,143
1660870800000,49.591,165
1660957200000,48.95,170
1661043600000,49.118,132
1661130000000,50.171,175
1661216400000,50.38,151
1661302800000,48.876,179
1661389200000,49.811,161
1661475600000,52.073,202
1661562000000,53.401,197
1661648400000,52.261,146
1661734800000,52.195,217
1661821200000,49.963,133
1661907600000,49.556,157
1661994000000,48.857,168
1662080400000,48.607,165
1662166800000,48.662,159
1662253200000,48.843,164
1662339600000,48.553,149
1662426000000,48.667,128
1662512400000,49.057,130
1662598800000,50.125,151
1662685200000,49.663,157
1662771600000,49.392,158
1662858000000,48.564,151
1662944400000,48.562,124
1663030800000,48.752,96
1663117200000,48.547,138
1663203600000,47.614,166
1663290000000,49.141,189
1663376400000,48.111,251
1663462800000,47.428,176
1663549200000,47.733,181
1663635600000,48.768,180
1663722000000,48.211,154
1663808400000,47.482,137
1663894800000,47.182,180
1663981200000,46.914,131
1664067600000,45.928,129
1664154000000,46.59,120
1664240400000,45.805,177
1664326800000,44.278,151
1664413200000,44.806,149
1664499600000,44.56,174
1664586000000,44.981,184
1664672400000,44.643,159
1664758800000,45.994,170
1664845200000,45.723,150
1664931600000,43.945,152
1665018000000,44.825,136
1665104400000,44.749,154
1665190800000,45.615,141
1665277200000,45.603,173
1665363600000,44.952,128
1665450000000,43.68,125
1665536400000,42.825,170
1665622800000,42.678,159
1665709200000,40.817,98
1665795600000,43.125,243
1665882000000,43.147,139
1665968400000,41.53,88
1666054800000,40.774,127
1666141200000,42.041,151
1666227600000,43.586,167
1666314000000,42.533,137
1666400400000,41.431,167
1666486800000,40.902,163
1666573200000,41.65,145
1666659600000,41.226,155
1666746000000,41.352,136
1666832400000,40.236,151
1666918800000,39.664,149
1667005200000,38.234,183
1667091600000,39.955,160
1667178000000,39.162,148
1667264400000,38.742,154
1667350800000,39.207,119
1667437200000,39.289,139
1667523600000,39.186,168
1667610000000,38.803,127
1667696400000,40.827,211
1667782800000,39.981,144
1667869200000,41.576,218
1667955600000,41.219,139
1668042000000,41.912,163
1668128400000,41.627,120
1668214800000,41.755,204
1668301200000,41.987,182
1668387600000,40.27,131
1668474000000,40.227,113
1668560400000,40.135,136
1668646800000,39.796,159
1668733200000,40.687,157
1668819600000,38.981,172
1668906000000,37.409,147
1668992400000,38.002,119
1669078800000,37.023,152
1669165200000,35.818,168
1669251600000,35.571,142
1669338000000,36.076,171
1669424400000,36.181,183
1669510800000,35.826,175
1669597200000,35.742,159
1669683600000,36.42,153
1669770000000,36.322,134
1669856400000,38.518,177
1669942800000,38.878,172
1670029200000,39.404,214
1670115600000,40.238,195
1670202000000,39.121,146
1670288400000,39.785,157
1670374800000,39.132,136
1670461200000,39.773,140
1670547600000,39.453,177
1670634000000,40.32,271
1670720400000,40.387,161
1670806800000,39.486,162
1670893200000,39.803,183
1670979600000,39.264,122
1671066000000,38.094,120
1671152400000,36.587,175
1671238800000,39.005,175
1671325200000,38.921,176
1671411600000,37.692,185
1671498000000,38.088,155
1671584400000,39.044,213
1671670800000,39.185,174
1671757200000,39.501,268
1671843600000,39.705,178
1671930000000,40.173,187
1672016400000,39.412,187
1672102800000,39.679,171
1672189200000,38.994,146
1672275600000,39.399,206
1672362000000,40.493,211
1672448400000,40.584,169
1672534800000,40.88,234
1672621200000,40,198
1672707600000,40.075,235
1672794000000,40.996,183
1672880400000,39.671,196
1672966800000,40.489,213
1673053200000,40.756,181
1673139600000,40.752,178
1673226000000,40.455,136
1673312400000,40.359,174
1673398800000,40.535,177
1673485200000,39.994,208
1673571600000,42.276,239
1673658000000,43.692,270
1673744400000,44.4,178
1673830800000,42.728,127
1673917200000,42.301,172
1674003600000,42.15,159
1674090000000,42.89,195
1674176400000,43.615,182
1674262800000,43.32,192
1674349200000,43.293,277
1674435600000,42.167,171
1674522000000,42.96,195
1674608400000,44.502,184
1674694800000,43.138,170
1674781200000,44.133,212
1674867600000,44.729,231
1674954000000,44.235,188
1675040400000,44.429,164
1675126800000,44.531,176
1675213200000,44.722,194
1675299600000,43.826,194
1675386000000,44.485,178
1675472400000,44.992,205
1675558800000,44.564,209
1675645200000,44.676,172
1675731600000,44.722,202
1675818000000,45.592,184
1675904400000,46.145,196
1675990800000,44.497,187
1676077200000,44.067,209
1676163600000,43.817,178
1676250000000,43.345,158
1676336400000,43.086,167
1676422800000,43.686,207
1676509200000,45.169,242
1676595600000,45.922,250
1676682000000,46.616,258
1676768400000,44.064,205
1676854800000,44.007,146
1676941200000,44.235,175
1677027600000,43.127,181
1677114000000,43.599,180
1677200400000,43.534,210
1677286800000,44.19,279
1677373200000,44.031,270
1677459600000,43.499,170
1677546000000,45.206,256
1677632400000,45.295,208
1677718800000,45.337,231
1677805200000,45.697,262
1677891600000,47.269,418
1677978000000,47.439,229
1678064400000,48.914,251
1678150800000,48.553,253
1678237200000,49.449,347
1678323600000,51.668,372
1678410000000,52.044,242
1678496400000,53.586,381
1678582800000,54.726,268
1678669200000,54.374,262
1678755600000,54.959,223
1678842000000,53.768,245
1678928400000,55.675,247
1679014800000,56.504,271
1679101200000,57.769,256
1679187600000,57.973,280
1679274000000,57.176,199
1679360400000,57.112,178
1679446800000,56.21,234
1679533200000,57.105,250
1679619600000,59.689,306
1679706000000,60.249,292
1679792400000,62.332,294
1679878800000,62.083,320
1679965200000,66.189,254
1680051600000,70.134,242
1680138000000,72.25,257
1680224400000,80.661,286
1680310800000,84.106,319
1680397200000,79.962,278
1680483600000,77.92,237
1680570000000,76.768,219
1680656400000,75.786,264
1680742800000,76.45,262
1680829200000,78.944,311
1680915600000,81.092,256
1681002000000,78.905,248
1681088400000,77.29,209
1681174800000,77.619,247
1681261200000,78.659,235
1681347600000,79.087,230
1681434000000,79.278,166
1681520400000,81.788,208
1681606800000,81.872,188
1681693200000,78.018,193
1681779600000,77.414,176
1681866000000,77.052,165
1681952400000,77.805,228
1682038800000,78.572,276
1682125200000,79.5,262
1682211600000,82.155,106
1682247600000,76.005,3
1682251200000,75.085,14
1682254800000,79.63,6
1682258400000,79.073,8
1682262000000,79.647,10
1682265600000,72.288,8
1682269200000,74.99,9
1682272800000,75.77,14
1682276400000,73.189,7
1682280000000,72.473,7
1682283600000,71.425,10
1682287200000,71.999,12
1682290800000,75.211,16
1682294400000,76.89,15
1682298000000,79.44,9
1682301600000,79.67,7
1682305200000,80.05,9
1682308800000,80.5,3
1682312400000,80.07,4
1682316000000,79.05,8
1682319600000,78.695,4
1682323200000,79.038,5
1682326800000,79.975,3
1682330400000,79.995,1
1682334000000,78.313,1
1682337600000,74.759,10
1682341200000,69.995,2
1682344800000,72.05,9
1682348400000,75.979,16
1682352000000,75.589,4
1682355600000,76.615,11
1682359200000,74.693,3
1682362800000,68.215,7
1682366400000,71.765,6
1682370000000,68.661,22
1682373600000,75.974,20
1682377200000,77.37,15
1682380800000,78.2,18
1682384400000,76.359,8
1682388000000,77.996,8
1682391600000,77.206,15
1682395200000,77.686,6
1682398800000,77.702,19
1682402400000,76.998,4
1682406000000,77.262,5
1682409600000,74.932,4
1682413200000,73.77,3
1682416800000,74.87,5
1682420400000,76.049,8
1682424000000,67.814,6
1682427600000,64.79,7
1682431200000,64.6,3
1682434800000,64.585,6
1682438400000,69.288,19
1682442000000,70.797,10
1682445600000,69.999,20
1682449200000,73.791,25
1682452800000,66.084,9
1682456400000,69.11,9
1682460000000,72.43,16
1682463600000,75.06,5
1682467200000,75.635,10
1682470800000,76.028,8
1682474400000,75.345,12
1682478000000,74.78,12
1682481600000,72.413,7
1682485200000,73.77,5
1682488800000,73.84,1
1682492400000,72.4,5
1682496000000,72.518,12
1682499600000,69,1
1682503200000,68.849,11
1682506800000,64.887,3
1682510400000,67.668,6
1682514000000,65.342,8
1682517600000,69.268,4
1682521200000,65.922,10
1682524800000,69.097,14
1682528400000,65.996,14
1682532000000,64.143,4
1682535600000,64.51,18
1682539200000,70.01,17
1682542800000,67.94,11
1682546400000,69.245,10
1682550000000,71.811,32
1682553600000,72.563,10
1682557200000,71.92,3
1682560800000,70.96,5
1682564400000,69.955,8
1682568000000,66.435,2
1682571600000,68.158,4
1682575200000,70.68,8
1682578800000,70.861,6
1682582400000,71.385,10
1682586000000,71.429,6
1682589600000,70.386,6
1682593200000,70.555,8
1682596800000,65.461,10
1682600400000,65.907,8
1682604000000,68.947,3
1682607600000,62.786,9
1682611200000,67.06,32
1682614800000,69.712,9
1682618400000,65.923,11
1682622000000,69.368,20
1682625600000,64.605,11
1682629200000,66.382,18
1682632800000,67.681,11
1682636400000,69.18,15
1682640000000,66.3,11
1682643600000,70.081,9
1682647200000,71.43,15
1682650800000,71.005,8
1682654400000,72.06,15
1682658000000,70.059,5
1682661600000,71.99,11
1682665200000,71.96,3
1682668800000,72.04,14
1682672400000,72.108,10
1682676000000,71.731,8
1682679600000,71.436,9
1682683200000,72.205,9
1682686800000,71.831,8
1682690400000,70.956,16
1682694000000,71.53,17
1682697600000,71.533,15
1682701200000,71.995,17
1682704800000,69.586,14
1682708400000,72.053,18
1682712000000,72.721,23
1682715600000,73.409,10
1682719200000,69.339,9
1682722800000,72.96,10
1682726400000,73.31,17
1682730000000,73.31,10
1682733600000,74.4,6
1682737200000,75.92,35
1682740800000,77.13,21
1682744400000,78.399,28
1682748000000,79,13
1682751600000,78.997,13
1682755200000,76.521,2
1682758800000,71.037,4
1682762400000,72.12,1
1682766000000,71.979,3
1682769600000,72.619,15
1682773200000,72.968,4
1682776800000,73.641,3
1682780400000,71.995,7
1682784000000,69.394,5
1682787600000,69.401,4
1682791200000,70.75,13
1682794800000,71.507,7
1682798400000,71.826,13
1682802000000,65.549,4
1682805600000,71.589,30
1682809200000,73.566,14
1682812800000,73.682,7
1682816400000,74.13,15
1682820000000,74.45,4
1682823600000,75.195,14
1682827200000,73.647,4
1682830800000,75.372,18
1682834400000,71.293,2
1682838000000,72.81,7
1682841600000,75.52,14
1682845200000,76.41,7
1682848800000,74.707,9
1682852400000,71.611,4
1682856000000,73.014,3
1682859600000,68.292,8
1682863200000,70.208,7
1682866800000,68.508,8
1682870400000,67.132,1
1682874000000,68.48,14
1682877600000,71.354,8
1682881200000,65.32,5
1682884800000,70.572,18
1682888400000,70.153,7
1682892000000,71.37,18
1682895600000,70.825,16
1682899200000,70.326,11
1682902800000,73.67,9
1682906400000,72.03,8
1682910000000,74.11,6
1682913600000,74.25,6
1682917200000,73.81,4
1682920800000,74.13,10
1682924400000,72.201,2
1682928000000,72.23,17
1682931600000,74.4,8
1682935200000,67.396,2
1682938800000,65.913,6
1682942400000,68.954,4
1682946000000,68.8,11
1682949600000,67.566,2
1682953200000,68.195,17
1682956800000,68.219,5
1682960400000,69.306,9
1682964000000,68.178,16
1682967600000,71.53,5
1682971200000,66.032,11
1682974800000,65.649,18
1682978400000,69.461,6
1682982000000,64.589,12
1682985600000,69.303,8
1682989200000,69.26,5
1682992800000,62,5
1682996400000,70,3
1683000000000,70.304,6
1683003600000,70.309,8
1683007200000,70.392,3
1683010800000,68.877,1
1683014400000,68.26,5
1683018000000,67.201,4
1683021600000,67.215,7
1683025200000,68.922,10
1683028800000,70.07,11
1683032400000,69.53,3
1683036000000,64.7,5
1683039600000,68.24,22
1683043200000,67.975,8
1683046800000,67.774,9
1683050400000,66.971,6
1683054000000,67.748,7
1683057600000,66.057,14
1683061200000,67.566,23
1683064800000,64.04,6
1683068400000,66.705,9
1683072000000,67.17,7
1683075600000,69.16,12
1683079200000,68.93,4
1683082800000,69.647,8
1683086400000,69.89,7
1683090000000,69.615,6
1683093600000,69.815,4
1683097200000,69.926,4
1683100800000,69.36,4
1683104400000,66.74,5
1683108000000,68.79,15
1683111600000,68.45,7
1683115200000,66.46,6
1683118800000,62.578,4
1683122400000,66.717,4
1683126000000,66.504,7
1683129600000,66.033,9
1683133200000,65.5,4
1683136800000,62.18,11
1683140400000,62.89,13
1683144000000,61.269,12
1683147600000,65.87,9
1683151200000,66.619,5
1683154800000,67.607,25
1683158400000,67.602,10
1683162000000,67.775,18
1683165600000,68.43,15
1683169200000,68.79,15
1683172800000,68.91,8
1683176400000,68.422,9
1683180000000,68.79,5
1683183600000,67.997,1
1683187200000,65.515,6
1683190800000,68.05,9
1683194400000,66.562,6
1683198000000,66.745,10
1683201600000,67.768,5
1683205200000,66.743,8
1683208800000,67.59,9
1683212400000,63.965,6
1683216000000,64.516,10
1683219600000,67.305,19
1683223200000,68.396,15
1683226800000,64.962,17
1683230400000,65.23,12
1683234000000,68.376,26
1683237600000,68.73,21
1683241200000,68.295,12
1683244800000,68.065,6
1683248400000,60.227,16
1683252000000,66.491,8
1683255600000,67.859,8
1683259200000,66.195,14
1683262800000,66.14,9
1683266400000,64.185,16
1683270000000,65.28,14
1683273600000,65.009,7
1683277200000,62.977,8
1683280800000,62.325,10
1683284400000,65.209,4
1683288000000,59.495,8
1683291600000,59.518,13
1683295200000,58.834,7
1683298800000,59.286,8
1683302400000,63.34,8
1683306000000,60.641,16
1683309600000,63.5,13
1683313200000,63.85,11
1683316800000,62.724,9
1683320400000,64.625,20
1683324000000,64.81,17
1683327600000,66.401,15
1683331200000,67.06,16
1683334800000,67.143,14
1683338400000,66.21,11
1683342000000,65.905,9
1683345600000,66.2,11
1683349200000,65.585,9
1683352800000,65.965,10
1683356400000,65.22,8
1683360000000,65.896,8
1683363600000,64.24,7
1683367200000,64.6,9
1683370800000,65.452,21
1683374400000,64.238,12
1683378000000,64.206,6
1683381600000,62.161,6
1683385200000,62.415,9
1683388800000,59.471,14
1683392400000,63.519,19
1683396000000,64.97,11
1683399600000,62.997,13
1683403200000,60.685,14
1683406800000,65.677,31
1683410400000,64.54,15
1683414000000,63.661,14
1683417600000,64.611,19
1683421200000,66.113,22
1683424800000,66.48,29
1683428400000,67,23
1683432000000,67.12,4
1683435600000,66.76,11
1683439200000,65.472,4
1683442800000,63.068,5
1683446400000,65.254,12
1683450000000,65.25,13
1683453600000,62.853,7
1683457200000,64.809,10
1683460800000,65.149,10
1683464400000,64.725,6
1683468000000,62.211,5
1683471600000,60.136,8
1683475200000,58.752,14
1683478800000,62.83,13
1683482400000,64.75,6
1683486000000,64.216,21
1683489600000,60.61,16
1683493200000,64.6,9
1683496800000,62.532,14
1683500400000,63.17,14
1683504000000,59.98,3
1683507600000,63.965,6
1683511200000,65,12
1683514800000,65.39,17
1683518400000,65.41,18
1683522000000,65.55,16
1683525600000,65.35,8
1683529200000,65.35,16
1683532800000,65.51,14
1683536400000,65.115,4
1683540000000,60.231,4
1683543600000,59.972,5
1683547200000,61.508,5
1683550800000,57.494,4
1683554400000,55.228,12
1683558000000,56.912,6
1683561600000,60.449,9
1683565200000,62.14,19
1683568800000,64.686,16
1683572400000,60.01,10
1683576000000,64.381,17
1683579600000,60.935,4
1683583200000,60.95,7
1683586800000,63.14,13
1683590400000,62.79,14
1683594000000,62.4,5
1683597600000,62.91,11
1683601200000,63.14,5
1683604800000,64.575,12
1683608400000,64.94,9
1683612000000,64.97,3
1683615600000,64.851,5
1683619200000,60.506,1
1683622800000,64.708,9
1683626400000,62.05,8
1683630000000,62.204,5
1683633600000,61.604,8
1683637200000,62.768,6
1683640800000,62.251,3
1683644400000,62.5,7
1683648000000,61.074,6
1683651600000,61.954,6
1683655200000,60.034,14
1683658800000,60.65,12
1683662400000,60.696,15
1683666000000,61.615,16
1683669600000,62.878,12
1683673200000,60.69,8
1683676800000,61.83,7
1683680400000,61.432,4
1683684000000,60.045,4
1683687600000,63.053,22
1683691200000,64.067,13
1683694800000,64.06,8
1683698400000,64.208,16
1683702000000,64.805,20
1683705600000,65.26,15
1683709200000,65.64,7
1683712800000,58.493,4
1683716400000,61.739,4
1683720000000,60.451,9
1683723600000,59.675,14
1683727200000,59.775,9
1683730800000,55.474,6
1683734400000,56.63,9
1683738000000,57.788,9
1683741600000,57.461,9
1683745200000,56.255,10
1683748800000,60.214,13
1683752400000,59.392,8
1683756000000,60.49,13
1683759600000,60,19
1683763200000,64.3,17
1683766800000,65.44,12
1683770400000,65.49,13
1683774000000,65.87,9
1683777600000,65.899,14
1683781200000,65.289,4
1683784800000,66.33,17
1683788400000,65.74,5
1683792000000,65.202,3
1683795600000,64.682,2
1683799200000,64.243,10
1683802800000,64.34,3
1683806400000,56.564,1
1683810000000,64.35,14
1683813600000,64.845,8
1683817200000,64.37,3
1683820800000,63.744,8
1683824400000,64.505,8
1683828000000,57.413,7
1683831600000,64.264,19
1683835200000,65.62,19
1683838800000,64.022,8
1683842400000,64.645,8
1683846000000,61.23,9
1683849600000,63.827,8
1683853200000,65.851,8
1683856800000,65.47,7
1683860400000,65.46,9
1683864000000,65.366,10
1683867600000,64.34,7
1683871200000,63.118,6
1683874800000,64.74,5
1683878400000,62.584,2
1683882000000,64.336,14
1683885600000,64.631,7
1683889200000,61.988,8
1683892800000,62.927,4
1683896400000,64.523,6
1683900000000,64.77,11
1683903600000,58.46,5
1683907200000,62.74,14
1683910800000,62.28,8
1683914400000,62.85,23
1683918000000,63.827,13
1683921600000,62.211,13
1683925200000,63.724,20
1683928800000,64.215,10
1683932400000,64.7,15
1683936000000,64.939,22
1683939600000,65.23,16
1683943200000,65.325,16
1683946800000,66.21,16
1683950400000,66.582,10
1683954000000,66.812,14
1683957600000,66.652,11
1683961200000,66.93,8
1683964800000,64.689,13
1683968400000,60.438,2
1683972000000,63.759,4
1683975600000,60.33,1
1683979200000,60.541,8
1683982800000,59.295,12
1683986400000,60.692,5
1683990000000,60.692,5
1683993600000,60.208,5
1683997200000,60.14,9
1684000800000,57.87,9
1684004400000,60.501,12
1684008000000,61.763,10
1684011600000,61.8,11
1684015200000,60.946,12
1684018800000,62.52,7
1684022400000,63.34,11
1684026000000,64.05,9
1684029600000,64.406,12
1684033200000,64.564,15
1684036800000,65.179,14
1684040400000,64.67,8
1684044000000,63.79,8
1684047600000,63.547,13
1684051200000,64,7
1684054800000,55.912,1
1684058400000,63.737,12
1684062000000,63.628,6
1684065600000,64.289,14
1684069200000,62.209,7
1684072800000,60.779,2
1684076400000,61.892,9
1684080000000,62.65,8
1684083600000,58.729,15
1684087200000,58.855,6
1684090800000,63.08,28
1684094400000,64.39,22
1684098000000,64.778,13
1684101600000,59.786,8
1684105200000,64.669,6
1684108800000,64.764,8
1684112400000,64.867,10
1684116000000,62.815,2
1684119600000,64.63,11
1684123200000,64.615,12
1684126800000,64.64,11
1684130400000,64.933,21
1684134000000,64.757,3
1684137600000,61.807,1
1684141200000,61.418,2
1684144800000,58.843,5
1684148400000,61.354,5
1684152000000,61.322,6
1684155600000,61.785,7
1684159200000,61.037,8
1684162800000,63.242,15
1684166400000,60.14,11
1684170000000,59.936,10
1684173600000,60.932,10
1684177200000,61.786,14
1684180800000,61.078,13
1684184400000,60.039,17
1684188000000,61.992,11
1684191600000,62.955,16
1684195200000,58.51,7
1684198800000,63.44,9
1684202400000,63.41,11
1684206000000,63.4,14
1684209600000,63.43,16
1684213200000,63.729,11
1684216800000,63.655,8
1684220400000,63.38,5
1684224000000,63.23,4
1684227600000,59.733,4
1684234800000,60.34,5
1684238400000,62.062,7
1684242000000,57.629,4
1684245600000,54.599,8
1684249200000,57.918,12
1684252800000,57.815,7
1684256400000,56.265,9
1684260000000,54.636,9
1684263600000,59.126,24
1684267200000,59.022,14
1684270800000,58.18,12
1684274400000,59.506,21
1684278000000,62.211,13
1684281600000,62.091,12
1684285200000,62.311,4
1684288800000,62.5,8
1684292400000,62.507,6
1684296000000,62.64,19
1684299600000,59.375,6
1684303200000,58.119,2
1684306800000,59.51,2
1684310400000,60.141,4
1684314000000,60.513,3
1684317600000,60.11,3
1684321200000,56.533,2
1684324800000,54.05,13
1684328400000,59.884,13
1684332000000,60.718,5
1684335600000,59.621,7
1684339200000,58.184,2
1684342800000,58.702,12
1684346400000,58.408,7
1684350000000,58.418,20
1684353600000,58.028,5
1684357200000,55.796,11
1684360800000,55.17,11
1684364400000,58.967,18
1684368000000,59.905,6
1684371600000,60.045,8
1684375200000,60.65,14
1684378800000,60.903,10
1684382400000,61.53,13
1684386000000,60.725,18
1684389600000,61.941,10
1684393200000,58.167,6
1684396800000,60.006,6
1684400400000,61.374,15
1684404000000,60.703,7
1684407600000,60.79,7
1684411200000,61.038,10
1684414800000,61.514,17
1684418400000,59.21,4
1684422000000,55.088,6
1684425600000,55.966,8
1684429200000,56.201,10
1684432800000,57.65,13
1684436400000,58.4,16
1684440000000,58.408,17
1684443600000,58.351,12
1684447200000,57.465,14
1684450800000,60.378,27
1684454400000,61.5,9
1684458000000,61.32,14
1684461600000,61.578,17
1684465200000,61.599,14
1684468800000,61.53,7
1684472400000,60.001,5
1684476000000,61.646,6
1684479600000,60.195,3
1684483200000,60.389,9
1684486800000,60.044,12
1684490400000,58.674,2
1684494000000,58.002,5
1684497600000,58.409,6
1684501200000,57.519,9
1684504800000,58.903,12
1684508400000,59.084,7
1684512000000,55.156,24
1684515600000,56.309,7
1684519200000,56.458,20
1684522800000,54.409,11
1684526400000,54.592,14
1684530000000,55.233,11
1684533600000,56.98,11
1684537200000,59.777,10
1684540800000,60.39,11
1684544400000,60.014,6
1684548000000,59.987,5
1684551600000,60.97,14
1684555200000,61,23
1684558800000,61.66,29
1684562400000,62.01,15
1684566000000,62.211,11
1684569600000,62.032,9
1684573200000,59.862,5
1684576800000,56.235,2
1684580400000,55.028,7
1684584000000,56.277,5
1684587600000,57.44,6
1684591200000,55.838,9
1684594800000,58.397,12
1684598400000,56.527,10
1684602000000,57.76,14
1684605600000,58.695,10
1684609200000,61.24,25
1684612800000,61.761,19
1684616400000,61.94,13
1684620000000,61.863,11
1684623600000,60.678,11
1684627200000,57.756,6
1684630800000,62.074,17
1684634400000,62.535,15
1684638000000,63.02,17
1684641600000,63.18,17
1684645200000,61.98,9
1684648800000,63.39,13
1684652400000,63.653,8
1684656000000,62.705,8
1684659600000,62.581,17
1684663200000,63.412,4
1684666800000,62.74,13
1684670400000,63.254,12
1684674000000,63.152,5
1684677600000,55.833,5
1684681200000,56.107,8
1684684800000,61.54,11
1684688400000,61.289,15
1684692000000,61.229,7
1684695600000,61.35,14
1684699200000,62.206,16
1684702800000,62.161,16
1684706400000,62.38,11
1684710000000,59.25,11
1684713600000,62.51,7
1684717200000,62.678,21
1684720800000,62.97,15
1684724400000,63.228,19
1684728000000,63.5,11
1684731600000,63.51,11
1684735200000,61.591,7
1684738800000,58.409,7
1684742400000,58.39,5
1684746000000,60.851,9
1684749600000,55.207,2
1684753200000,57.121,10
1684756800000,56.42,6
1684760400000,58.638,9
1684764000000,57.206,4
1684767600000,58.632,5
1684771200000,58.281,5
1684774800000,58.684,8
1684778400000,59.37,13
1684782000000,60.39,13
1684785600000,60.23,12
1684789200000,60.799,24
1684792800000,61.218,26
1684796400000,62.794,39
1684800000000,63.064,19
1684803600000,63.435,8
1684807200000,63.275,10
1684810800000,62.975,10
1684814400000,63.075,11
1684818000000,63.435,12
1684821600000,60.95,5
1684825200000,63.208,4
1684828800000,63.16,5
1684832400000,55.538,3
