timestamp,price_dollar,sells
1392944400000,6.793,24633
1393030800000,4.535,23002
1393117200000,4.728,15030
1393203600000,5.088,9626
1393290000000,5.72,7735
1393376400000,5.73,6394
1393462800000,6.027,5712
1393549200000,4.609,16631
1393635600000,2.939,23021
1393722000000,2.924,19091
1393808400000,2.998,14288
1393894800000,3.356,11448
1393981200000,3.193,9745
1394067600000,3.466,9786
1394154000000,3.159,14414
1394240400000,2.269,19693
1394326800000,1.951,20630
1394413200000,2.142,16623
1394499600000,2.317,13511
1394586000000,2.439,12070
1394672400000,2.572,8442
1394758800000,2.592,12853
1394845200000,1.88,22674
1394931600000,1.553,23995
1395018000000,1.536,21086
1395104400000,1.783,17247
1395190800000,1.803,16872
1395277200000,1.893,15383
1395363600000,1.915,15678
1395450000000,1.756,19250
1395536400000,1.539,19664
1395622800000,1.488,18824
1395709200000,1.6,17059
1395795600000,1.658,17468
1395882000000,1.741,16634
1395968400000,1.728,17106
1396054800000,1.651,19542
1396141200000,1.541,20432
1396227600000,1.515,19506
1396314000000,1.665,15409
1396400400000,1.465,18325
1396486800000,1.428,19349
1396573200000,1.418,22703
1396659600000,1.372,23493
1396746000000,1.303,23603
1396832400000,1.308,21409
1396918800000,1.324,19743
1397005200000,1.311,19809
1397091600000,1.299,20293
1397178000000,1.354,24250
1397264400000,1.338,23917
1397350800000,1.273,23192
1397437200000,1.248,24178
1397523600000,1.287,24713
1397610000000,1.301,23981
1397696400000,1.302,24297
1397782800000,1.32,23994
1397869200000,1.304,24353
1397955600000,1.288,26116
1398042000000,1.272,24515
1398128400000,1.272,24463
1398214800000,1.272,23621
1398301200000,1.285,24609
1398387600000,1.379,27268
1398474000000,1.341,26182
1398560400000,1.294,26085
1398646800000,1.281,24595
1398733200000,1.28,25646
1398819600000,1.365,30105
1398906000000,1.399,26924
1398992400000,1.106,31834
1399078800000,1.005,30089
1399165200000,0.92,30870
1399251600000,0.885,29223
1399338000000,0.869,26105
1399424400000,0.85,24382
1399510800000,0.836,26998
1399597200000,0.839,32203
1399683600000,0.782,29279
1399770000000,0.641,28559
1399856400000,0.573,24289
1399942800000,0.547,25145
1400029200000,0.546,27455
1400115600000,0.568,28466
1400202000000,0.564,28585
1400288400000,0.523,28953
1400374800000,0.472,28367
1400461200000,0.445,25468
1400547600000,0.443,27540
1400634000000,0.437,29683
1400720400000,0.436,30297
1400806800000,0.502,43200
1400893200000,0.549,35418
1400979600000,0.501,33360
1401066000000,0.472,31758
1401152400000,0.452,32373
1401238800000,0.479,38310
1401325200000,0.517,38541
1401411600000,0.577,36704
1401498000000,0.546,31259
1401584400000,0.503,33955
1401670800000,0.519,41025
1401757200000,0.606,41593
1401843600000,0.63,34508
1401930000000,0.564,28023
1402016400000,0.509,30460
1402102800000,0.472,33604
1402189200000,0.425,32842
1402275600000,0.397,30483
1402362000000,0.382,32133
1402448400000,0.372,32098
1402534800000,0.521,63752
1402621200000,0.521,36364
1402707600000,0.488,36105
1402794000000,0.431,33767
1402880400000,0.413,35978
1402966800000,0.41,32341
1403053200000,0.396,34195
1403139600000,0.367,37629
1403226000000,0.307,37585
1403312400000,0.281,37259
1403398800000,0.257,37110
1403485200000,0.243,36399
1403571600000,0.238,37174
1403658000000,0.253,43173
1403744400000,0.264,39653
1403830800000,0.28,43285
1403917200000,0.283,41914
1404003600000,0.28,45539
1404090000000,0.292,48832
1404176400000,0.359,49953
1404262800000,0.237,60334
1404349200000,0.22,47458
1404435600000,0.25,41768
1404522000000,0.257,43366
1404608400000,0.259,42884
1404694800000,0.255,43289
1404781200000,0.252,40457
1404867600000,0.255,42873
1404954000000,0.244,40605
1405040400000,0.223,44525
1405126800000,0.22,39987
1405213200000,0.215,38199
1405299600000,0.214,41246
1405386000000,0.216,40987
1405472400000,0.224,40654
1405558800000,0.238,35422
1405645200000,0.254,33442
1405731600000,0.269,33424
1405818000000,0.262,32214
1405904400000,0.249,30726
1405990800000,0.235,32062
1406077200000,0.228,35711
1406163600000,0.229,37662
1406250000000,0.25,46397
1406336400000,0.282,48654
1406422800000,0.326,47186
1406509200000,0.404,46885
1406595600000,0.393,39059
1406682000000,0.368,33531
1406768400000,0.346,37588
1406854800000,0.387,45701
1406941200000,0.419,40432
1407027600000,0.409,38195
1407114000000,0.397,40202
1407200400000,0.352,44226
1407286800000,0.341,41880
1407373200000,0.354,43014
1407459600000,0.364,42929
1407546000000,0.381,40822
1407632400000,0.371,37060
1407718800000,0.362,40298
1407805200000,0.367,40911
1407891600000,0.371,40409
1407978000000,0.352,42073
1408064400000,0.367,50387
1408150800000,0.383,47429
1408237200000,0.282,58490
1408323600000,0.297,46263
1408410000000,0.355,46753
1408496400000,0.367,46294
1408582800000,0.378,48257
1408669200000,0.404,51080
1408755600000,0.446,53036
1408842000000,0.468,48009
1408928400000,0.501,54571
1409014800000,0.542,46873
1409101200000,0.549,43804
1409187600000,0.556,43801
1409274000000,0.604,52705
1409360400000,0.682,48938
1409446800000,0.651,43421
1409533200000,0.627,44033
1409619600000,0.656,43175
1409706000000,0.654,37761
1409792400000,0.592,30900
1409878800000,0.539,37523
1409965200000,0.517,46296
1410051600000,0.5,42518
1410138000000,0.497,37131
1410224400000,0.497,35882
1410310800000,0.507,36945
1410397200000,0.498,43433
1410483600000,0.498,45636
1410570000000,0.474,50531
1410656400000,0.441,45370
1410742800000,0.445,39731
1410829200000,0.418,37102
1410915600000,0.419,38445
1411002000000,0.424,38092
1411088400000,0.433,42485
1411174800000,0.404,45950
1411261200000,0.368,39983
1411347600000,0.359,37277
1411434000000,0.36,36753
1411520400000,0.369,36589
1411606800000,0.388,41140
1411693200000,0.397,42421
1411779600000,0.381,44994
1411866000000,0.366,47249
1411952400000,0.389,42495
1412038800000,0.409,43029
1412125200000,0.423,41243
1412211600000,0.404,40356
1412298000000,0.387,45548
1412384400000,0.367,49649
1412470800000,0.341,47803
1412557200000,0.345,44449
1412643600000,0.354,40274
1412730000000,0.358,40695
1412816400000,0.358,41553
1412902800000,0.377,49087
1412989200000,0.364,51425
1413075600000,0.34,50542
1413162000000,0.338,45081
1413248400000,0.337,42572
1413334800000,0.348,44177
1413421200000,0.347,41548
1413507600000,0.348,48757
1413594000000,0.34,54335
1413680400000,0.309,46754
1413766800000,0.293,40884
1413853200000,0.292,40059
1413939600000,0.29,39997
1414026000000,0.282,43893
1414112400000,0.307,53374
1414198800000,0.297,53623
1414285200000,0.268,55572
1414371600000,0.263,45194
1414458000000,0.268,46757
1414544400000,0.287,46589
1414630800000,0.281,46838
1414717200000,0.302,62544
1414803600000,0.302,57499
1414890000000,0.271,55383
1414976400000,0.256,45468
1415062800000,0.27,44847
1415149200000,0.283,43570
1415235600000,0.271,43129
1415322000000,0.279,51857
1415408400000,0.274,55407
1415494800000,0.245,49510
1415581200000,0.238,44200
1415667600000,0.238,42991
1415754000000,0.191,62005
1415840400000,0.167,42465
1415926800000,0.172,46442
1416013200000,0.162,50438
1416099600000,0.137,44329
1416186000000,0.137,40714
1416272400000,0.156,37359
1416358800000,0.145,31622
1416445200000,0.135,35832
1416531600000,0.126,36908
1416618000000,0.115,42136
1416704400000,0.108,37390
1416790800000,0.111,34400
1416877200000,0.124,36748
1416963600000,0.129,40369
1417050000000,0.129,47594
1417136400000,0.145,52360
1417222800000,0.142,46651
1417309200000,0.121,56080
1417395600000,0.129,46457
1417482000000,0.136,44495
1417568400000,0.145,42693
1417654800000,0.157,42094
1417741200000,0.166,50942
1417827600000,0.182,61083
1417914000000,0.175,55265
1418000400000,0.18,48521
1418086800000,0.191,45844
1418173200000,0.187,48945
1418259600000,0.176,50398
1418346000000,0.173,55869
1418432400000,0.17,65494
1418518800000,0.156,58775
1418605200000,0.163,52672
1418691600000,0.17,52977
1418778000000,0.165,56209
1418864400000,0.174,56898
1418950800000,0.184,65062
1419037200000,0.182,62286
1419123600000,0.172,65011
1419210000000,0.177,64525
1419296400000,0.197,77724
1419382800000,0.251,88466
1419469200000,0.327,95972
1419555600000,0.325,85821
1419642000000,0.319,88662
1419728400000,0.289,78249
1419814800000,0.286,82026
1419901200000,0.307,94515
1419987600000,0.344,83875
1420074000000,0.358,73947
1420160400000,0.347,94126
1420246800000,0.358,88150
1420333200000,0.36,85547
1420419600000,0.354,79188
1420506000000,0.352,74167
1420592400000,0.349,68615
1420678800000,0.345,77242
1420765200000,0.34,99678
1420851600000,0.317,96800
1420938000000,0.276,94196
1421024400000,0.268,80878
1421110800000,0.284,81165
1421197200000,0.287,76443
1421283600000,0.285,74867
1421370000000,0.278,81916
1421456400000,0.255,88392
1421542800000,0.223,84929
1421629200000,0.218,75434
1421715600000,0.213,72037
1421802000000,0.22,70311
1421888400000,0.216,71483
1421974800000,0.22,86354
1422061200000,0.221,86243
1422147600000,0.202,89436
1422234000000,0.196,77029
1422320400000,0.194,74671
1422406800000,0.192,73079
1422493200000,0.19,78911
1422579600000,0.192,93846
1422666000000,0.188,104208
1422752400000,0.174,97283
1422838800000,0.168,82781
1422925200000,0.172,79351
1423011600000,0.173,76625
1423098000000,0.178,76869
1423184400000,0.177,85295
1423270800000,0.174,95224
1423357200000,0.165,93806
1423443600000,0.155,72690
1423530000000,0.15,67668
1423616400000,0.151,72879
1423702800000,0.151,75464
1423789200000,0.151,85279
1423875600000,0.149,94530
1423962000000,0.139,92107
1424048400000,0.135,80649
1424134800000,0.133,74638
1424221200000,0.134,76425
1424307600000,0.138,74721
1424394000000,0.143,86856
1424480400000,0.141,90673
1424566800000,0.134,88670
1424653200000,0.127,73609
1424739600000,0.129,71721
1424826000000,0.134,76065
1424912400000,0.143,79860
1424998800000,0.15,101890
1425085200000,0.149,101564
1425171600000,0.135,94422
1425258000000,0.14,77760
1425344400000,0.143,76577
1425430800000,0.142,77261
1425517200000,0.138,77263
1425603600000,0.137,88857
1425690000000,0.133,99123
1425776400000,0.124,89328
1425862800000,0.12,73708
1425949200000,0.122,69290
1426035600000,0.117,63797
1426122000000,0.111,67810
1426208400000,0.11,83610
1426294800000,0.105,96271
1426381200000,0.092,106203
1426467600000,0.092,82006
1426554000000,0.108,77997
1426640400000,0.108,68548
1426726800000,0.109,68688
1426813200000,0.111,83618
1426899600000,0.11,95824
1426986000000,0.103,88369
1427072400000,0.099,75890
1427158800000,0.1,80813
1427245200000,0.107,82205
1427331600000,0.107,82763
1427418000000,0.108,90252
1427504400000,0.104,101633
1427590800000,0.101,97030
1427677200000,0.1,84437
1427763600000,0.107,92755
1427850000000,0.111,111092
1427936400000,0.116,103616
1428022800000,0.114,102894
1428109200000,0.113,108894
1428195600000,0.111,103374
1428282000000,0.112,98914
1428368400000,0.112,99961
1428454800000,0.118,95876
1428541200000,0.116,90672
1428627600000,0.115,92940
1428714000000,0.112,110279
1428800400000,0.109,103257
1428886800000,0.108,84670
1428973200000,0.1,77027
1429059600000,0.097,72842
1429146000000,0.084,95707
1429232400000,0.076,91856
1429318800000,0.07,111427
1429405200000,0.063,98960
1429491600000,0.067,94680
1429578000000,0.064,83727
1429664400000,0.065,77449
1429750800000,0.065,82643
1429837200000,0.066,100968
1429923600000,0.066,109999
1430010000000,0.063,99145
1430096400000,0.063,88368
1430182800000,0.065,88374
1430269200000,0.065,86827
1430355600000,0.067,100100
1430442000000,0.064,106167
1430528400000,0.066,118511
1430614800000,0.059,105243
1430701200000,0.054,95306
1430787600000,0.058,88744
1430874000000,0.059,89749
1430960400000,0.059,84022
1431046800000,0.056,109522
1431133200000,0.055,119313
1431219600000,0.055,110209
1431306000000,0.055,94948
1431392400000,0.057,92035
1431478800000,0.058,93416
1431565200000,0.055,95532
1431651600000,0.059,102046
1431738000000,0.058,112879
1431824400000,0.053,108025
1431910800000,0.054,90489
1431997200000,0.058,99496
1432083600000,0.057,93308
1432170000000,0.058,89775
1432256400000,0.061,96289
1432342800000,0.055,108996
1432429200000,0.052,106681
1432515600000,0.056,99109
1432602000000,0.055,99383
1432688400000,0.044,133321
1432774800000,0.046,114816
1432861200000,0.049,109335
1432947600000,0.053,115400
1433034000000,0.051,108044
1433120400000,0.053,105111
1433206800000,0.055,101900
1433293200000,0.052,101338
1433379600000,0.047,100963
1433466000000,0.042,99262
1433552400000,0.043,100864
1433638800000,0.043,105983
1433725200000,0.04,103132
1433811600000,0.042,95469
1433898000000,0.04,109881
1433984400000,0.042,93817
1434070800000,0.038,113379
1434157200000,0.04,107729
1434243600000,0.034,113113
1434330000000,0.035,103435
1434416400000,0.037,86664
1434502800000,0.034,89703
1434589200000,0.033,86026
1434675600000,0.033,93596
1434762000000,0.032,92172
1434848400000,0.03,90988
1434934800000,0.032,85660
1435021200000,0.03,92512
1435107600000,0.03,100369
1435194000000,0.03,90846
1435280400000,0.03,112419
1435366800000,0.03,111481
1435453200000,0.03,107296
1435539600000,0.03,109221
1435626000000,0.03,107803
1435712400000,0.03,107015
1435798800000,0.03,113604
1435885200000,0.032,107667
1435971600000,0.033,97507
1436058000000,0.032,99776
1436144400000,0.034,97484
1436230800000,0.031,93135
1436317200000,0.032,83529
1436403600000,0.034,95578
1436490000000,0.032,90627
1436576400000,0.03,93820
1436662800000,0.032,96906
1436749200000,0.03,104025
1436835600000,0.031,91347
1436922000000,0.03,95622
1437008400000,0.03,89504
1437094800000,0.03,107502
1437181200000,0.03,92966
1437267600000,0.03,96515
1437354000000,0.03,91516
1437440400000,0.03,96435
1437526800000,0.03,96552
1437613200000,0.03,84010
1437699600000,0.03,90148
1437786000000,0.032,80820
1437872400000,0.03,76507
1437958800000,0.03,93493
1438045200000,0.03,91324
1438131600000,0.03,80826
1438218000000,0.03,85858
1438304400000,0.03,88579
1438390800000,0.03,81444
1438477200000,0.03,79013
1438563600000,0.03,78644
1438650000000,0.03,79609
1438736400000,0.03,79540
1438822800000,0.03,77993
1438909200000,0.03,78159
1438995600000,0.03,75908
1439082000000,0.03,82590
1439168400000,0.03,74685
1439254800000,0.03,76580
1439341200000,0.03,75459
1439427600000,0.03,78014
1439514000000,0.03,79454
1439600400000,0.03,75040
1439686800000,0.03,78329
1439773200000,0.03,65432
1439859600000,0.03,63544
1439946000000,0.03,71288
1440032400000,0.03,71864
1440118800000,0.03,78578
1440205200000,0.03,66228
1440291600000,0.03,72343
1440378000000,0.03,78533
1440464400000,0.03,75044
1440550800000,0.03,73159
1440637200000,0.03,75828
1440723600000,0.03,78162
1440810000000,0.03,82745
1440896400000,0.03,85798
1440982800000,0.03,89024
1441069200000,0.03,100417
1441155600000,0.03,91020
1441242000000,0.03,77174
1441328400000,0.03,83541
1441414800000,0.03,107059
1441501200000,0.03,89843
1441587600000,0.03,80162
1441674000000,0.03,82188
1441760400000,0.03,70265
1441846800000,0.03,91817
1441933200000,0.03,101556
1442019600000,0.03,104458
1442106000000,0.03,96021
1442192400000,0.03,78604
1442278800000,0.03,77736
1442365200000,0.03,114372
1442451600000,0.03,86269
1442538000000,0.03,148418
1442624400000,0.03,167077
1442710800000,0.03,240652
1442797200000,0.03,225579
1442883600000,0.03,236532
1442970000000,0.038,289133
1443056400000,0.041,209695
1443142800000,0.039,162992
1443229200000,0.035,162908
1443315600000,0.03,144956
1443402000000,0.03,132966
1443488400000,0.03,115961
1443574800000,0.03,120342
1443661200000,0.03,126598
1443747600000,0.03,113111
1443834000000,0.03,107169
1443920400000,0.03,90347
1444006800000,0.03,83924
1444093200000,0.034,226379
1444179600000,0.047,216371
1444266000000,0.05,204628
1444352400000,0.055,219961
1444438800000,0.056,190532
1444525200000,0.055,214094
1444611600000,0.063,228913
1444698000000,0.076,292182
1444784400000,0.084,279930
1444870800000,0.087,239330
1444957200000,0.076,185785
1445043600000,0.064,183118
1445130000000,0.054,159462
1445216400000,0.058,137723
1445302800000,0.055,126894
1445389200000,0.048,142264
1445475600000,0.05,106903
1445562000000,0.043,137515
1445648400000,0.041,138892
1445734800000,0.036,138426
1445821200000,0.038,114789
1445907600000,0.038,106189
1445994000000,0.036,124667
1446080400000,0.033,105928
1446166800000,0.031,128875
1446253200000,0.031,137688
1446339600000,0.03,165980
1446426000000,0.03,132371
1446512400000,0.03,109899
1446598800000,0.03,110469
1446685200000,0.031,110151
1446771600000,0.03,105689
1446858000000,0.03,114474
1446944400000,0.03,115485
1447030800000,0.03,96219
1447117200000,0.03,89841
1447203600000,0.03,86768
1447290000000,0.03,88634
1447376400000,0.03,99776
1447462800000,0.03,119178
1447549200000,0.03,113365
1447635600000,0.035,348543
1447722000000,0.052,214548
1447808400000,0.049,172810
1447894800000,0.046,146932
1447981200000,0.049,156471
1448067600000,0.05,169958
1448154000000,0.045,170298
1448240400000,0.041,145180
1448326800000,0.044,144889
1448413200000,0.044,137128
1448499600000,0.038,172614
1448586000000,0.034,183140
1448672400000,0.033,196245
1448758800000,0.031,156973
1448845200000,0.035,138819
1448931600000,0.033,139336
1449018000000,0.034,142110
1449104400000,0.034,146494
1449190800000,0.035,151274
1449277200000,0.033,166214
1449363600000,0.033,162404
1449450000000,0.034,139339
1449536400000,0.034,135426
1449622800000,0.051,598054
1449709200000,0.068,240470
1449795600000,0.066,172025
1449882000000,0.063,167054
1449968400000,0.057,141287
1450054800000,0.062,129755
1450141200000,0.068,130750
1450227600000,0.067,106375
1450314000000,0.066,85014
1450400400000,0.062,78032
1450486800000,0.062,87762
1450573200000,0.06,84524
1450659600000,0.06,70209
1450746000000,0.059,80651
1450832400000,0.05,104284
1450918800000,0.051,90550
1451005200000,0.055,98179
1451091600000,0.056,99189
1451178000000,0.056,98216
1451264400000,0.055,95027
1451350800000,0.054,88307
1451437200000,0.054,87947
1451523600000,0.055,90563
1451610000000,0.052,86273
1451696400000,0.053,101316
1451782800000,0.05,95850
1451869200000,0.05,85842
1451955600000,0.055,66296
1452042000000,0.058,70785
1452128400000,0.059,69609
1452214800000,0.06,74293
1452301200000,0.063,97325
1452387600000,0.064,70515
1452474000000,0.066,77568
1452560400000,0.07,71307
1452646800000,0.071,70596
1452733200000,0.071,72890
1452819600000,0.071,72385
1452906000000,0.07,80018
1452992400000,0.063,65658
1453078800000,0.065,57959
1453165200000,0.068,58101
1453251600000,0.066,52344
1453338000000,0.065,47788
1453424400000,0.066,59224
1453510800000,0.065,60031
1453597200000,0.063,65598
1453683600000,0.062,60831
1453770000000,0.063,51086
1453856400000,0.064,57995
1453942800000,0.059,55383
1454029200000,0.063,57671
1454115600000,0.063,60628
1454202000000,0.06,57424
1454288400000,0.06,52605
1454374800000,0.062,50839
1454461200000,0.062,49583
1454547600000,0.06,44808
1454634000000,0.06,52819
1454720400000,0.052,66201
1454806800000,0.05,52894
1454893200000,0.053,47153
1454979600000,0.05,47853
1455066000000,0.053,48340
1455152400000,0.054,47740
1455238800000,0.051,53574
1455325200000,0.056,52434
1455411600000,0.055,50666
1455498000000,0.057,52336
1455584400000,0.06,43352
1455670800000,0.063,42434
1455757200000,0.053,91873
1455843600000,0.058,60057
1455930000000,0.058,61148
1456016400000,0.056,54530
1456102800000,0.056,51408
1456189200000,0.057,46937
1456275600000,0.057,53830
1456362000000,0.056,52690
1456448400000,0.06,52493
1456534800000,0.06,52370
1456621200000,0.058,39481
1456707600000,0.062,55661
1456794000000,0.062,44272
1456880400000,0.063,38992
1456966800000,0.063,44952
1457053200000,0.061,43822
1457139600000,0.057,48604
1457226000000,0.055,47399
1457312400000,0.056,40199
1457398800000,0.056,33862
1457485200000,0.058,32727
1457571600000,0.065,28658
1457658000000,0.069,32685
1457744400000,0.071,39635
1457830800000,0.073,39170
1457917200000,0.071,36193
1458003600000,0.076,38234
1458090000000,0.076,36956
1458176400000,0.078,32632
1458262800000,0.077,33051
1458349200000,0.078,31907
1458435600000,0.078,30443
1458522000000,0.08,33409
1458608400000,0.083,50624
1458694800000,0.088,52494
1458781200000,0.089,59904
1458867600000,0.095,60801
1458954000000,0.094,55056
1459040400000,0.099,48334
1459126800000,0.097,49304
1459213200000,0.096,54655
1459299600000,0.101,56014
1459386000000,0.115,132630
1459472400000,0.15,115729
1459558800000,0.134,57843
1459645200000,0.11,67451
1459731600000,0.131,46083
1459818000000,0.139,39402
1459904400000,0.152,50352
1459990800000,0.16,46051
1460077200000,0.159,44343
1460163600000,0.153,44080
1460250000000,0.142,37236
1460336400000,0.133,30022
1460422800000,0.141,30085
1460509200000,0.132,29955
1460595600000,0.132,30956
1460682000000,0.132,28118
1460768400000,0.13,30427
1460854800000,0.119,30645
1460941200000,0.115,29008
1461027600000,0.117,25484
1461114000000,0.113,25800
1461200400000,0.117,25029
1461286800000,0.118,25833
1461373200000,0.115,26839
1461459600000,0.111,28021
1461546000000,0.111,26742
1461632400000,0.111,27104
1461718800000,0.114,27535
1461805200000,0.116,34362
1461891600000,0.122,33076
1461978000000,0.121,37051
1462064400000,0.115,31529
1462150800000,0.113,32060
1462237200000,0.113,28212
1462323600000,0.112,29107
1462410000000,0.112,27211
1462496400000,0.113,28874
1462582800000,0.111,29339
1462669200000,0.108,30979
1462755600000,0.106,23732
1462842000000,0.111,22031
1462928400000,0.109,24533
1463014800000,0.108,24600
1463101200000,0.109,24815
1463187600000,0.106,26765
1463274000000,0.104,24984
1463360400000,0.102,22535
1463446800000,0.098,24929
1463533200000,0.104,27933
1463619600000,0.101,19989
1463706000000,0.1,22524
1463792400000,0.096,26013
1463878800000,0.094,22051
1463965200000,0.097,18374
1464051600000,0.093,15993
1464138000000,0.095,19399
1464224400000,0.091,17139
1464310800000,0.091,19297
1464397200000,0.096,20606
1464483600000,0.089,18086
1464570000000,0.087,17282
1464656400000,0.09,15657
1464742800000,0.092,21466
1464829200000,0.092,21475
1464915600000,0.093,20744
1465002000000,0.091,21058
1465088400000,0.088,19859
1465174800000,0.088,17560
1465261200000,0.085,16792
1465347600000,0.088,18542
1465434000000,0.088,17933
1465520400000,0.085,19412
1465606800000,0.089,18591
1465693200000,0.085,18192
1465779600000,0.081,16457
1465866000000,0.086,17001
1465952400000,0.079,16549
1466038800000,0.08,21762
1466125200000,0.081,19439
1466211600000,0.084,21684
1466298000000,0.079,17922
1466384400000,0.08,17672
1466470800000,0.079,16758
1466557200000,0.08,19063
1466643600000,0.077,17386
1466730000000,0.073,24039
1466816400000,0.07,21035
1466902800000,0.07,24880
1466989200000,0.071,22270
1467075600000,0.071,23798
1467162000000,0.071,19289
1467248400000,0.071,27034
1467334800000,0.069,22473
1467421200000,0.07,19099
1467507600000,0.068,23556
1467594000000,0.067,29103
1467680400000,0.072,18842
1467766800000,0.071,16802
1467853200000,0.071,15642
1467939600000,0.073,16190
1468026000000,0.076,18426
1468112400000,0.067,22682
1468198800000,0.072,16250
1468285200000,0.072,14189
1468371600000,0.079,15814
1468458000000,0.074,19868
1468544400000,0.082,15945
1468630800000,0.087,15725
1468717200000,0.085,16305
1468803600000,0.078,13555
1468890000000,0.082,14677
1468976400000,0.084,15064
1469062800000,0.086,16513
1469149200000,0.082,13098
1469235600000,0.078,13023
1469322000000,0.075,12348
1469408400000,0.075,12232
1469494800000,0.072,11626
1469581200000,0.073,12639
1469667600000,0.074,14555
1469754000000,0.07,13243
1469840400000,0.069,17388
1469926800000,0.075,11674
1470013200000,0.072,13492
1470099600000,0.074,10523
1470186000000,0.068,10459
1470272400000,0.068,10528
1470358800000,0.068,12122
1470445200000,0.066,11293
1470531600000,0.063,9429
1470618000000,0.063,8908
1470704400000,0.064,11955
1470790800000,0.063,8904
1470877200000,0.066,11613
1470963600000,0.066,11546
1471050000000,0.067,10381
1471136400000,0.066,9412
1471222800000,0.062,9179
1471309200000,0.058,10981
1471395600000,0.058,11053
1471482000000,0.058,10549
1471568400000,0.057,12606
1471654800000,0.057,11680
1471741200000,0.056,11959
1471827600000,0.053,11249
1471914000000,0.049,9484
1472000400000,0.05,9465
1472086800000,0.052,10447
1472173200000,0.055,10162
1472259600000,0.053,12252
1472346000000,0.053,11891
1472432400000,0.055,10980
1472518800000,0.05,11729
1472605200000,0.056,9818
1472691600000,0.053,10178
1472778000000,0.057,12270
1472864400000,0.062,11215
1472950800000,0.058,10241
1473037200000,0.057,10054
1473123600000,0.058,9291
1473210000000,0.053,10722
1473296400000,0.053,11012
1473382800000,0.054,11710
1473469200000,0.051,13516
1473555600000,0.05,11442
1473642000000,0.048,10075
1473728400000,0.052,7950
1473814800000,0.049,8734
1473901200000,0.049,9857
1473987600000,0.051,11230
1474074000000,0.048,10826
1474160400000,0.047,13533
1474246800000,0.045,8301
1474333200000,0.047,9011
1474419600000,0.053,7607
1474506000000,0.047,8555
1474592400000,0.047,9598
1474678800000,0.051,10827
1474765200000,0.046,9762
1474851600000,0.045,7768
1474938000000,0.048,6367
1475024400000,0.049,7228
1475110800000,0.05,7631
1475197200000,0.051,7250
1475283600000,0.047,9682
1475370000000,0.05,11011
1475456400000,0.043,7373
1475542800000,0.046,7546
1475629200000,0.047,8608
1475715600000,0.044,8010
1475802000000,0.039,8352
1475888400000,0.044,9337
1475974800000,0.042,10766
1476061200000,0.04,9402
1476147600000,0.046,6761
1476234000000,0.041,8916
1476320400000,0.041,9029
1476406800000,0.04,8439
1476493200000,0.044,11056
1476579600000,0.041,8236
1476666000000,0.041,7507
1476752400000,0.043,7277
1476838800000,0.038,8299
1476925200000,0.042,12195
1477011600000,0.041,8143
1477098000000,0.045,10933
1477184400000,0.043,8661
1477270800000,0.043,8928
1477357200000,0.045,9231
1477443600000,0.045,8977
1477530000000,0.05,8106
1477616400000,0.048,6652
1477702800000,0.044,9474
1477789200000,0.045,8522
1477875600000,0.041,7523
1477962000000,0.043,10924
1478048400000,0.045,7593
1478134800000,0.049,7539
1478221200000,0.05,11980
1478307600000,0.053,32302
1478394000000,0.056,17458
1478480400000,0.054,17183
1478566800000,0.052,10062
1478653200000,0.048,9936
1478739600000,0.05,8204
1478826000000,0.053,9923
1478912400000,0.054,14423
1478998800000,0.057,12066
1479085200000,0.058,13804
1479171600000,0.06,12223
1479258000000,0.066,27788
1479344400000,0.074,17791
1479430800000,0.074,12609
1479517200000,0.068,12711
1479603600000,0.066,11812
1479690000000,0.063,7783
1479776400000,0.064,9005
1479862800000,0.058,6925
1479949200000,0.05,10163
1480035600000,0.053,13616
1480122000000,0.05,11938
1480208400000,0.046,10910
1480294800000,0.051,10321
1480381200000,0.052,11080
1480467600000,0.053,9227
1480554000000,0.057,9934
1480640400000,0.055,8638
1480726800000,0.053,10060
1480813200000,0.046,11040
1480899600000,0.05,6189
1480986000000,0.05,12133
1481072400000,0.052,6908
1481158800000,0.051,9068
1481245200000,0.052,6519
1481331600000,0.056,7017
1481418000000,0.05,7602
1481504400000,0.05,6465
1481590800000,0.048,7452
1481677200000,0.051,7528
1481763600000,0.046,7588
1481850000000,0.048,8802
1481936400000,0.044,9476
1482022800000,0.042,11400
1482109200000,0.047,9461
1482195600000,0.049,6889
1482282000000,0.052,6357
1482368400000,0.046,7394
1482454800000,0.044,10523
1482541200000,0.047,10847
1482627600000,0.046,14164
1482714000000,0.044,18445
1482800400000,0.049,9463
1482886800000,0.044,10207
1482973200000,0.044,12190
1483059600000,0.047,8633
1483146000000,0.047,10629
1483232400000,0.046,12105
1483318800000,0.046,9952
1483405200000,0.049,13499
1483491600000,0.046,18513
1483578000000,0.049,9088
1483664400000,0.049,7866
1483750800000,0.048,10098
1483837200000,0.046,9825
1483923600000,0.05,8924
1484010000000,0.045,10086
1484096400000,0.048,13020
1484182800000,0.048,10175
1484269200000,0.055,7715
1484355600000,0.052,10468
1484442000000,0.046,10818
1484528400000,0.048,8320
1484614800000,0.052,6824
1484701200000,0.041,9280
1484787600000,0.045,7265
1484874000000,0.047,6898
1484960400000,0.05,8672
1485046800000,0.048,8191
1485133200000,0.047,8383
1485219600000,0.05,7980
1485306000000,0.045,8161
1485392400000,0.049,8265
1485478800000,0.046,9467
1485565200000,0.053,9060
1485651600000,0.046,12890
1485738000000,0.048,10011
1485824400000,0.052,9335
1485910800000,0.046,10662
1485997200000,0.048,10236
1486083600000,0.05,9917
1486170000000,0.05,12339
1486256400000,0.051,10417
1486342800000,0.055,8116
1486429200000,0.052,11347
1486515600000,0.051,9334
1486602000000,0.052,12098
1486688400000,0.054,13293
1486774800000,0.056,12381
1486861200000,0.054,11987
1486947600000,0.058,9073
1487034000000,0.052,9330
1487120400000,0.05,11250
1487206800000,0.053,12840
1487293200000,0.053,9958
1487379600000,0.055,10655
1487466000000,0.057,9525
1487552400000,0.056,9569
1487638800000,0.053,8880
1487725200000,0.053,8689
1487811600000,0.054,8322
1487898000000,0.055,11647
1487984400000,0.055,11045
1488070800000,0.052,9021
1488157200000,0.049,9819
1488243600000,0.053,10570
1488330000000,0.056,9737
1488416400000,0.055,10115
1488502800000,0.056,8429
1488589200000,0.058,11059
1488675600000,0.057,20779
1488762000000,0.064,13099
1488848400000,0.064,9237
1488934800000,0.063,8855
1489021200000,0.065,15186
1489107600000,0.067,12233
1489194000000,0.063,14372
1489280400000,0.067,9901
1489366800000,0.064,12483
1489453200000,0.061,9695
1489539600000,0.067,11697
1489626000000,0.064,9562
1489712400000,0.064,9499
1489798800000,0.067,10000
1489885200000,0.062,12309
1489971600000,0.063,10510
1490058000000,0.066,9122
1490144400000,0.066,10299
1490230800000,0.068,8948
1490317200000,0.065,8632
1490403600000,0.065,9894
1490490000000,0.065,8986
1490576400000,0.058,6931
1490662800000,0.061,7883
1490749200000,0.06,8487
1490835600000,0.057,9401
1490922000000,0.065,9445
1491008400000,0.06,11319
1491094800000,0.062,10475
1491181200000,0.062,9390
1491267600000,0.063,7888
1491354000000,0.065,9702
1491440400000,0.064,8087
1491526800000,0.065,9050
1491613200000,0.065,8887
1491699600000,0.062,9146
1491786000000,0.06,7933
1491872400000,0.061,9479
1491958800000,0.06,7439
1492045200000,0.065,11815
1492131600000,0.06,10379
1492218000000,0.061,14154
1492304400000,0.06,12202
1492390800000,0.063,9245
1492477200000,0.062,11485
1492563600000,0.06,7481
1492650000000,0.061,7172
1492736400000,0.059,7670
1492822800000,0.063,7913
1492909200000,0.058,11823
1492995600000,0.061,9047
1493082000000,0.06,8075
1493168400000,0.057,7415
1493254800000,0.058,8054
1493341200000,0.057,9215
1493427600000,0.065,9830
1493514000000,0.063,9442
1493600400000,0.06,7741
1493686800000,0.064,6054
1493773200000,0.062,8188
1493859600000,0.058,7271
1493946000000,0.054,13090
1494032400000,0.059,10748
1494118800000,0.061,8332
1494205200000,0.057,7634
1494291600000,0.058,6328
1494378000000,0.056,5882
1494464400000,0.056,6625
1494550800000,0.061,9607
1494637200000,0.058,14567
1494723600000,0.053,8557
1494810000000,0.054,9749
1494896400000,0.058,11653
1494982800000,0.058,9598
1495069200000,0.058,10596
1495155600000,0.058,8497
1495242000000,0.058,8436
1495328400000,0.056,8427
1495414800000,0.054,9076
1495501200000,0.058,6552
1495587600000,0.047,18368
1495674000000,0.05,9703
1495760400000,0.059,8552
1495846800000,0.047,9079
1495933200000,0.046,8639
1496019600000,0.052,8743
1496106000000,0.057,7744
1496192400000,0.056,7489
1496278800000,0.056,11441
1496365200000,0.057,9420
1496451600000,0.058,9603
1496538000000,0.057,7678
1496624400000,0.054,9509
1496710800000,0.051,6466
1496797200000,0.051,8901
1496883600000,0.051,9032
1496970000000,0.056,9060
1497056400000,0.05,7744
1497142800000,0.047,9039
1497229200000,0.049,7836
1497315600000,0.049,6123
1497402000000,0.049,6409
1497488400000,0.048,12531
1497574800000,0.052,8828
1497661200000,0.051,7885
1497747600000,0.048,6544
1497834000000,0.048,5361
1497920400000,0.047,7081
1498006800000,0.045,5481
1498093200000,0.039,8841
1498179600000,0.041,7667
1498266000000,0.041,7125
1498352400000,0.042,7059
1498438800000,0.041,6198
1498525200000,0.04,5937
1498611600000,0.039,6622
1498698000000,0.041,5752
1498784400000,0.044,7915
1498870800000,0.043,7754
1498957200000,0.044,6576
1499043600000,0.041,5966
1499130000000,0.041,5440
1499216400000,0.036,7761
1499302800000,0.047,5436
1499389200000,0.047,8220
1499475600000,0.045,7634
1499562000000,0.042,6296
1499648400000,0.047,6198
1499734800000,0.043,6388
1499821200000,0.042,8897
1499907600000,0.042,6503
1499994000000,0.045,6100
1500080400000,0.048,6379
1500166800000,0.046,6328
1500253200000,0.042,8634
1500339600000,0.044,6666
1500426000000,0.044,5729
1500512400000,0.041,5752
1500598800000,0.044,6197
1500685200000,0.046,7189
1500771600000,0.039,8092
1500858000000,0.04,6879
1500944400000,0.042,6748
1501030800000,0.041,7315
1501117200000,0.046,6384
1501203600000,0.044,8282
1501290000000,0.053,6101
1501376400000,0.046,9656
1501462800000,0.049,6307
1501549200000,0.052,7476
1501635600000,0.049,6298
1501722000000,0.046,9475
1501808400000,0.05,8051
1501894800000,0.053,6939
1501981200000,0.048,7900
1502067600000,0.05,10692
1502154000000,0.052,8044
1502240400000,0.056,8019
1502326800000,0.053,6427
1502413200000,0.053,6743
1502499600000,0.054,7079
1502586000000,0.05,6405
1502672400000,0.052,6973
1502758800000,0.047,6392
1502845200000,0.044,6351
1502931600000,0.043,6766
1503018000000,0.042,8027
1503104400000,0.044,6258
1503190800000,0.042,6767
1503277200000,0.044,6588
1503363600000,0.045,7092
1503450000000,0.04,6080
1503536400000,0.043,7382
1503622800000,0.041,9000
1503709200000,0.046,6125
1503795600000,0.044,6896
1503882000000,0.043,6455
1503968400000,0.041,4884
1504054800000,0.036,8128
1504141200000,0.039,4952
1504227600000,0.039,7364
1504314000000,0.041,9012
1504400400000,0.041,7409
1504486800000,0.045,5903
1504573200000,0.044,5728
1504659600000,0.048,5242
1504746000000,0.053,4951
1504832400000,0.05,5490
1504918800000,0.045,5779
1505005200000,0.049,5627
1505091600000,0.045,4915
1505178000000,0.05,4902
1505264400000,0.047,4800
1505350800000,0.043,4497
1505437200000,0.047,5764
1505523600000,0.046,6261
1505610000000,0.048,7170
1505696400000,0.046,9393
1505782800000,0.044,5232
1505869200000,0.045,4149
1505955600000,0.044,5798
1506042000000,0.041,7573
1506128400000,0.048,6949
1506214800000,0.048,4407
1506301200000,0.041,8253
1506387600000,0.047,6407
1506474000000,0.043,5000
1506560400000,0.042,5913
1506646800000,0.039,7393
1506733200000,0.039,7740
1506819600000,0.039,9638
1506906000000,0.038,7564
1506992400000,0.038,6317
1507078800000,0.038,4226
1507165200000,0.041,4861
1507251600000,0.04,4188
1507338000000,0.038,4829
1507424400000,0.042,7109
1507510800000,0.04,7949
1507597200000,0.042,3943
1507683600000,0.038,6334
1507770000000,0.036,4369
1507856400000,0.043,5093
1507942800000,0.045,5367
1508029200000,0.038,6741
1508115600000,0.036,4211
1508202000000,0.037,4336
1508288400000,0.039,3911
1508374800000,0.036,9792
1508461200000,0.037,7666
1508547600000,0.041,6686
1508634000000,0.038,4935
1508720400000,0.04,3888
1508806800000,0.035,3887
1508893200000,0.039,3296
1508979600000,0.044,4439
1509066000000,0.038,5804
1509152400000,0.04,4778
1509238800000,0.034,6433
1509325200000,0.035,5571
1509411600000,0.04,9314
1509498000000,0.037,6915
1509584400000,0.044,4913
1509670800000,0.043,5079
1509757200000,0.042,5660
1509843600000,0.041,4222
1509930000000,0.04,4880
1510016400000,0.04,3990
1510102800000,0.041,3242
1510189200000,0.036,3688
1510275600000,0.038,6307
1510362000000,0.036,5699
1510448400000,0.039,5086
1510534800000,0.042,3957
1510621200000,0.038,4423
1510707600000,0.038,5608
1510794000000,0.036,4287
1510880400000,0.037,4611
1510966800000,0.044,7904
1511053200000,0.038,8312
1511139600000,0.039,4719
1511226000000,0.042,4292
1511312400000,0.034,3736
1511398800000,0.034,3932
1511485200000,0.034,4691
1511571600000,0.031,4633
1511658000000,0.033,5414
1511744400000,0.03,4192
1511830800000,0.033,4212
1511917200000,0.033,3600
1512003600000,0.036,6033
1512090000000,0.041,4649
1512176400000,0.037,6573
1512262800000,0.033,7258
1512349200000,0.03,4518
1512435600000,0.036,4856
1512522000000,0.034,4005
1512608400000,0.038,6708
1512694800000,0.032,5928
1512781200000,0.038,4954
1512867600000,0.036,5145
1512954000000,0.033,4011
1513040400000,0.03,3041
1513126800000,0.031,4924
1513213200000,0.035,4758
1513299600000,0.035,3725
1513386000000,0.036,4325
1513472400000,0.034,5118
1513558800000,0.039,3626
1513645200000,0.037,6955
1513731600000,0.03,5771
1513818000000,0.03,4251
1513904400000,0.032,5750
1513990800000,0.035,5218
1514077200000,0.035,7929
1514163600000,0.042,11941
1514250000000,0.044,7951
1514336400000,0.047,8550
1514422800000,0.04,9170
1514509200000,0.043,10190
1514595600000,0.043,5513
1514682000000,0.039,6167
1514768400000,0.041,6053
1514854800000,0.034,6301
1514941200000,0.039,8334
1515027600000,0.039,6801
1515114000000,0.039,5925
1515200400000,0.044,5915
1515286800000,0.041,5660
1515373200000,0.042,4980
1515459600000,0.034,5453
1515546000000,0.043,4483
1515632400000,0.042,5518
1515718800000,0.039,6220
1515805200000,0.042,6821
1515891600000,0.046,6591
1515978000000,0.038,7387
1516064400000,0.039,5652
1516150800000,0.041,5102
1516237200000,0.041,7729
1516323600000,0.04,5247
1516410000000,0.043,6481
1516496400000,0.041,5003
1516582800000,0.039,4968
1516669200000,0.042,5487
1516755600000,0.04,5709
1516842000000,0.042,5650
1516928400000,0.041,7202
1517014800000,0.036,9451
1517101200000,0.038,8267
1517187600000,0.034,6599
1517274000000,0.04,6529
1517360400000,0.044,4815
1517446800000,0.044,4879
1517533200000,0.047,5068
1517619600000,0.043,8546
1517706000000,0.045,5863
1517792400000,0.042,5588
1517878800000,0.042,4967
1517965200000,0.046,4626
1518051600000,0.046,4437
1518138000000,0.043,5243
1518224400000,0.043,5110
1518310800000,0.043,7359
1518397200000,0.036,5186
1518483600000,0.048,4709
1518570000000,0.032,9484
1518656400000,0.03,10235
1518742800000,0.03,9317
1518829200000,0.038,8974
1518915600000,0.04,6336
1519002000000,0.038,5042
1519088400000,0.04,5250
1519174800000,0.045,4883
1519261200000,0.042,5581
1519347600000,0.042,5922
1519434000000,0.04,7385
1519520400000,0.04,7340
1519606800000,0.037,5078
1519693200000,0.04,4990
1519779600000,0.046,5135
1519866000000,0.044,5920
1519952400000,0.045,5536
1520038800000,0.046,6186
1520125200000,0.042,5001
1520211600000,0.039,5805
1520298000000,0.043,6380
1520384400000,0.043,5073
1520470800000,0.038,4008
1520557200000,0.039,4981
1520643600000,0.041,5142
1520730000000,0.039,6953
1520816400000,0.041,5828
1520902800000,0.044,3690
1520989200000,0.039,3205
1521075600000,0.039,4030
1521162000000,0.047,4243
1521248400000,0.044,4806
1521334800000,0.043,4400
1521421200000,0.044,3232
1521507600000,0.042,2903
1521594000000,0.042,3206
1521680400000,0.043,3059
1521766800000,0.043,4541
1521853200000,0.042,3647
1521939600000,0.04,4142
1522026000000,0.04,4994
1522112400000,0.037,3748
1522198800000,0.038,3486
1522285200000,0.045,3924
1522371600000,0.045,4035
1522458000000,0.044,4170
1522544400000,0.042,4570
1522630800000,0.044,4566
1522717200000,0.046,3478
1522803600000,0.041,3048
1522890000000,0.043,3993
1522976400000,0.051,3436
1523062800000,0.046,3253
1523149200000,0.043,3299
1523235600000,0.045,3386
1523322000000,0.044,2954
1523408400000,0.043,2974
1523494800000,0.044,3625
1523581200000,0.041,3117
1523667600000,0.037,5848
1523754000000,0.043,3969
1523840400000,0.041,4271
1523926800000,0.04,3159
1524013200000,0.039,4136
1524099600000,0.04,2531
1524186000000,0.043,3455
1524272400000,0.037,3297
1524358800000,0.041,2964
1524445200000,0.042,2892
1524531600000,0.039,4101
1524618000000,0.039,3489
1524704400000,0.041,4246
1524790800000,0.041,4855
1524877200000,0.042,5428
1524963600000,0.039,4778
1525050000000,0.043,4264
1525136400000,0.039,6300
1525222800000,0.039,5963
1525309200000,0.037,7243
1525395600000,0.041,7687
1525482000000,0.039,5585
1525568400000,0.042,4040
1525654800000,0.034,3346
1525741200000,0.037,3972
1525827600000,0.038,3361
1525914000000,0.039,4860
1526000400000,0.043,3337
1526086800000,0.041,4296
1526173200000,0.041,3581
1526259600000,0.04,2843
1526346000000,0.04,4176
1526432400000,0.04,3162
1526518800000,0.039,4661
1526605200000,0.04,3312
1526691600000,0.036,4870
1526778000000,0.036,2599
1526864400000,0.037,6617
1526950800000,0.037,3747
1527037200000,0.037,3114
1527123600000,0.04,3435
1527210000000,0.04,3089
1527296400000,0.041,2849
1527382800000,0.039,3620
1527469200000,0.044,3197
1527555600000,0.04,3247
1527642000000,0.042,2774
1527728400000,0.043,2934
1527814800000,0.042,3263
1527901200000,0.04,4740
1527987600000,0.046,3265
1528074000000,0.04,4686
1528160400000,0.04,4502
1528246800000,0.037,3255
1528333200000,0.044,4287
1528419600000,0.041,2530
1528506000000,0.044,3006
1528592400000,0.039,5083
1528678800000,0.038,2945
1528765200000,0.038,2172
1528851600000,0.034,2957
1528938000000,0.04,3589
1529024400000,0.045,3009
1529110800000,0.04,3336
1529197200000,0.042,4070
1529283600000,0.039,2378
1529370000000,0.037,5742
1529456400000,0.04,3259
1529542800000,0.038,4497
1529629200000,0.033,3259
1529715600000,0.03,4376
1529802000000,0.035,3181
1529888400000,0.035,3355
1529974800000,0.035,3067
1530061200000,0.038,3530
1530147600000,0.035,2525
1530234000000,0.039,2942
1530320400000,0.038,3323
1530406800000,0.035,3184
1530493200000,0.034,3554
1530579600000,0.039,3726
1530666000000,0.036,2711
1530752400000,0.039,3054
1530838800000,0.035,4344
1530925200000,0.041,3585
1531011600000,0.045,3627
1531098000000,0.043,4122
1531184400000,0.045,5138
1531270800000,0.039,3033
1531357200000,0.047,2688
1531443600000,0.044,3238
1531530000000,0.036,5649
1531616400000,0.04,4581
1531702800000,0.039,3898
1531789200000,0.042,2969
1531875600000,0.039,3725
1531962000000,0.04,2841
1532048400000,0.044,2975
1532134800000,0.04,3428
1532221200000,0.044,3101
1532307600000,0.041,2765
1532394000000,0.036,3479
1532480400000,0.038,3519
1532566800000,0.044,3277
1532653200000,0.038,3045
1532739600000,0.044,3569
1532826000000,0.044,2878
1532912400000,0.042,4464
1532998800000,0.043,3652
1533085200000,0.044,3596
1533171600000,0.045,3324
1533258000000,0.038,7971
1533344400000,0.041,16926
1533430800000,0.046,4792
1533517200000,0.049,4951
1533603600000,0.045,4057
1533690000000,0.046,10960
1533776400000,0.045,13138
1533862800000,0.045,4537
1533949200000,0.041,5624
1534035600000,0.043,4980
1534122000000,0.047,4049
1534208400000,0.046,2829
1534294800000,0.04,4645
1534381200000,0.045,3864
1534467600000,0.049,3616
1534554000000,0.049,3575
1534640400000,0.045,3567
1534726800000,0.049,3361
1534813200000,0.052,2398
1534899600000,0.048,3962
1534986000000,0.045,3503
1535072400000,0.049,4313
1535158800000,0.043,3974
1535245200000,0.047,4491
1535331600000,0.047,4729
1535418000000,0.048,2866
1535504400000,0.05,8395
1535590800000,0.049,5016
1535677200000,0.054,4396
1535763600000,0.049,5162
1535850000000,0.046,4803
1535936400000,0.045,5265
1536022800000,0.043,4772
1536109200000,0.043,3816
1536195600000,0.04,4422
1536282000000,0.04,6693
1536368400000,0.037,9136
1536454800000,0.035,11994
1536541200000,0.035,5549
1536627600000,0.038,5178
1536714000000,0.041,3691
1536800400000,0.04,3854
1536886800000,0.042,3976
1536973200000,0.046,3980
1537059600000,0.041,4725
1537146000000,0.045,3597
1537232400000,0.043,4307
1537318800000,0.044,3058
1537405200000,0.042,3673
1537491600000,0.044,4283
1537578000000,0.042,4896
1537664400000,0.04,6737
1537750800000,0.039,4190
1537837200000,0.041,4882
1537923600000,0.044,3412
1538010000000,0.048,3293
1538096400000,0.049,4032
1538182800000,0.048,9901
1538269200000,0.05,5906
1538355600000,0.047,6334
1538442000000,0.047,3869
1538528400000,0.044,3940
1538614800000,0.047,5417
1538701200000,0.05,4467
1538787600000,0.045,4870
1538874000000,0.052,4281
1538960400000,0.051,4754
1539046800000,0.05,3912
1539133200000,0.056,5123
1539219600000,0.05,4731
1539306000000,0.055,6861
1539392400000,0.055,5963
1539478800000,0.056,9143
1539565200000,0.053,5197
1539651600000,0.055,6277
1539738000000,0.054,4532
1539824400000,0.058,7010
1539910800000,0.066,4868
1539997200000,0.057,5804
1540083600000,0.065,5393
1540170000000,0.065,4987
1540256400000,0.063,3768
1540342800000,0.062,3854
1540429200000,0.065,3559
1540515600000,0.064,4321
1540602000000,0.064,5352
1540688400000,0.073,28005
1540774800000,0.088,7778
1540861200000,0.088,8248
1540947600000,0.088,6932
1541034000000,0.086,5323
1541120400000,0.089,5458
1541206800000,0.092,6593
1541293200000,0.092,7399
1541379600000,0.092,4650
1541466000000,0.095,5435
1541552400000,0.092,5886
1541638800000,0.089,3878
1541725200000,0.084,5721
1541811600000,0.085,5974
1541898000000,0.087,5098
1541984400000,0.086,4587
1542070800000,0.089,3428
1542157200000,0.082,3374
1542243600000,0.081,7103
1542330000000,0.078,6014
1542416400000,0.079,4564
1542502800000,0.076,5514
1542589200000,0.071,4320
1542675600000,0.076,5102
1542762000000,0.07,3468
1542848400000,0.059,5099
1542934800000,0.058,4449
1543021200000,0.059,4962
1543107600000,0.059,6506
1543194000000,0.057,3799
1543280400000,0.061,3058
1543366800000,0.055,4067
1543453200000,0.062,2964
1543539600000,0.07,3914
1543626000000,0.066,4347
1543712400000,0.073,4034
1543798800000,0.071,3670
1543885200000,0.063,3297
1543971600000,0.059,8345
1544058000000,0.053,6149
1544144400000,0.05,6712
1544230800000,0.052,6424
1544317200000,0.05,6036
1544403600000,0.051,4590
1544490000000,0.05,5220
1544576400000,0.05,3920
1544662800000,0.051,5043
1544749200000,0.05,6393
1544835600000,0.048,5644
1544922000000,0.047,4370
1545008400000,0.048,4465
1545094800000,0.055,3358
1545181200000,0.054,4117
1545267600000,0.05,3297
1545354000000,0.048,5004
1545440400000,0.048,6403
1545526800000,0.051,6389
1545613200000,0.051,5471
1545699600000,0.056,5672
1545786000000,0.054,4907
1545872400000,0.055,5505
1545958800000,0.054,5574
1546045200000,0.052,5750
1546131600000,0.053,4907
1546218000000,0.054,4497
1546304400000,0.056,5403
1546390800000,0.055,6418
1546477200000,0.056,6005
1546563600000,0.057,5575
1546650000000,0.059,4933
1546736400000,0.058,4721
1546822800000,0.054,3925
1546909200000,0.055,4923
1546995600000,0.056,4572
1547082000000,0.052,5327
1547168400000,0.058,5602
1547254800000,0.063,7608
1547341200000,0.07,7335
1547427600000,0.066,6776
1547514000000,0.063,6688
1547600400000,0.063,5587
1547686800000,0.061,4721
1547773200000,0.062,6289
1547859600000,0.06,4927
1547946000000,0.053,7096
1548032400000,0.059,5542
1548118800000,0.059,4649
1548205200000,0.057,4632
1548291600000,0.056,4932
1548378000000,0.057,4198
1548464400000,0.057,6418
1548550800000,0.053,6171
1548637200000,0.055,5441
1548723600000,0.056,6428
1548810000000,0.057,6216
1548896400000,0.058,5924
1548982800000,0.06,8562
1549069200000,0.063,6491
1549155600000,0.057,6436
1549242000000,0.055,6875
1549328400000,0.055,5339
1549414800000,0.06,5264
1549501200000,0.064,6229
1549587600000,0.068,6997
1549674000000,0.064,5602
1549760400000,0.063,4599
1549846800000,0.061,4865
1549933200000,0.065,4559
1550019600000,0.066,4479
1550106000000,0.067,4667
1550192400000,0.067,7484
1550278800000,0.075,12300
1550365200000,0.08,6055
1550451600000,0.07,5320
1550538000000,0.07,5452
1550624400000,0.072,5783
1550710800000,0.068,4980
1550797200000,0.074,5012
1550883600000,0.072,5390
1550970000000,0.076,8760
1551056400000,0.078,5874
1551142800000,0.076,7045
1551229200000,0.076,4359
1551315600000,0.082,6337
1551402000000,0.082,6448
1551488400000,0.076,9372
1551574800000,0.07,7493
1551661200000,0.069,5554
1551747600000,0.069,5844
1551834000000,0.08,5497
1551920400000,0.075,3781
1552006800000,0.08,4974
1552093200000,0.079,6233
1552179600000,0.076,6261
1552266000000,0.079,4506
1552352400000,0.076,4800
1552438800000,0.079,5513
1552525200000,0.079,5065
1552611600000,0.077,6440
1552698000000,0.083,7194
1552784400000,0.078,9074
1552870800000,0.082,7012
1552957200000,0.083,6121
1553043600000,0.083,5970
1553130000000,0.082,7052
1553216400000,0.085,6543
1553302800000,0.086,7662
1553389200000,0.084,6994
1553475600000,0.086,8541
1553562000000,0.085,8255
1553648400000,0.087,7852
1553734800000,0.091,8727
1553821200000,0.095,11651
1553907600000,0.096,13117
1553994000000,0.099,10476
1554080400000,0.097,10915
1554166800000,0.104,10936
1554253200000,0.105,10724
1554339600000,0.112,14235
1554426000000,0.128,17560
1554512400000,0.13,13803
1554598800000,0.139,24446
1554685200000,0.192,50878
1554771600000,0.173,17842
1554858000000,0.149,12771
1554944400000,0.167,10438
1555030800000,0.171,15242
1555117200000,0.214,74392
1555203600000,0.239,31368
1555290000000,0.217,14067
1555376400000,0.207,16137
1555462800000,0.207,12380
1555549200000,0.213,13233
1555635600000,0.211,9919
1555722000000,0.21,12656
1555808400000,0.215,16451
1555894800000,0.21,9592
1555981200000,0.204,10103
1556067600000,0.196,10065
1556154000000,0.192,9733
1556240400000,0.181,9491
1556326800000,0.168,10643
1556413200000,0.168,9909
1556499600000,0.159,8382
1556586000000,0.161,6950
1556672400000,0.147,10353
1556758800000,0.143,8589
1556845200000,0.156,8521
1556931600000,0.161,8014
1557018000000,0.151,5142
1557104400000,0.152,5279
1557190800000,0.145,7017
1557277200000,0.132,7704
1557363600000,0.133,6317
1557450000000,0.145,6691
1557536400000,0.145,7947
1557622800000,0.137,6895
1557709200000,0.139,4960
1557795600000,0.14,5522
1557882000000,0.144,5903
1557968400000,0.153,5396
1558054800000,0.156,9031
1558141200000,0.157,7145
1558227600000,0.157,7523
1558314000000,0.157,6511
1558400400000,0.158,7348
1558486800000,0.16,5231
1558573200000,0.163,6267
1558659600000,0.16,8388
1558746000000,0.162,7267
1558832400000,0.162,7237
1558918800000,0.159,6372
1559005200000,0.166,7938
1559091600000,0.166,6912
1559178000000,0.172,7845
1559264400000,0.174,7122
1559350800000,0.178,9655
1559437200000,0.183,10220
1559523600000,0.188,10505
1559610000000,0.191,11267
1559696400000,0.2,7778
1559782800000,0.199,8618
1559869200000,0.199,9221
1559955600000,0.203,12303
1560042000000,0.205,12390
1560128400000,0.204,11415
1560214800000,0.197,8186
1560301200000,0.193,7754
1560387600000,0.197,8547
1560474000000,0.2,9991
1560560400000,0.198,14046
1560646800000,0.2,10800
1560733200000,0.2,8797
1560819600000,0.206,7056
1560906000000,0.209,7837
1560992400000,0.205,7822
1561078800000,0.195,5803
1561165200000,0.194,6351
1561251600000,0.18,9136
1561338000000,0.18,5646
1561424400000,0.176,11144
1561510800000,0.169,9552
1561597200000,0.168,8313
1561683600000,0.169,7340
1561770000000,0.176,8504
1561856400000,0.177,8411
1561942800000,0.177,6845
1562029200000,0.176,7360
1562115600000,0.172,7113
1562202000000,0.173,6154
1562288400000,0.175,8334
1562374800000,0.176,9645
1562461200000,0.176,8797
1562547600000,0.175,9122
1562634000000,0.176,7498
1562720400000,0.185,7478
1562806800000,0.192,9898
1562893200000,0.197,10539
1562979600000,0.2,11033
1563066000000,0.195,8080
1563152400000,0.189,6181
1563238800000,0.187,7163
1563325200000,0.182,7371
1563411600000,0.182,6868
1563498000000,0.184,9370
1563584400000,0.185,6056
1563670800000,0.183,6572
1563757200000,0.184,5512
1563843600000,0.168,9048
1563930000000,0.165,6288
1564016400000,0.174,5887
1564102800000,0.178,6732
1564189200000,0.182,5588
1564275600000,0.179,7882
1564362000000,0.181,6936
1564448400000,0.18,7320
1564534800000,0.179,7528
1564621200000,0.181,6309
1564707600000,0.186,7336
1564794000000,0.183,7918
1564880400000,0.182,6482
1564966800000,0.173,6909
1565053200000,0.177,7078
1565139600000,0.177,6275
1565226000000,0.186,8148
1565312400000,0.184,7615
1565398800000,0.187,8760
1565485200000,0.194,8863
1565571600000,0.195,8142
1565658000000,0.186,12661
1565744400000,0.187,7516
1565830800000,0.177,5627
1565917200000,0.18,7186
1566003600000,0.181,7749
1566090000000,0.181,9075
1566176400000,0.175,7399
1566262800000,0.171,7448
1566349200000,0.181,6025
1566435600000,0.173,6859
1566522000000,0.176,7679
1566608400000,0.175,9894
1566694800000,0.175,6309
1566781200000,0.175,5681
1566867600000,0.175,8114
1566954000000,0.18,5810
1567040400000,0.177,7270
1567126800000,0.171,8117
1567213200000,0.179,7981
1567299600000,0.176,8705
1567386000000,0.175,6656
1567472400000,0.175,6793
1567558800000,0.175,7123
1567645200000,0.177,7363
1567731600000,0.181,8396
1567818000000,0.177,7908
1567904400000,0.164,10123
1567990800000,0.164,6178
1568077200000,0.166,6453
1568163600000,0.165,9304
1568250000000,0.172,7829
1568336400000,0.17,8661
1568422800000,0.168,9951
1568509200000,0.164,13928
1568595600000,0.166,7122
1568682000000,0.176,6396
1568768400000,0.178,5971
1568854800000,0.181,7067
1568941200000,0.181,7267
1569027600000,0.185,8836
1569114000000,0.184,7452
1569200400000,0.186,7036
1569286800000,0.181,9033
1569373200000,0.184,7786
1569459600000,0.186,8032
1569546000000,0.189,9204
1569632400000,0.197,13502
1569718800000,0.199,13626
1569805200000,0.205,8772
1569891600000,0.205,12135
1569978000000,0.206,10161
1570064400000,0.208,11851
1570150800000,0.217,13423
1570237200000,0.225,19607
1570323600000,0.233,13332
1570410000000,0.259,25645
1570496400000,0.274,13968
1570582800000,0.287,14851
1570669200000,0.31,15077
1570755600000,0.364,37219
1570842000000,0.356,13263
1570928400000,0.316,12861
1571014800000,0.316,9259
1571101200000,0.332,12731
1571187600000,0.339,7733
1571274000000,0.337,9944
1571360400000,0.337,13987
1571446800000,0.306,11323
1571533200000,0.285,9692
1571619600000,0.284,9381
1571706000000,0.265,9470
1571792400000,0.251,10195
1571878800000,0.265,7503
1571965200000,0.284,7382
1572051600000,0.292,6856
1572138000000,0.294,7534
1572224400000,0.298,6780
1572310800000,0.262,20076
1572397200000,0.277,8584
1572483600000,0.281,6938
1572570000000,0.272,8718
1572656400000,0.274,7948
1572742800000,0.273,8112
1572829200000,0.269,5379
1572915600000,0.271,6795
1573002000000,0.273,5929
1573088400000,0.274,4387
1573174800000,0.278,6754
1573261200000,0.28,8355
1573347600000,0.285,10427
1573434000000,0.28,7667
1573520400000,0.272,8250
1573606800000,0.276,8304
1573693200000,0.28,6230
1573779600000,0.293,10493
1573866000000,0.284,7956
1573952400000,0.286,8936
1574038800000,0.277,9061
1574125200000,0.214,17158
1574211600000,0.22,8292
1574298000000,0.24,4685
1574384400000,0.238,5412
1574470800000,0.232,8406
1574557200000,0.219,5964
1574643600000,0.22,5418
1574730000000,0.217,7934
1574816400000,0.213,6573
1574902800000,0.216,6557
1574989200000,0.216,7950
1575075600000,0.223,7264
1575162000000,0.221,7440
1575248400000,0.225,6142
1575334800000,0.224,9251
1575421200000,0.215,5920
1575507600000,0.212,6900
1575594000000,0.223,8689
1575680400000,0.23,7464
1575766800000,0.234,7624
1575853200000,0.237,6967
1575939600000,0.244,6665
1576026000000,0.245,5840
1576112400000,0.246,6418
1576198800000,0.248,6484
1576285200000,0.245,7644
1576371600000,0.259,8325
1576458000000,0.259,6482
1576544400000,0.255,5769
1576630800000,0.26,8949
1576717200000,0.257,8391
1576803600000,0.255,8113
1576890000000,0.257,8542
1576976400000,0.258,8706
1577062800000,0.26,10746
1577149200000,0.261,9080
1577235600000,0.265,10412
1577322000000,0.271,11072
1577408400000,0.273,11553
1577494800000,0.289,11636
1577581200000,0.293,10427
1577667600000,0.296,11195
1577754000000,0.299,8781
1577840400000,0.308,10585
1577926800000,0.31,11896
1578013200000,0.309,15531
1578099600000,0.32,13643
1578186000000,0.328,16457
1578272400000,0.338,9474
1578358800000,0.337,9640
1578445200000,0.347,13545
1578531600000,0.367,16187
1578618000000,0.383,26001
1578704400000,0.413,25024
1578790800000,0.426,18960
1578877200000,0.42,12654
1578963600000,0.415,11956
1579050000000,0.421,16563
1579136400000,0.437,13290
1579222800000,0.448,13676
1579309200000,0.45,16454
1579395600000,0.468,15461
1579482000000,0.466,8910
1579568400000,0.456,13711
1579654800000,0.457,12685
1579741200000,0.451,10901
1579827600000,0.447,13950
1579914000000,0.449,11869
1580000400000,0.444,12764
1580086800000,0.436,10271
1580173200000,0.421,7987
1580259600000,0.399,8941
1580346000000,0.394,7894
1580432400000,0.403,12943
1580518800000,0.445,10816
1580605200000,0.433,9635
1580691600000,0.426,8429
1580778000000,0.431,6410
1580864400000,0.413,7069
1580950800000,0.412,8258
1581037200000,0.412,7779
1581123600000,0.407,10110
1581210000000,0.405,9404
1581296400000,0.409,7832
1581382800000,0.405,7652
1581469200000,0.383,6974
1581555600000,0.391,7202
1581642000000,0.396,16625
1581728400000,0.413,14218
1581814800000,0.41,11330
1581901200000,0.398,9075
1581987600000,0.399,11261
1582074000000,0.399,8209
1582160400000,0.413,10187
1582246800000,0.427,11873
1582333200000,0.431,14765
1582419600000,0.429,10958
1582506000000,0.42,8426
1582592400000,0.405,8488
1582678800000,0.402,9993
1582765200000,0.394,12076
1582851600000,0.4,8835
1582938000000,0.411,11433
1583024400000,0.407,12090
1583110800000,0.398,9232
1583197200000,0.402,7846
1583283600000,0.398,10545
1583370000000,0.392,9494
1583456400000,0.391,10135
1583542800000,0.398,9807
1583629200000,0.396,10063
1583715600000,0.388,8347
1583802000000,0.359,8759
1583888400000,0.382,7793
1583974800000,0.387,9240
1584061200000,0.381,9114
1584147600000,0.385,9422
1584234000000,0.366,9414
1584320400000,0.373,8709
1584406800000,0.362,7620
1584493200000,0.356,9186
1584579600000,0.342,10388
1584666000000,0.33,9467
1584752400000,0.333,10833
1584838800000,0.321,9936
1584925200000,0.312,8570
1585011600000,0.324,11562
1585098000000,0.334,10979
1585184400000,0.341,14357
1585270800000,0.351,17817
1585357200000,0.349,16607
1585443600000,0.35,12177
1585530000000,0.315,12943
1585616400000,0.33,11319
1585702800000,0.32,13770
1585789200000,0.321,12385
1585875600000,0.329,14019
1585962000000,0.329,16321
1586048400000,0.328,13906
1586134800000,0.327,13081
1586221200000,0.337,15029
1586307600000,0.361,15319
1586394000000,0.365,17868
1586480400000,0.38,22386
1586566800000,0.374,15808
1586653200000,0.393,19088
1586739600000,0.387,17915
1586826000000,0.392,17450
1586912400000,0.408,19275
1586998800000,0.416,18731
1587085200000,0.421,18701
1587171600000,0.43,17681
1587258000000,0.43,18128
1587344400000,0.44,17321
1587430800000,0.456,20384
1587517200000,0.459,16983
1587603600000,0.459,16269
1587690000000,0.46,19403
1587776400000,0.465,18995
1587862800000,0.449,17479
1587949200000,0.444,15415
1588035600000,0.451,14637
1588122000000,0.456,12667
1588208400000,0.457,18161
1588294800000,0.456,18561
1588381200000,0.464,16555
1588467600000,0.468,16080
1588554000000,0.47,12268
1588640400000,0.472,13642
1588726800000,0.471,14308
1588813200000,0.471,13939
1588899600000,0.472,11364
1588986000000,0.491,14648
1589072400000,0.49,13020
1589158800000,0.483,10591
1589245200000,0.489,11767
1589331600000,0.493,13134
1589418000000,0.492,11579
1589504400000,0.494,13365
1589590800000,0.507,15794
1589677200000,0.519,14055
1589763600000,0.529,11528
1589850000000,0.532,9538
1589936400000,0.528,8802
1590022800000,0.524,8779
1590109200000,0.52,9227
1590195600000,0.508,8999
1590282000000,0.494,8157
1590368400000,0.474,7988
1590454800000,0.45,9080
1590541200000,0.465,7909
1590627600000,0.474,8348
1590714000000,0.492,10395
1590800400000,0.48,8545
1590886800000,0.478,7164
1590973200000,0.496,8205
1591059600000,0.479,7352
1591146000000,0.486,7349
1591232400000,0.485,6657
1591318800000,0.477,7596
1591405200000,0.47,9024
1591491600000,0.463,8453
1591578000000,0.457,9610
1591664400000,0.465,6852
1591750800000,0.466,7058
1591837200000,0.476,8812
1591923600000,0.471,7333
1592010000000,0.474,7659
1592096400000,0.476,7423
1592182800000,0.484,7760
1592269200000,0.47,6564
1592355600000,0.477,5840
1592442000000,0.474,5781
1592528400000,0.471,7190
1592614800000,0.474,6561
1592701200000,0.469,6527
1592787600000,0.467,6484
1592874000000,0.465,5626
1592960400000,0.463,6678
1593046800000,0.44,7612
1593133200000,0.439,10100
1593219600000,0.438,7995
1593306000000,0.43,6942
1593392400000,0.43,7417
1593478800000,0.441,7649
1593565200000,0.446,6101
1593651600000,0.446,6903
1593738000000,0.443,6308
1593824400000,0.455,7405
1593910800000,0.446,6791
1593997200000,0.45,7518
1594083600000,0.445,6006
1594170000000,0.439,7551
1594256400000,0.451,8675
1594342800000,0.466,6764
1594429200000,0.48,7724
1594515600000,0.477,7334
1594602000000,0.479,7689
1594688400000,0.482,9787
1594774800000,0.485,7682
1594861200000,0.483,8966
1594947600000,0.479,6733
1595034000000,0.484,6675
1595120400000,0.494,8609
1595206800000,0.493,11868
1595293200000,0.492,7573
1595379600000,0.493,6626
1595466000000,0.504,9056
1595552400000,0.511,16474
1595638800000,0.54,22241
1595725200000,0.556,10434
1595811600000,0.564,7712
1595898000000,0.565,8360
1595984400000,0.566,8534
1596070800000,0.572,9430
1596157200000,0.584,9070
1596243600000,0.589,7196
1596330000000,0.581,7138
1596416400000,0.582,7015
1596502800000,0.56,7339
1596589200000,0.558,6745
1596675600000,0.563,6614
1596762000000,0.564,8582
1596848400000,0.557,7566
1596934800000,0.553,8225
1597021200000,0.55,6013
1597107600000,0.546,5790
1597194000000,0.536,6558
1597280400000,0.531,5758
1597366800000,0.533,6640
1597453200000,0.517,7434
1597539600000,0.527,8201
1597626000000,0.519,5231
1597712400000,0.507,5994
1597798800000,0.518,5365
1597885200000,0.512,5954
1597971600000,0.513,4938
1598058000000,0.523,5152
1598144400000,0.511,5718
1598230800000,0.503,5542
1598317200000,0.499,5017
1598403600000,0.508,5671
1598490000000,0.51,4273
1598576400000,0.505,5252
1598662800000,0.503,5526
1598749200000,0.483,5608
1598835600000,0.482,6228
1598922000000,0.497,6242
1599008400000,0.485,6171
1599094800000,0.494,4782
1599181200000,0.502,6429
1599267600000,0.507,5288
1599354000000,0.483,5680
1599440400000,0.483,5404
1599526800000,0.475,4731
1599613200000,0.479,5114
1599699600000,0.487,5070
1599786000000,0.491,5366
1599872400000,0.496,5204
1599958800000,0.499,5163
1600045200000,0.499,5243
1600131600000,0.506,5201
1600218000000,0.499,5259
1600304400000,0.507,8258
1600390800000,0.51,7053
1600477200000,0.504,5416
1600563600000,0.488,6760
1600650000000,0.49,5495
1600736400000,0.481,4534
1600822800000,0.481,5519
1600909200000,0.488,6568
1600995600000,0.49,6580
1601082000000,0.495,6730
1601168400000,0.497,7340
1601254800000,0.488,6108
1601341200000,0.473,5814
1601427600000,0.502,5602
1601514000000,0.5,6061
1601600400000,0.505,7306
1601686800000,0.504,6555
1601773200000,0.507,7258
1601859600000,0.494,4829
1601946000000,0.495,6033
1602032400000,0.489,5031
1602118800000,0.487,6399
1602205200000,0.488,5744
1602291600000,0.5,7261
1602378000000,0.493,6709
1602464400000,0.491,6165
1602550800000,0.487,5071
1602637200000,0.505,8477
1602723600000,0.507,5992
1602810000000,0.506,7232
1602896400000,0.513,8815
1602982800000,0.516,7816
1603069200000,0.513,6645
1603155600000,0.528,6298
1603242000000,0.52,8388
1603328400000,0.522,5993
1603414800000,0.548,8359
1603501200000,0.55,7198
1603587600000,0.542,5860
1603674000000,0.518,7048
1603760400000,0.534,5132
1603846800000,0.506,5034
1603933200000,0.534,6389
1604019600000,0.521,8137
1604106000000,0.516,6428
1604192400000,0.512,6774
1604278800000,0.51,5193
1604365200000,0.502,6103
1604451600000,0.531,6977
1604538000000,0.532,4993
1604624400000,0.547,6943
1604710800000,0.551,7861
1604797200000,0.547,7329
1604883600000,0.538,6260
1604970000000,0.544,5877
1605056400000,0.533,5086
1605142800000,0.529,4926
1605229200000,0.53,6312
1605315600000,0.538,6053
1605402000000,0.527,6422
1605488400000,0.543,5231
1605574800000,0.538,6617
1605661200000,0.546,6630
1605747600000,0.548,6257
1605834000000,0.554,9105
1605920400000,0.556,7682
1606006800000,0.544,7267
1606093200000,0.549,6942
1606179600000,0.531,5675
1606266000000,0.537,7550
1606352400000,0.492,9595
1606438800000,0.511,10472
1606525200000,0.522,8432
1606611600000,0.505,7502
1606698000000,0.505,6498
1606784400000,0.517,6999
1606870800000,0.528,9983
1606957200000,0.547,8537
1607043600000,0.442,9692
1607130000000,0.45,5549
1607216400000,0.473,7826
1607302800000,0.462,6305
1607389200000,0.455,5613
1607475600000,0.432,5939
1607562000000,0.395,7224
1607648400000,0.405,5303
1607734800000,0.452,6454
1607821200000,0.476,6521
1607907600000,0.454,5639
1607994000000,0.46,5408
1608080400000,0.462,5335
1608166800000,0.481,5303
1608253200000,0.486,6105
1608339600000,0.495,8414
1608426000000,0.509,6759
1608512400000,0.494,6512
1608598800000,0.499,6382
1608685200000,0.472,6974
1608771600000,0.5,10026
1608858000000,0.538,10617
1608944400000,0.551,9409
1609030800000,0.559,6624
1609117200000,0.55,7894
1609203600000,0.572,7527
1609290000000,0.577,7203
1609376400000,0.58,7940
1609462800000,0.581,8427
1609549200000,0.571,8579
1609635600000,0.59,8704
1609722000000,0.58,7913
1609808400000,0.567,8482
1609894800000,0.56,6465
1609981200000,0.558,7310
1610067600000,0.569,9637
1610154000000,0.58,9122
1610240400000,0.571,6693
1610326800000,0.569,7560
1610413200000,0.575,8543
1610499600000,0.58,7643
1610586000000,0.59,9379
1610672400000,0.596,9245
1610758800000,0.601,12286
1610845200000,0.602,10026
1610931600000,0.597,7565
1611018000000,0.591,8118
1611104400000,0.603,7732
1611190800000,0.601,7932
1611277200000,0.596,8628
1611363600000,0.6,7793
1611450000000,0.604,9335
1611536400000,0.602,8765
1611622800000,0.616,7965
1611709200000,0.625,8857
1611795600000,0.598,8020
1611882000000,0.626,9168
1611968400000,0.625,11401
1612054800000,0.633,7893
1612141200000,0.647,7906
1612227600000,0.643,6871
1612314000000,0.655,8897
1612400400000,0.668,10592
1612486800000,0.713,14973
1612573200000,0.802,10276
1612659600000,0.797,7883
1612746000000,0.736,8556
1612832400000,0.734,8826
1612918800000,0.744,7264
1613005200000,0.743,7504
1613091600000,0.732,8500
1613178000000,0.744,8842
1613264400000,0.735,8470
1613350800000,0.71,7074
1613437200000,0.716,7166
1613523600000,0.728,6517
1613610000000,0.705,9256
1613696400000,0.737,8620
1613782800000,0.756,8263
1613869200000,0.753,5605
1613955600000,0.749,7407
1614042000000,0.748,8366
1614128400000,0.754,8265
1614214800000,0.765,9369
1614301200000,0.799,12779
1614387600000,0.804,11871
1614474000000,0.856,12891
1614560400000,0.884,11130
1614646800000,0.922,9375
1614733200000,0.904,7366
1614819600000,0.883,9142
1614906000000,0.908,7695
1614992400000,0.883,8987
1615078800000,0.872,7079
1615165200000,0.854,7520
1615251600000,0.853,9433
1615338000000,0.864,7108
1615424400000,0.859,6268
1615510800000,0.873,9922
1615597200000,0.884,8978
1615683600000,0.871,7508
1615770000000,0.871,7000
1615856400000,0.865,6529
1615942800000,0.843,6834
1616029200000,0.86,7250
1616115600000,0.859,8310
1616202000000,0.855,9849
1616288400000,0.851,9080
1616374800000,0.831,7428
1616461200000,0.829,6372
1616547600000,0.818,6989
1616634000000,0.823,9310
1616720400000,0.856,8183
1616806800000,0.866,9868
1616893200000,0.86,9712
1616979600000,0.886,15020
1617066000000,0.907,7080
1617152400000,0.89,8056
1617238800000,0.911,10138
1617325200000,0.923,9558
1617411600000,0.952,10427
1617498000000,0.993,8160
1617584400000,1.003,8627
1617670800000,1.041,7782
1617757200000,0.987,4654
1617843600000,0.941,6116
1617930000000,0.871,10505
1618016400000,0.867,7254
1618102800000,0.855,5333
1618189200000,0.847,6209
1618275600000,0.825,5695
1618362000000,0.821,2777
1618448400000,0.865,7168
1618534800000,0.885,7877
1618621200000,0.901,6908
1618707600000,0.888,5641
1618794000000,0.878,5655
1618880400000,0.858,7906
1618966800000,0.841,5863
1619053200000,0.841,6164
1619139600000,0.849,7486
1619226000000,0.886,7122
1619312400000,0.881,6433
1619398800000,0.863,6736
1619485200000,0.868,8874
1619571600000,0.869,5643
1619658000000,0.877,5840
1619744400000,0.892,7889
1619830800000,0.91,6136
1619917200000,0.884,7325
1620003600000,0.877,5918
1620090000000,0.863,7530
1620176400000,0.854,6928
1620262800000,0.851,8629
1620349200000,0.877,6585
1620435600000,0.899,7424
1620522000000,0.9,6603
1620608400000,0.858,5751
1620694800000,0.878,6408
1620781200000,0.895,7118
1620867600000,0.882,6884
1620954000000,0.907,7587
1621040400000,0.913,10418
1621126800000,0.929,7167
1621213200000,0.919,5613
1621299600000,0.91,6726
1621386000000,0.928,7653
1621472400000,0.921,6680
1621558800000,0.923,8826
1621645200000,0.928,6799
1621731600000,0.927,8574
1621818000000,0.938,8154
1621904400000,0.935,7744
1621990800000,0.94,9732
1622077200000,0.944,12294
1622163600000,0.955,8935
1622250000000,0.96,13112
1622336400000,0.94,9446
1622422800000,0.943,9167
1622509200000,0.968,6691
1622595600000,0.969,6364
1622682000000,0.978,6347
1622768400000,1.026,13314
1622854800000,1.061,11602
1622941200000,1.068,9003
1623027600000,1.064,7775
1623114000000,1.052,6003
1623200400000,1.074,6098
1623286800000,1.123,9123
1623373200000,1.161,6719
1623459600000,1.18,5785
1623546000000,1.144,5519
1623632400000,1.113,4827
1623718800000,1.125,6016
1623805200000,1.091,4069
1623891600000,1.09,5809
1623978000000,1.102,6231
1624064400000,1.116,6211
1624150800000,1.115,4967
1624237200000,1.092,4356
1624323600000,1.045,3381
1624410000000,1.033,4212
1624496400000,0.952,6126
1624582800000,0.941,5351
1624669200000,0.965,5468
1624755600000,0.963,4446
1624842000000,0.982,6640
1624928400000,1.019,5242
1625014800000,1.032,4804
1625101200000,1.045,4352
1625187600000,1.049,4978
1625274000000,1.045,4570
1625360400000,1.013,4659
1625446800000,1.036,4952
1625533200000,1.007,5141
1625619600000,0.986,4255
1625706000000,0.964,4629
1625792400000,0.986,4853
1625878800000,1.025,4678
1625965200000,1.006,4446
1626051600000,0.982,3504
1626138000000,0.966,3797
1626224400000,0.96,5405
1626310800000,0.969,3621
1626397200000,0.97,5229
1626483600000,0.981,4362
1626570000000,0.945,4954
1626656400000,0.947,4131
1626742800000,0.938,4684
1626829200000,0.949,4753
1626915600000,0.953,5328
1627002000000,0.947,5251
1627088400000,0.965,6223
1627174800000,0.983,4508
1627261200000,0.967,3474
1627347600000,0.981,3026
1627434000000,0.991,4990
1627520400000,1.005,5932
1627606800000,1.06,5356
1627693200000,1.072,5379
1627779600000,1.056,4184
1627866000000,1.047,4353
1627952400000,1.065,4268
1628038800000,1.082,4546
1628125200000,1.091,3781
1628211600000,1.082,5391
1628298000000,1.08,5282
1628384400000,1.045,4111
1628470800000,1.061,4563
1628557200000,1.057,4812
1628643600000,1.068,4803
1628730000000,1.055,4861
1628816400000,1.059,4409
1628902800000,1.034,5218
1628989200000,1.053,4769
1629075600000,1.016,4134
1629162000000,1.039,3774
1629248400000,1.047,4268
1629334800000,1.022,4515
1629421200000,1.02,5326
1629507600000,1.048,5280
1629594000000,1.035,4249
1629680400000,1.023,4107
1629766800000,1.034,4630
1629853200000,1.045,5783
1629939600000,1.032,5872
1630026000000,1.046,6180
1630112400000,1.038,5199
1630198800000,1.047,4603
1630285200000,1.042,4007
1630371600000,1.033,5176
1630458000000,1.027,4256
1630544400000,1.044,6068
1630630800000,1.057,5784
1630717200000,1.068,7117
1630803600000,1.054,6222
1630890000000,1.054,4543
1630976400000,1.036,4140
1631062800000,1.04,5164
1631149200000,1.053,7280
1631235600000,1.052,5517
1631322000000,1.063,5809
1631408400000,1.052,4787
1631494800000,1.04,4054
1631581200000,1.036,4656
1631667600000,1.055,5448
1631754000000,1.047,4349
1631840400000,1.048,4973
1631926800000,1.05,6233
1632013200000,1.053,5787
1632099600000,1.036,7040
1632186000000,1.005,4267
1632272400000,0.846,6503
1632358800000,0.809,3334
1632445200000,0.819,3314
1632531600000,0.855,3507
1632618000000,0.858,3395
1632704400000,0.878,4098
1632790800000,0.874,3926
1632877200000,0.836,3608
1632963600000,0.826,3113
1633050000000,0.827,3467
1633136400000,0.813,3652
1633222800000,0.803,4251
1633309200000,0.819,3418
1633395600000,0.833,4157
1633482000000,0.827,4731
1633568400000,0.81,3527
1633654800000,0.838,3865
1633741200000,0.857,4215
1633827600000,0.874,3050
1633914000000,0.848,3322
1634000400000,0.824,3807
1634086800000,0.812,3423
1634173200000,0.808,5404
1634259600000,0.873,5892
1634346000000,0.891,5088
1634432400000,0.858,3787
1634518800000,0.871,2828
1634605200000,0.863,4667
1634691600000,0.867,3899
1634778000000,0.881,5545
1634864400000,0.81,5171
1634950800000,0.821,5168
1635037200000,0.805,3709
1635123600000,0.764,5133
1635210000000,0.768,4623
1635296400000,0.761,3991
1635382800000,0.74,4576
1635469200000,0.749,4534
1635555600000,0.754,5153
1635642000000,0.753,4575
1635728400000,0.741,5344
1635814800000,0.743,4155
1635901200000,0.744,4887
1635987600000,0.745,5096
1636074000000,0.749,6032
1636160400000,0.753,7045
1636246800000,0.742,5046
1636333200000,0.729,5767
1636419600000,0.736,4918
1636506000000,0.734,5327
1636592400000,0.721,4502
1636678800000,0.756,7921
1636765200000,0.791,7059
1636851600000,0.816,4826
1636938000000,0.807,4836
1637024400000,0.774,5259
1637110800000,0.784,5181
1637197200000,0.804,5055
1637283600000,0.839,5341
1637370000000,0.863,7446
1637456400000,0.882,5235
1637542800000,0.875,3857
1637629200000,0.872,4634
1637715600000,0.823,3779
1637802000000,0.802,6065
1637888400000,0.839,6339
1637974800000,0.842,5051
1638061200000,0.814,4860
1638147600000,0.817,4428
1638234000000,0.808,5517
1638320400000,0.762,4506
1638406800000,0.781,4621
1638493200000,0.807,5187
1638579600000,0.862,4812
1638666000000,0.851,5400
1638752400000,0.842,3947
1638838800000,0.861,4112
1638925200000,0.861,3971
1639011600000,0.852,3926
1639098000000,0.874,8621
1639184400000,0.882,5572
1639270800000,0.9,4406
1639357200000,0.892,4543
1639443600000,0.911,4307
1639530000000,0.889,3615
1639616400000,0.909,4331
1639702800000,0.913,4629
1639789200000,0.927,5390
1639875600000,0.931,4900
1639962000000,0.901,3863
1640048400000,0.903,3153
1640134800000,0.914,5265
1640221200000,0.922,5744
1640307600000,0.959,7559
1640394000000,1.003,8488
1640480400000,1.014,5522
1640566800000,0.994,5060
1640653200000,0.995,6303
1640739600000,0.995,4958
1640826000000,1.01,6719
1640912400000,1.027,6482
1640998800000,1.025,6999
1641085200000,1.015,5815
1641171600000,0.987,3910
1641258000000,0.966,4442
1641344400000,0.99,4972
1641430800000,1.018,4028
1641517200000,1.031,5022
1641603600000,1.057,7522
1641690000000,1.063,5432
1641776400000,1.058,3842
1641862800000,1.056,4540
1641949200000,1.067,5066
1642035600000,1.056,4073
1642122000000,1.055,5099
1642208400000,1.079,7039
1642294800000,1.097,5272
1642381200000,1.097,3610
1642467600000,1.09,3423
1642554000000,1.038,3577
1642640400000,1.059,5066
1642726800000,1.069,4617
1642813200000,1.064,4428
1642899600000,1.02,4300
1642986000000,1.005,3932
1643072400000,1.048,4255
1643158800000,1.039,3353
1643245200000,1.04,3996
1643331600000,1.006,4340
1643418000000,1.005,5355
1643504400000,0.983,5737
1643590800000,0.98,4880
1643677200000,0.979,3710
1643763600000,0.965,5922
1643850000000,0.969,5035
1643936400000,0.994,4146
1644022800000,1.008,5537
1644109200000,0.998,4338
1644195600000,1.001,3686
1644282000000,0.966,4926
1644368400000,0.953,4891
1644454800000,0.967,5502
1644541200000,0.981,4691
1644627600000,0.977,5615
1644714000000,0.961,4924
1644800400000,0.961,3619
1644886800000,0.974,3489
1644973200000,0.975,5785
1645059600000,0.968,4545
1645146000000,0.983,6012
1645232400000,0.971,5846
1645318800000,0.977,5351
1645405200000,0.969,5363
1645491600000,0.965,4249
1645578000000,0.955,4934
1645664400000,0.954,5693
1645750800000,0.938,5754
1645837200000,0.938,7056
1645923600000,0.964,6078
1646010000000,0.976,5303
1646096400000,0.956,5196
1646182800000,0.964,4660
1646269200000,0.97,4698
1646355600000,0.952,6354
1646442000000,0.969,5091
1646528400000,0.988,6697
1646614800000,0.971,5520
1646701200000,0.937,6653
1646787600000,0.966,4143
1646874000000,0.959,4960
1646960400000,0.997,4778
1647046800000,1.024,6060
1647133200000,1.006,4789
1647219600000,1.013,3634
1647306000000,1.023,4186
1647392400000,1.007,4235
1647478800000,1.002,4579
1647565200000,1.019,5082
1647651600000,1.005,5706
1647738000000,1.036,5350
1647824400000,1.024,3874
1647910800000,1.009,3942
1647997200000,0.996,4268
1648083600000,0.998,4743
1648170000000,0.998,6430
1648256400000,1.008,6040
1648342800000,1.005,5040
1648429200000,1.017,4974
1648515600000,1.021,5019
1648602000000,1.055,5897
1648688400000,1.065,5372
1648774800000,1.065,7499
1648861200000,1.069,6407
1648947600000,1.085,8728
1649034000000,1.1,7316
1649120400000,1.094,6868
1649206800000,1.122,5138
1649293200000,1.12,6013
1649379600000,1.125,6205
1649466000000,1.139,7144
1649552400000,1.174,6604
1649638800000,1.142,4091
1649725200000,1.138,4091
1649811600000,1.172,7054
1649898000000,1.203,4972
1649984400000,1.188,4601
1650070800000,1.197,4137
1650157200000,1.163,4928
1650243600000,1.167,3726
1650330000000,1.19,4652
1650416400000,1.201,3803
1650502800000,1.195,6810
1650589200000,1.19,7476
1650675600000,1.196,6517
1650762000000,1.217,5245
1650848400000,1.226,4816
1650934800000,1.2,4612
1651021200000,1.183,5280
1651107600000,1.181,5498
1651194000000,1.186,5964
1651280400000,1.208,6365
1651366800000,1.197,5046
1651453200000,1.217,5761
1651539600000,1.237,3700
1651626000000,1.221,4009
1651712400000,1.195,3439
1651798800000,1.223,4078
1651885200000,1.231,5862
1651971600000,1.239,4731
1652058000000,1.226,3052
1652144400000,1.228,3366
1652230800000,1.208,3956
1652317200000,1.228,3806
1652403600000,1.224,4300
1652490000000,1.231,4703
1652576400000,1.236,4362
1652662800000,1.249,4002
1652749200000,1.231,3691
1652835600000,1.203,3579
1652922000000,1.197,5776
1653008400000,1.222,7635
1653094800000,1.269,4729
1653181200000,1.264,5359
1653267600000,1.237,5280
1653354000000,1.241,3658
1653440400000,1.251,4640
1653526800000,1.25,4735
1653613200000,1.247,5068
1653699600000,1.244,5766
1653786000000,1.252,6170
1653872400000,1.255,5419
1653958800000,1.274,6133
1654045200000,1.297,6130
1654131600000,1.321,4510
1654218000000,1.32,5242
1654304400000,1.319,4112
1654390800000,1.331,4000
1654477200000,1.309,3834
1654563600000,1.337,4715
1654650000000,1.334,4000
1654736400000,1.337,3894
1654822800000,1.367,4454
1654909200000,1.334,5461
1654995600000,1.352,4136
1655082000000,1.355,3515
1655168400000,1.297,2904
1655254800000,1.293,5026
1655341200000,1.306,4589
1655427600000,1.333,4839
1655514000000,1.349,4910
1655600400000,1.344,4242
1655686800000,1.309,4587
1655773200000,1.311,5321
1655859600000,1.294,4500
1655946000000,1.314,5316
1656032400000,1.305,6235
1656118800000,1.295,5797
1656205200000,1.274,4812
1656291600000,1.293,4991
1656378000000,1.294,5968
1656464400000,1.299,5850
1656550800000,1.323,7009
1656637200000,1.337,11106
1656723600000,1.383,7321
1656810000000,1.393,5201
1656896400000,1.377,6205
1656982800000,1.37,6175
1657069200000,1.346,5512
1657155600000,1.34,5343
1657242000000,1.352,5499
1657328400000,1.373,4695
1657414800000,1.368,4808
1657501200000,1.376,4931
1657587600000,1.364,4174
1657674000000,1.363,3682
1657760400000,1.354,4488
1657846800000,1.376,4444
1657933200000,1.389,4616
1658019600000,1.384,4444
1658106000000,1.418,3216
1658192400000,1.46,3874
1658278800000,1.471,3166
1658365200000,1.416,3402
1658451600000,1.445,4484
1658538000000,1.435,4702
1658624400000,1.443,4174
1658710800000,1.447,3995
1658797200000,1.493,4249
1658883600000,1.47,3598
1658970000000,1.48,3999
1659056400000,1.51,3706
1659142800000,1.48,4296
1659229200000,1.478,4100
1659315600000,1.493,3731
1659402000000,1.48,3530
1659488400000,1.517,2939
1659574800000,1.512,3612
1659661200000,1.46,4065
1659747600000,1.471,4119
1659834000000,1.48,4494
1659920400000,1.46,3171
1660006800000,1.397,2325
1660093200000,1.47,3906
1660179600000,1.478,4029
1660266000000,1.484,3920
1660352400000,1.483,3874
1660438800000,1.485,4332
1660525200000,1.453,3105
1660611600000,1.429,2947
1660698000000,1.472,4442
1660784400000,1.482,4108
1660870800000,1.454,3786
1660957200000,1.475,4778
1661043600000,1.463,4023
1661130000000,1.461,3178
1661216400000,1.424,4025
1661302800000,1.404,3404
1661389200000,1.423,4060
1661475600000,1.403,3241
1661562000000,1.455,4635
1661648400000,1.457,4338
1661734800000,1.413,3293
1661821200000,1.427,4422
1661907600000,1.43,3831
1661994000000,1.4,3476
1662080400000,1.398,4488
1662166800000,1.433,3743
1662253200000,1.408,4207
1662339600000,1.421,3564
1662426000000,1.414,3940
1662512400000,1.415,4886
1662598800000,1.433,4702
1662685200000,1.395,8838
1662771600000,1.397,5154
1662858000000,1.384,9646
1662944400000,1.427,4227
1663030800000,1.431,4175
1663117200000,1.424,4223
1663203600000,1.425,4869
1663290000000,1.428,4649
1663376400000,1.432,4358
1663462800000,1.395,4160
1663549200000,1.382,3905
1663635600000,1.392,4088
1663722000000,1.364,3811
1663808400000,1.327,4144
1663894800000,1.372,4066
1663981200000,1.341,4592
1664067600000,1.287,3540
1664154000000,1.332,3627
1664240400000,1.323,3633
1664326800000,1.336,3467
1664413200000,1.296,5213
1664499600000,1.318,4833
1664586000000,1.365,5805
1664672400000,1.391,4422
1664758800000,1.39,4353
1664845200000,1.381,4596
1664931600000,1.385,3106
1665018000000,1.35,4763
1665104400000,1.375,5743
1665190800000,1.345,3555
1665277200000,1.351,3522
1665363600000,1.322,5443
1665450000000,1.336,3461
1665536400000,1.299,2861
1665622800000,1.31,3822
1665709200000,1.298,3354
1665795600000,1.362,5578
1665882000000,1.354,3221
1665968400000,1.349,3140
1666054800000,1.362,2916
1666141200000,1.35,2747
1666227600000,1.357,3232
1666314000000,1.353,4472
1666400400000,1.327,3239
1666486800000,1.347,3565
1666573200000,1.311,3699
1666659600000,1.326,2595
1666746000000,1.382,4249
1666832400000,1.304,3380
1666918800000,1.289,4067
1667005200000,1.296,4245
1667091600000,1.28,8136
1667178000000,1.307,7016
1667264400000,1.312,4222
1667350800000,1.351,4077
1667437200000,1.343,4267
1667523600000,1.35,4432
1667610000000,1.4,4154
1667696400000,1.374,4631
1667782800000,1.403,3580
1667869200000,1.448,4029
1667955600000,1.454,4221
1668042000000,1.439,2937
1668128400000,1.437,3054
1668214800000,1.394,3835
1668301200000,1.421,3775
1668387600000,1.373,3366
1668474000000,1.363,3581
1668560400000,1.382,3835
1668646800000,1.39,3156
1668733200000,1.391,3158
1668819600000,1.33,3457
1668906000000,1.336,4001
1668992400000,1.293,3552
1669078800000,1.336,3559
1669165200000,1.255,3759
1669251600000,1.238,3938
1669338000000,1.251,4195
1669424400000,1.273,4156
1669510800000,1.287,3971
1669597200000,1.281,2897
1669683600000,1.277,3480
1669770000000,1.33,3620
1669856400000,1.357,4283
1669942800000,1.392,5473
1670029200000,1.385,12000
1670115600000,1.401,5909
1670202000000,1.376,8481
1670288400000,1.401,3366
1670374800000,1.399,4324
1670461200000,1.409,4326
1670547600000,1.437,4907
1670634000000,1.415,10174
1670720400000,1.438,4598
1670806800000,1.454,4333
1670893200000,1.424,3621
1670979600000,1.401,3646
1671066000000,1.39,4686
1671152400000,1.385,4190
1671238800000,1.403,4045
1671325200000,1.401,4009
1671411600000,1.395,2660
1671498000000,1.398,3580
1671584400000,1.398,3754
1671670800000,1.401,4344
1671757200000,1.402,5511
1671843600000,1.434,5141
1671930000000,1.442,5594
1672016400000,1.432,5407
1672102800000,1.455,4659
1672189200000,1.442,5226
1672275600000,1.459,5071
1672362000000,1.466,5605
1672448400000,1.498,5441
1672534800000,1.487,4476
1672621200000,1.484,4880
1672707600000,1.494,4083
1672794000000,1.506,3792
1672880400000,1.495,4152
1672966800000,1.53,3674
1673053200000,1.525,5200
1673139600000,1.535,4501
1673226000000,1.53,3282
1673312400000,1.547,3824
1673398800000,1.553,3895
1673485200000,1.561,4113
1673571600000,1.608,4687
1673658000000,1.602,5259
1673744400000,1.619,6832
1673830800000,1.657,4769
1673917200000,1.696,4156
1674003600000,1.72,3675
1674090000000,1.734,3340
1674176400000,1.713,3910
1674262800000,1.738,4831
1674349200000,1.755,4952
1674435600000,1.834,4057
1674522000000,1.846,4362
1674608400000,1.811,3874
1674694800000,1.857,3922
1674781200000,1.905,5324
1674867600000,1.984,4763
1674954000000,2.019,4434
1675040400000,2.05,3435
1675126800000,2.051,3061
1675213200000,2.019,3633
1675299600000,2.019,3538
1675386000000,2.073,4160
1675472400000,2.065,3754
1675558800000,2.083,4390
1675645200000,2.128,3389
1675731600000,1.993,2877
1675818000000,1.976,3013
1675904400000,1.99,3432
1675990800000,1.982,3462
1676077200000,1.989,4349
1676163600000,1.919,3833
1676250000000,1.928,3586
1676336400000,1.984,3680
1676422800000,1.98,3039
1676509200000,1.984,3474
1676595600000,1.904,4576
1676682000000,1.989,3744
1676768400000,1.977,3888
1676854800000,2.001,3825
1676941200000,1.977,2985
1677027600000,1.94,3732
1677114000000,1.966,5131
1677200400000,2.001,6804
1677286800000,2.036,6183
1677373200000,2.071,5155
1677459600000,2.071,3558
1677546000000,2.102,4583
1677632400000,2.178,4175
1677718800000,2.184,3797
1677805200000,2.113,4132
1677891600000,2.167,5380
1677978000000,2.098,7288
1678064400000,2.009,8788
1678150800000,1.999,6605
1678237200000,2.016,6672
1678323600000,2.047,5873
1678410000000,2.089,6016
1678496400000,2.1,6439
1678582800000,2.066,8129
1678669200000,2.108,5779
1678755600000,2.141,5186
1678842000000,2.119,4681
1678928400000,2.131,6016
1679014800000,2.052,7558
1679101200000,2.065,6818
1679187600000,2.054,6817
1679274000000,2.011,8251
1679360400000,2.055,6257
1679446800000,2.011,10563
1679533200000,2.082,12005
1679619600000,2.176,11637
1679706000000,2.294,10195
1679792400000,2.391,11498
1679878800000,2.438,9687
1679965200000,2.448,9224
1680051600000,2.68,9850
1680138000000,2.938,7437
1680224400000,3.137,7450
1680310800000,3.421,8009
1680397200000,3.399,7610
1680483600000,3.078,7272
1680570000000,3.132,6058
1680656400000,3.129,6408
1680742800000,3.238,7746
1680829200000,3.248,7290
1680915600000,3.401,6970
1681002000000,3.304,8054
1681088400000,3.321,9274
1681174800000,3.256,7067
1681261200000,3.29,7725
1681347600000,3.373,7629
1681434000000,3.419,7849
1681520400000,3.529,7831
1681606800000,3.661,8162
1681693200000,3.685,7006
1681779600000,3.704,6804
1681866000000,3.736,7517
1681952400000,3.564,8298
1682038800000,3.543,9021
1682125200000,3.431,7710
1682211600000,3.274,2092
1682247600000,2.954,513
1682251200000,2.954,360
1682254800000,2.954,553
1682258400000,2.928,470
1682262000000,3.06,443
1682265600000,2.943,424
1682269200000,3.13,408
1682272800000,2.856,368
1682276400000,3,653
1682280000000,3.032,460
1682283600000,3.031,352
1682287200000,3.185,357
1682290800000,3.229,343
1682294400000,3.251,452
1682298000000,3.27,315
1682301600000,3.28,319
1682305200000,3.29,207
1682308800000,3.29,190
1682312400000,3.29,194
1682316000000,3.31,263
1682319600000,3.296,176
1682323200000,3.383,325
1682326800000,3.284,249
1682330400000,3.248,188
1682334000000,3.195,482
1682337600000,3.288,293
1682341200000,3.41,218
1682344800000,3.435,256
1682348400000,3.46,303
1682352000000,3.303,322
1682355600000,3.064,261
1682359200000,3.06,398
1682362800000,3.088,460
1682366400000,3.103,520
1682370000000,3.204,432
1682373600000,3.171,501
1682377200000,2.731,875
1682380800000,3.336,472
1682384400000,3.394,218
1682388000000,3.354,267
1682391600000,3.3,198
1682395200000,3.05,149
1682398800000,3.165,236
1682402400000,3.4,264
1682406000000,3.094,151
1682409600000,3.233,218
1682413200000,3.24,284
1682416800000,3.059,223
1682420400000,2.93,273
1682424000000,2.988,236
1682427600000,2.91,247
1682431200000,2.863,193
1682434800000,2.899,625
1682438400000,3.006,541
1682442000000,3.006,378
1682445600000,2.7,917
1682449200000,3.04,520
1682452800000,2.995,599
1682456400000,2.957,402
1682460000000,2.836,499
1682463600000,2.77,190
1682467200000,2.93,318
1682470800000,2.978,214
1682474400000,3,270
1682478000000,3.15,329
1682481600000,3.265,362
1682485200000,3.26,244
1682488800000,3.28,432
1682492400000,2.79,189
1682496000000,2.88,169
1682499600000,2.984,155
1682503200000,2.797,155
1682506800000,3.007,186
1682510400000,3.062,222
1682514000000,2.87,171
1682517600000,3.13,217
1682521200000,3.077,234
1682524800000,3.082,230
1682528400000,2.814,350
1682532000000,3.033,395
1682535600000,3,348
1682539200000,2.967,332
1682542800000,3.14,728
1682546400000,3.12,348
1682550000000,3.157,430
1682553600000,3.08,267
1682557200000,3.145,182
1682560800000,3.173,254
1682564400000,3.197,208
1682568000000,3.152,117
1682571600000,2.99,112
1682575200000,3.124,238
1682578800000,3.02,174
1682582400000,3.147,258
1682586000000,3.157,228
1682589600000,3.172,148
1682593200000,3.085,79
1682596800000,3.15,165
1682600400000,3.102,188
1682604000000,2.991,288
1682607600000,3.105,558
1682611200000,3.187,506
1682614800000,3.197,440
1682618400000,3.198,503
1682622000000,3.157,469
1682625600000,3.135,386
1682629200000,3.151,438
1682632800000,3.14,336
1682636400000,3.124,229
1682640000000,3.135,404
1682643600000,3.201,316
1682647200000,3.209,201
1682650800000,3.25,295
1682654400000,3.28,324
1682658000000,3.3,222
1682661600000,3.3,314
1682665200000,3.3,225
1682668800000,3.33,220
1682672400000,3.3,252
1682676000000,3.3,154
1682679600000,3.197,95
1682683200000,3.201,150
1682686800000,3.242,262
1682690400000,3.288,407
1682694000000,3.29,309
1682697600000,3.299,471
1682701200000,3.276,308
1682704800000,3.29,386
1682708400000,3.312,445
1682712000000,3.323,463
1682715600000,3.28,416
1682719200000,3.312,471
1682722800000,3.356,402
1682726400000,3.33,264
1682730000000,3.305,285
1682733600000,3.4,456
1682737200000,3.411,382
1682740800000,3.45,269
1682744400000,3.48,405
1682748000000,3.48,320
1682751600000,3.51,270
1682755200000,3.52,325
1682758800000,3.37,191
1682762400000,3.29,175
1682766000000,3.282,262
1682769600000,3.363,239
1682773200000,3.33,237
1682776800000,3.411,291
1682780400000,3.163,249
1682784000000,3.159,383
1682787600000,3.41,256
1682791200000,3.389,385
1682794800000,3.355,324
1682798400000,3.345,353
1682802000000,3.367,477
1682805600000,3.16,303
1682809200000,3.191,311
1682812800000,3.18,257
1682816400000,3.19,257
1682820000000,3.3,243
1682823600000,3.375,247
1682827200000,3.39,234
1682830800000,3.39,241
1682834400000,3.4,348
1682838000000,3.417,224
1682841600000,3.397,186
1682845200000,3.19,111
1682848800000,3.27,205
1682852400000,3.275,220
1682856000000,3.277,269
1682859600000,3.257,200
1682863200000,3.257,440
1682866800000,3.29,483
1682870400000,3.288,458
1682874000000,3.288,397
1682877600000,3.25,255
1682881200000,3.257,388
1682884800000,2.872,717
1682888400000,3.157,260
1682892000000,3.224,503
1682895600000,3.246,493
1682899200000,3.28,393
1682902800000,3.334,442
1682906400000,3.4,236
1682910000000,3.4,191
1682913600000,3.3,82
1682917200000,3.27,200
1682920800000,3.389,113
1682924400000,3.22,89
1682928000000,3.18,61
1682931600000,3.037,169
1682935200000,3.263,246
1682938800000,3.28,201
1682942400000,3.136,115
1682946000000,3.189,241
1682949600000,3.225,210
1682953200000,3.162,193
1682956800000,2.861,434
1682960400000,3.081,274
1682964000000,3.235,306
1682967600000,3.225,390
1682971200000,3.163,208
1682974800000,3.03,273
1682978400000,3.14,396
1682982000000,3.294,264
1682985600000,3.3,215
1682989200000,3.241,160
1682992800000,3.3,128
1682996400000,3.161,145
1683000000000,3.162,100
1683003600000,3.3,143
1683007200000,3.335,165
1683010800000,3.282,113
1683014400000,3.195,178
1683018000000,3.28,348
1683021600000,3.267,241
1683025200000,3.261,248
1683028800000,3.25,254
1683032400000,3.185,196
1683036000000,3.285,248
1683039600000,3.269,202
1683043200000,3.063,133
1683046800000,3.1,288
1683050400000,3.239,243
1683054000000,3.195,305
1683057600000,2.942,333
1683061200000,3.198,377
1683064800000,3.23,341
1683068400000,3.148,118
1683072000000,2.948,180
1683075600000,3.236,455
1683079200000,3.26,263
1683082800000,2.999,157
1683086400000,3.27,370
1683090000000,3.29,341
1683093600000,3.3,163
1683097200000,3.298,90
1683100800000,3.22,113
1683104400000,3.044,128
1683108000000,3.26,118
1683111600000,3.265,149
1683115200000,3.266,227
1683118800000,3.209,149
1683122400000,3.28,265
1683126000000,3.25,329
1683129600000,3.223,374
1683133200000,3.186,410
1683136800000,3.13,268
1683140400000,3.23,449
1683144000000,3.23,317
1683147600000,3.08,227
1683151200000,3.211,226
1683154800000,3.221,278
1683158400000,3.3,236
1683162000000,3.3,222
1683165600000,3.31,296
1683169200000,3.31,95
1683172800000,3.33,153
1683176400000,3.17,101
1683180000000,3.3,152
1683183600000,3.357,197
1683187200000,3.27,102
1683190800000,3.36,245
1683194400000,3.286,89
1683198000000,3.304,142
1683201600000,3.26,91
1683205200000,3.35,177
1683208800000,3.338,238
1683212400000,3.31,258
1683216000000,3.307,258
1683219600000,3.295,231
1683223200000,3.298,262
1683226800000,3.321,394
1683230400000,3.372,376
1683234000000,3.305,328
1683237600000,3.306,368
1683241200000,3.305,253
1683244800000,3.37,189
1683248400000,3.28,272
1683252000000,3.29,226
1683255600000,3.22,118
1683259200000,3.3,244
1683262800000,3.341,198
1683266400000,3.31,228
1683270000000,3.15,119
1683273600000,3.15,107
1683277200000,2.914,172
1683280800000,3.144,236
1683284400000,3.186,198
1683288000000,3.072,126
1683291600000,2.854,195
1683295200000,2.92,88
1683298800000,3.074,134
1683302400000,3.041,241
1683306000000,3.059,273
1683309600000,3.206,403
1683313200000,3.084,272
1683316800000,3.18,510
1683320400000,3.1,547
1683324000000,3.27,526
1683327600000,3.295,389
1683331200000,3.35,247
1683334800000,3.37,253
1683338400000,3.4,240
1683342000000,3.413,198
1683345600000,3.435,351
1683349200000,3.4,286
1683352800000,3.4,156
1683356400000,3.311,148
1683360000000,3.35,182
1683363600000,3.244,114
1683367200000,2.965,94
1683370800000,2.965,134
1683374400000,3.051,155
1683378000000,3.138,226
1683381600000,3.069,145
1683385200000,2.981,275
1683388800000,2.948,163
1683392400000,2.987,272
1683396000000,2.855,288
1683399600000,2.93,451
1683403200000,3.042,307
1683406800000,2.998,504
1683410400000,3.218,313
1683414000000,3.251,296
1683417600000,3.29,299
1683421200000,3.245,181
1683424800000,3.29,189
1683428400000,3.286,145
1683432000000,3.29,181
1683435600000,3.25,148
1683439200000,3.19,185
1683442800000,3.12,165
1683446400000,3.273,168
1683450000000,3.27,120
1683453600000,3.097,179
1683457200000,2.945,136
1683460800000,2.867,224
1683464400000,2.976,274
1683468000000,3.05,276
1683471600000,3.119,319
1683475200000,3.04,285
1683478800000,3.041,260
1683482400000,3.069,296
1683486000000,3.064,265
1683489600000,3.068,374
1683493200000,3.15,344
1683496800000,3.131,328
1683500400000,3.174,203
1683504000000,3.15,209
1683507600000,3.18,154
1683511200000,3.22,172
1683514800000,3.08,191
1683518400000,3.213,231
1683522000000,3.27,414
1683525600000,3.257,188
1683529200000,3.15,123
1683532800000,3.095,147
1683536400000,3.04,159
1683540000000,3.075,142
1683543600000,3.054,161
1683547200000,2.954,253
1683550800000,3.085,170
1683554400000,3.076,184
1683558000000,3.174,360
1683561600000,3.25,691
1683565200000,3.05,342
1683568800000,3.015,203
1683572400000,3.119,351
1683576000000,3.07,308
1683579600000,3.19,450
1683583200000,3.121,445
1683586800000,3.2,368
1683590400000,3.27,363
1683594000000,3.28,153
1683597600000,3.29,175
1683601200000,3.28,228
1683604800000,3.3,140
1683608400000,3.31,248
1683612000000,3.3,109
1683615600000,3.3,110
1683619200000,3.153,97
1683622800000,3.24,98
1683626400000,3.149,71
1683630000000,3.17,76
1683633600000,3.03,169
1683637200000,3.186,180
1683640800000,3.173,169
1683644400000,3.167,216
1683648000000,3.16,390
1683651600000,3.145,293
1683655200000,2.913,383
1683658800000,3.209,452
1683662400000,3.012,223
1683666000000,3.01,309
1683669600000,3.12,292
1683673200000,3.25,256
1683676800000,3.263,266
1683680400000,3.28,283
1683684000000,3.265,170
1683687600000,3.3,276
1683691200000,3.3,170
1683694800000,3.29,191
1683698400000,3.287,137
1683702000000,3.291,232
1683705600000,3.3,254
1683709200000,3.19,107
1683712800000,3.276,236
1683716400000,3.223,100
1683720000000,3.176,141
1683723600000,3.16,188
1683727200000,3.173,250
1683730800000,3.162,354
1683734400000,3.158,231
1683738000000,3.064,202
1683741600000,3.031,197
1683745200000,3.077,312
1683748800000,3.27,549
1683752400000,3.283,525
1683756000000,3.17,233
1683759600000,3.173,171
1683763200000,3.283,289
1683766800000,3.28,246
1683770400000,3.29,372
1683774000000,3.3,284
1683777600000,3.31,382
1683781200000,3.29,188
1683784800000,3.328,267
1683788400000,3.35,196
1683792000000,3.31,100
1683795600000,2.866,94
1683799200000,2.997,61
1683802800000,2.967,123
1683806400000,3.074,119
1683810000000,3.158,165
1683813600000,3.096,233
1683817200000,3.281,242
1683820800000,3.244,176
1683824400000,3.235,256
1683828000000,3.03,181
1683831600000,3.03,184
1683835200000,3.052,386
1683838800000,2.99,307
1683842400000,3.223,304
1683846000000,3.219,315
1683849600000,3.256,238
1683853200000,3.26,185
1683856800000,3.254,193
1683860400000,3.26,172
1683864000000,3.25,308
1683867600000,3.27,175
1683871200000,3.27,202
1683874800000,3.132,220
1683878400000,3.136,192
1683882000000,3.196,112
1683885600000,3.295,404
1683889200000,3.216,261
1683892800000,3.258,140
1683896400000,3.273,318
1683900000000,3.273,427
1683903600000,3.273,366
1683907200000,3.271,301
1683910800000,3.284,319
1683914400000,3.271,300
1683918000000,3.305,425
1683921600000,3.322,374
1683925200000,3.317,271
1683928800000,3.33,409
1683932400000,3.266,479
1683936000000,3.36,376
1683939600000,3.37,383
1683943200000,3.37,339
1683946800000,3.41,512
1683950400000,3.42,306
1683954000000,3.45,383
1683957600000,3.45,235
1683961200000,3.45,256
1683964800000,3.385,202
1683968400000,3.37,145
1683972000000,3.219,154
1683975600000,3.14,228
1683979200000,3.3,269
1683982800000,3.295,217
1683986400000,3.295,278
1683990000000,3.274,202
1683993600000,3.29,206
1683997200000,3.317,337
1684000800000,3.261,293
1684004400000,3.26,169
1684008000000,3.1,246
1684011600000,3.151,312
1684015200000,3.252,261
1684018800000,3.278,421
1684022400000,3.25,231
1684026000000,3.323,260
1684029600000,3.35,295
1684033200000,3.361,200
1684036800000,3.35,109
1684040400000,3.358,162
1684044000000,3.258,93
1684047600000,3.22,119
1684051200000,3.22,99
1684054800000,3.087,149
1684058400000,3.164,189
1684062000000,3.224,234
1684065600000,3.239,221
1684069200000,3.308,197
1684072800000,3.187,212
1684076400000,3.208,243
1684080000000,3.25,278
1684083600000,3.263,285
1684087200000,3.252,246
1684090800000,3.186,239
1684094400000,3.208,311
1684098000000,3.173,160
1684101600000,3.078,148
1684105200000,3.132,187
1684108800000,3.146,201
1684112400000,3.19,247
1684116000000,3.24,112
1684119600000,3.24,205
1684123200000,3.24,203
1684126800000,3.24,225
1684130400000,3.232,135
1684134000000,3.25,118
1684137600000,3.23,112
1684141200000,3.12,53
1684144800000,3.14,81
1684148400000,3.1,149
1684152000000,3.24,176
1684155600000,3.121,130
1684159200000,3.189,207
1684162800000,3.164,113
1684166400000,3.12,176
1684170000000,3.187,244
1684173600000,3.187,383
1684177200000,3.188,357
1684180800000,3.25,397
1684184400000,3.142,259
1684188000000,3.236,362
1684191600000,3.23,226
1684195200000,3.01,103
1684198800000,3.16,183
1684202400000,3.218,180
1684206000000,3.24,88
1684209600000,3.25,160
1684213200000,3.26,235
1684216800000,3.26,160
1684220400000,3.24,78
1684224000000,2.951,70
1684227600000,3.044,102
1684231200000,3.014,141
1684234800000,3.12,310
1684238400000,3.153,137
1684242000000,3.099,164
1684245600000,3.014,148
1684249200000,3.023,255
1684252800000,3.044,221
1684256400000,3.207,366
1684260000000,3.12,221
1684263600000,3.19,258
1684267200000,3.218,323
1684270800000,3.218,271
1684274400000,3.218,302
1684278000000,3.229,129
1684281600000,3.224,168
1684285200000,3.05,216
1684288800000,3.224,165
1684292400000,3.22,100
1684296000000,3.229,147
1684299600000,3.238,259
1684303200000,3.24,134
1684306800000,3.228,120
1684310400000,3.1,122
1684314000000,3.049,95
1684317600000,3.198,126
1684321200000,3.218,154
1684324800000,2.902,333
1684328400000,2.84,424
1684332000000,3.185,296
1684335600000,3.218,238
1684339200000,3.185,190
1684342800000,3.218,413
1684346400000,3.207,245
1684350000000,3.196,334
1684353600000,3.164,310
1684357200000,3.147,297
1684360800000,3.18,358
1684364400000,3.147,167
1684368000000,3.18,252
1684371600000,3.18,241
1684375200000,3.147,155
1684378800000,3.232,225
1684382400000,3.02,105
1684386000000,3.01,123
1684389600000,3.188,93
1684393200000,3.147,110
1684396800000,3.207,105
1684400400000,3.104,140
1684404000000,3.19,215
1684407600000,3.147,241
1684411200000,3.106,144
1684414800000,3.125,177
1684418400000,3.14,332
1684422000000,3.147,198
1684425600000,3.18,307
1684429200000,3.207,327
1684432800000,3.104,224
1684436400000,3.136,289
1684440000000,3.16,258
1684443600000,3.13,279
1684447200000,3.105,211
1684450800000,3.13,234
1684454400000,3.16,210
1684458000000,3.197,246
1684461600000,3.22,233
1684465200000,3.23,181
1684468800000,3.223,121
1684472400000,3.152,116
1684476000000,3.026,222
1684479600000,3.199,476
1684483200000,3.217,446
1684486800000,3.22,177
1684490400000,3.23,265
1684494000000,3.191,188
1684497600000,3.091,108
1684501200000,3.191,196
1684504800000,3.222,262
1684508400000,3.072,186
1684512000000,3.025,192
1684515600000,3.047,293
1684519200000,3.195,273
1684522800000,3.224,318
1684526400000,3.127,308
1684530000000,3.067,167
1684533600000,3.021,316
1684537200000,3.183,288
1684540800000,3.22,122
1684544400000,3.199,136
1684548000000,3.209,225
1684551600000,3.226,106
1684555200000,3.226,234
1684558800000,3.22,357
1684562400000,3.221,144
1684566000000,3.214,158
1684569600000,3.105,93
1684573200000,3.14,132
1684576800000,3.18,198
1684580400000,3.15,155
1684584000000,3.184,289
1684587600000,3.188,208
1684591200000,3.183,129
1684594800000,3.14,195
1684598400000,3.172,240
1684602000000,3.13,285
1684605600000,3.103,271
1684609200000,3.12,260
1684612800000,3.194,444
1684616400000,3.19,369
1684620000000,3.19,207
1684623600000,3.19,260
1684627200000,3.1,97
1684630800000,3.19,323
1684634400000,3.19,215
1684638000000,3.226,286
1684641600000,3.224,231
1684645200000,3.22,111
1684648800000,3.23,176
1684652400000,3.102,93
1684656000000,3.226,261
1684659600000,3.226,177
1684663200000,3.219,154
1684666800000,3.064,174
1684670400000,3.01,133
1684674000000,3.107,313
1684677600000,3.021,269
1684681200000,2.978,171
1684684800000,3.172,258
1684688400000,3.194,327
1684692000000,3.1,243
1684695600000,3.161,341
1684699200000,3.129,358
1684702800000,3.151,219
1684706400000,3.207,415
1684710000000,3.199,317
1684713600000,3.21,235
1684717200000,3.194,190
1684720800000,3.19,192
1684724400000,3.22,266
1684728000000,3.166,110
1684731600000,3.147,109
1684735200000,3.161,79
1684738800000,3.01,71
1684742400000,3.054,76
1684746000000,3.083,102
1684749600000,3.063,148
1684753200000,3.01,201
1684756800000,2.966,207
1684760400000,2.978,202
1684764000000,3.17,177
1684767600000,3.179,333
1684771200000,2.87,221
1684774800000,2.901,381
1684778400000,2.902,390
1684782000000,2.9,280
1684785600000,2.913,306
1684789200000,2.96,246
1684792800000,3.019,267
1684796400000,3.081,242
1684800000000,3.115,323
1684803600000,3.16,366
1684807200000,3.17,312
1684810800000,3.215,305
1684814400000,3.22,250
1684818000000,3.231,118
1684821600000,3.231,139
1684825200000,3.107,70
1684828800000,3.211,165
1684832400000,3.114,89
