timestamp,price_dollar,sells
1385600400000,3.366,30
1385686800000,1.571,67
1385773200000,0.915,90
1385859600000,0.868,101
1385946000000,0.739,83
1386032400000,0.645,77
1386118800000,0.654,72
1386205200000,0.577,89
1386291600000,0.67,63
1386378000000,0.56,93
1386464400000,0.566,99
1386550800000,0.482,90
1386637200000,0.488,89
1386723600000,0.451,113
1386810000000,0.457,105
1386896400000,0.454,102
1386982800000,0.388,115
1387069200000,0.388,132
1387155600000,0.395,96
1387242000000,0.372,80
1387328400000,0.314,76
1387414800000,0.27,120
1387501200000,0.25,140
1387587600000,0.24,158
1387674000000,0.257,188
1387760400000,0.22,156
1387846800000,0.236,167
1387933200000,0.268,115
1388019600000,0.256,163
1388106000000,0.253,160
1388192400000,0.252,163
1388278800000,0.225,198
1388365200000,0.226,196
1388451600000,0.239,174
1388538000000,0.244,172
1388624400000,0.234,203
1388710800000,0.222,135
1388797200000,0.241,258
1388883600000,0.238,209
1388970000000,0.225,197
1389056400000,0.223,218
1389142800000,0.214,165
1389229200000,0.211,174
1389315600000,0.204,210
1389402000000,0.216,193
1389488400000,0.184,235
1389574800000,0.192,198
1389661200000,0.198,219
1389747600000,0.214,167
1389834000000,0.205,194
1389920400000,0.186,179
1390006800000,0.193,249
1390093200000,0.203,260
1390179600000,0.187,226
1390266000000,0.178,196
1390352400000,0.175,221
1390438800000,0.162,215
1390525200000,0.159,209
1390611600000,0.164,249
1390698000000,0.156,242
1390784400000,0.138,272
1390870800000,0.141,280
1390957200000,0.141,225
1391043600000,0.14,260
1391130000000,0.142,265
1391216400000,0.134,310
1391302800000,0.152,315
1391389200000,0.138,233
1391475600000,0.13,226
1391562000000,0.128,247
1391648400000,0.134,259
1391734800000,0.139,240
1391821200000,0.133,279
1391907600000,0.133,313
1391994000000,0.128,269
1392080400000,0.127,253
1392166800000,0.122,256
1392253200000,0.109,284
1392339600000,0.121,295
1392426000000,0.116,323
1392512400000,0.117,347
1392598800000,0.115,323
1392685200000,0.131,249
1392771600000,0.125,250
1392858000000,0.114,242
1392944400000,0.093,302
1393030800000,0.092,430
1393117200000,0.101,332
1393203600000,0.104,313
1393290000000,0.107,274
1393376400000,0.112,373
1393462800000,0.113,276
1393549200000,0.113,373
1393635600000,0.111,397
1393722000000,0.121,465
1393808400000,0.123,311
1393894800000,0.111,297
1393981200000,0.112,295
1394067600000,0.118,298
1394154000000,0.103,386
1394240400000,0.106,411
1394326800000,0.107,420
1394413200000,0.113,364
1394499600000,0.115,285
1394586000000,0.115,294
1394672400000,0.115,229
1394758800000,0.117,304
1394845200000,0.103,499
1394931600000,0.093,491
1395018000000,0.094,434
1395104400000,0.11,380
1395190800000,0.115,379
1395277200000,0.128,333
1395363600000,0.118,396
1395450000000,0.119,500
1395536400000,0.121,440
1395622800000,0.123,401
1395709200000,0.123,287
1395795600000,0.123,432
1395882000000,0.123,330
1395968400000,0.117,377
1396054800000,0.12,475
1396141200000,0.121,539
1396227600000,0.129,393
1396314000000,0.141,295
1396400400000,0.131,398
1396486800000,0.121,344
1396573200000,0.123,409
1396659600000,0.126,459
1396746000000,0.138,475
1396832400000,0.13,389
1396918800000,0.129,342
1397005200000,0.131,389
1397091600000,0.139,347
1397178000000,0.127,469
1397264400000,0.124,422
1397350800000,0.133,539
1397437200000,0.128,415
1397523600000,0.129,472
1397610000000,0.122,441
1397696400000,0.119,434
1397782800000,0.125,439
1397869200000,0.126,484
1397955600000,0.124,507
1398042000000,0.116,448
1398128400000,0.117,462
1398214800000,0.123,507
1398301200000,0.121,430
1398387600000,0.123,422
1398474000000,0.123,555
1398560400000,0.128,628
1398646800000,0.135,449
1398733200000,0.125,471
1398819600000,0.128,457
1398906000000,0.12,440
1398992400000,0.103,379
1399078800000,0.104,483
1399165200000,0.103,618
1399251600000,0.11,530
1399338000000,0.111,456
1399424400000,0.106,457
1399510800000,0.109,625
1399597200000,0.102,653
1399683600000,0.102,627
1399770000000,0.094,610
1399856400000,0.086,471
1399942800000,0.085,496
1400029200000,0.085,511
1400115600000,0.103,1063
1400202000000,0.104,738
1400288400000,0.103,748
1400374800000,0.097,768
1400461200000,0.1,652
1400547600000,0.101,780
1400634000000,0.113,636
1400720400000,0.1,588
1400806800000,0.097,663
1400893200000,0.103,771
1400979600000,0.106,756
1401066000000,0.101,601
1401152400000,0.099,632
1401238800000,0.104,724
1401325200000,0.102,614
1401411600000,0.101,586
1401498000000,0.093,685
1401584400000,0.09,702
1401670800000,0.088,630
1401757200000,0.094,654
1401843600000,0.084,672
1401930000000,0.092,628
1402016400000,0.093,675
1402102800000,0.088,652
1402189200000,0.091,713
1402275600000,0.093,632
1402362000000,0.092,683
1402448400000,0.094,634
1402534800000,0.088,639
1402621200000,0.094,701
1402707600000,0.097,779
1402794000000,0.089,761
1402880400000,0.089,739
1402966800000,0.087,804
1403053200000,0.088,676
1403139600000,0.08,675
1403226000000,0.063,848
1403312400000,0.064,770
1403398800000,0.065,826
1403485200000,0.064,801
1403571600000,0.067,746
1403658000000,0.067,724
1403744400000,0.07,734
1403830800000,0.069,717
1403917200000,0.074,852
1404003600000,0.073,903
1404090000000,0.075,842
1404176400000,0.087,832
1404262800000,0.063,980
1404349200000,0.08,791
1404435600000,0.081,679
1404522000000,0.088,701
1404608400000,0.09,759
1404694800000,0.088,677
1404781200000,0.09,689
1404867600000,0.093,785
1404954000000,0.087,819
1405040400000,0.089,818
1405126800000,0.096,816
1405213200000,0.098,865
1405299600000,0.096,812
1405386000000,0.099,796
1405472400000,0.095,805
1405558800000,0.09,855
1405645200000,0.093,865
1405731600000,0.1,809
1405818000000,0.088,827
1405904400000,0.093,775
1405990800000,0.099,774
1406077200000,0.098,778
1406163600000,0.097,719
1406250000000,0.099,811
1406336400000,0.102,774
1406422800000,0.099,896
1406509200000,0.099,826
1406595600000,0.104,839
1406682000000,0.102,774
1406768400000,0.1,887
1406854800000,0.097,895
1406941200000,0.1,1048
1407027600000,0.098,1094
1407114000000,0.107,874
1407200400000,0.087,999
1407286800000,0.09,921
1407373200000,0.098,905
1407459600000,0.1,897
1407546000000,0.103,850
1407632400000,0.104,844
1407718800000,0.103,911
1407805200000,0.106,942
1407891600000,0.103,737
1407978000000,0.103,1064
1408064400000,0.1,945
1408150800000,0.101,1098
1408237200000,0.065,1450
1408323600000,0.075,1012
1408410000000,0.09,1036
1408496400000,0.096,952
1408582800000,0.103,909
1408669200000,0.103,939
1408755600000,0.104,945
1408842000000,0.106,1067
1408928400000,0.108,1043
1409014800000,0.104,987
1409101200000,0.107,926
1409187600000,0.106,968
1409274000000,0.106,1060
1409360400000,0.106,1197
1409446800000,0.106,1072
1409533200000,0.111,1013
1409619600000,0.113,865
1409706000000,0.114,835
1409792400000,0.108,839
1409878800000,0.1,965
1409965200000,0.114,1135
1410051600000,0.108,991
1410138000000,0.104,943
1410224400000,0.113,793
1410310800000,0.107,848
1410397200000,0.094,955
1410483600000,0.089,1106
1410570000000,0.09,1257
1410656400000,0.099,1240
1410742800000,0.093,892
1410829200000,0.092,867
1410915600000,0.095,927
1411002000000,0.096,905
1411088400000,0.093,969
1411174800000,0.093,1155
1411261200000,0.093,1056
1411347600000,0.09,852
1411434000000,0.089,861
1411520400000,0.09,820
1411606800000,0.095,796
1411693200000,0.09,979
1411779600000,0.094,1127
1411866000000,0.093,1088
1411952400000,0.093,928
1412038800000,0.092,851
1412125200000,0.095,963
1412211600000,0.095,904
1412298000000,0.094,1192
1412384400000,0.097,1271
1412470800000,0.096,1225
1412557200000,0.095,851
1412643600000,0.094,963
1412730000000,0.09,999
1412816400000,0.089,967
1412902800000,0.093,1079
1412989200000,0.096,1209
1413075600000,0.099,1243
1413162000000,0.093,974
1413248400000,0.096,1035
1413334800000,0.092,977
1413421200000,0.095,913
1413507600000,0.088,1086
1413594000000,0.091,1404
1413680400000,0.088,1209
1413766800000,0.089,987
1413853200000,0.091,884
1413939600000,0.091,941
1414026000000,0.089,904
1414112400000,0.087,1009
1414198800000,0.09,1249
1414285200000,0.079,1417
1414371600000,0.083,997
1414458000000,0.087,1005
1414544400000,0.088,1024
1414630800000,0.096,804
1414717200000,0.073,1278
1414803600000,0.078,1370
1414890000000,0.079,1442
1414976400000,0.081,996
1415062800000,0.084,954
1415149200000,0.08,960
1415235600000,0.082,937
1415322000000,0.083,1068
1415408400000,0.081,1298
1415494800000,0.081,1359
1415581200000,0.08,1009
1415667600000,0.074,1045
1415754000000,0.058,1404
1415840400000,0.057,1298
1415926800000,0.061,1319
1416013200000,0.064,1480
1416099600000,0.069,1410
1416186000000,0.071,1115
1416272400000,0.072,1111
1416358800000,0.073,1218
1416445200000,0.074,972
1416531600000,0.065,1103
1416618000000,0.062,1355
1416704400000,0.065,1293
1416790800000,0.061,1066
1416877200000,0.068,898
1416963600000,0.066,987
1417050000000,0.056,1305
1417136400000,0.06,1232
1417222800000,0.083,293
1417309200000,0.058,1799
1417395600000,0.056,1371
1417482000000,0.061,1299
1417568400000,0.073,1057
1417654800000,0.076,1004
1417741200000,0.082,1143
1417827600000,0.085,1502
1417914000000,0.082,1495
1418000400000,0.077,1058
1418086800000,0.08,1062
1418173200000,0.075,1340
1418259600000,0.077,1302
1418346000000,0.069,1282
1418432400000,0.068,1759
1418518800000,0.074,1814
1418605200000,0.069,1406
1418691600000,0.055,1422
1418778000000,0.07,1438
1418864400000,0.07,1339
1418950800000,0.062,1434
1419037200000,0.062,1476
1419123600000,0.063,1653
1419210000000,0.062,1446
1419296400000,0.066,1267
1419382800000,0.066,1366
1419469200000,0.072,1483
1419555600000,0.078,1559
1419642000000,0.076,1815
1419728400000,0.081,1844
1419814800000,0.08,1828
1419901200000,0.082,1946
1419987600000,0.08,1795
1420074000000,0.082,1608
1420160400000,0.081,2214
1420246800000,0.086,2047
1420333200000,0.086,1861
1420419600000,0.089,1921
1420506000000,0.084,1788
1420592400000,0.085,1686
1420678800000,0.084,1962
1420765200000,0.082,2284
1420851600000,0.081,2614
1420938000000,0.082,2625
1421024400000,0.078,2169
1421110800000,0.079,2206
1421197200000,0.077,2223
1421283600000,0.078,2346
1421370000000,0.077,2531
1421456400000,0.077,2613
1421542800000,0.079,2885
1421629200000,0.076,2294
1421715600000,0.078,2037
1421802000000,0.078,2218
1421888400000,0.079,1958
1421974800000,0.08,2398
1422061200000,0.081,2529
1422147600000,0.077,2808
1422234000000,0.074,2342
1422320400000,0.075,2223
1422406800000,0.077,2296
1422493200000,0.071,2318
1422579600000,0.075,2467
1422666000000,0.073,2932
1422752400000,0.068,3322
1422838800000,0.072,2538
1422925200000,0.073,2409
1423011600000,0.073,2087
1423098000000,0.071,2247
1423184400000,0.068,2443
1423270800000,0.074,3082
1423357200000,0.068,2606
1423443600000,0.074,2256
1423530000000,0.073,1947
1423616400000,0.069,2139
1423702800000,0.067,2037
1423789200000,0.071,2272
1423875600000,0.073,2740
1423962000000,0.069,2779
1424048400000,0.067,2346
1424134800000,0.069,2061
1424221200000,0.069,1913
1424307600000,0.07,2186
1424394000000,0.07,2156
1424480400000,0.075,2434
1424566800000,0.076,2483
1424653200000,0.073,2100
1424739600000,0.074,1976
1424826000000,0.075,1982
1424912400000,0.079,1946
1424998800000,0.07,2239
1425085200000,0.066,2680
1425171600000,0.066,2644
1425258000000,0.067,2032
1425344400000,0.072,1815
1425430800000,0.069,1935
1425517200000,0.067,2036
1425603600000,0.071,2267
1425690000000,0.068,2511
1425776400000,0.067,2583
1425862800000,0.067,2017
1425949200000,0.066,1889
1426035600000,0.064,1713
1426122000000,0.064,1621
1426208400000,0.059,2347
1426294800000,0.059,2996
1426381200000,0.05,3121
1426467600000,0.052,2303
1426554000000,0.062,2066
1426640400000,0.067,1979
1426726800000,0.067,2109
1426813200000,0.068,2356
1426899600000,0.067,2768
1426986000000,0.066,2528
1427072400000,0.068,2411
1427158800000,0.069,2554
1427245200000,0.072,2438
1427331600000,0.069,2256
1427418000000,0.072,2628
1427504400000,0.071,2739
1427590800000,0.071,2887
1427677200000,0.07,2359
1427763600000,0.068,2148
1427850000000,0.071,2998
1427936400000,0.077,2557
1428022800000,0.08,2675
1428109200000,0.072,2971
1428195600000,0.077,2932
1428282000000,0.076,2549
1428368400000,0.08,2654
1428454800000,0.08,2239
1428541200000,0.08,2300
1428627600000,0.078,2172
1428714000000,0.079,2899
1428800400000,0.079,2704
1428886800000,0.079,2104
1428973200000,0.073,1862
1429059600000,0.07,1766
1429146000000,0.058,2396
1429232400000,0.056,2581
1429318800000,0.055,3311
1429405200000,0.057,2802
1429491600000,0.054,2657
1429578000000,0.059,2326
1429664400000,0.058,2298
1429750800000,0.058,2336
1429837200000,0.06,2734
1429923600000,0.058,3100
1430010000000,0.059,3108
1430096400000,0.061,2363
1430182800000,0.058,2439
1430269200000,0.06,2195
1430355600000,0.062,2549
1430442000000,0.059,2431
1430528400000,0.06,3043
1430614800000,0.061,3074
1430701200000,0.058,2502
1430787600000,0.062,2562
1430874000000,0.062,2475
1430960400000,0.061,2055
1431046800000,0.059,2726
1431133200000,0.058,2958
1431219600000,0.057,2811
1431306000000,0.057,2565
1431392400000,0.058,2164
1431478800000,0.062,2380
1431565200000,0.063,2234
1431651600000,0.065,2207
1431738000000,0.061,2957
1431824400000,0.059,2867
1431910800000,0.059,2158
1431997200000,0.062,2117
1432083600000,0.06,2040
1432170000000,0.06,1958
1432256400000,0.059,2255
1432342800000,0.06,2575
1432429200000,0.06,2449
1432515600000,0.059,2192
1432602000000,0.056,2282
1432688400000,0.034,2576
1432774800000,0.038,2561
1432861200000,0.043,2668
1432947600000,0.05,2907
1433034000000,0.05,2647
1433120400000,0.054,2374
1433206800000,0.054,2190
1433293200000,0.055,2516
1433379600000,0.053,2682
1433466000000,0.048,2447
1433552400000,0.051,2460
1433638800000,0.052,2507
1433725200000,0.049,2003
1433811600000,0.054,1833
1433898000000,0.05,2289
1433984400000,0.048,2120
1434070800000,0.042,2319
1434157200000,0.047,2656
1434243600000,0.042,2428
1434330000000,0.042,2240
1434416400000,0.041,2134
1434502800000,0.043,2392
1434589200000,0.043,2106
1434675600000,0.048,2638
1434762000000,0.048,2652
1434848400000,0.044,2093
1434934800000,0.046,2274
1435021200000,0.048,1778
1435107600000,0.051,2151
1435194000000,0.053,2283
1435280400000,0.058,2566
1435366800000,0.057,1851
1435453200000,0.059,2056
1435539600000,0.061,2015
1435626000000,0.06,1997
1435712400000,0.059,2045
1435798800000,0.062,2084
1435885200000,0.063,1897
1435971600000,0.064,1876
1436058000000,0.067,2450
1436144400000,0.066,2266
1436230800000,0.065,1900
1436317200000,0.059,2034
1436403600000,0.064,2079
1436490000000,0.064,1617
1436576400000,0.062,1866
1436662800000,0.065,2026
1436749200000,0.063,1821
1436835600000,0.062,1752
1436922000000,0.06,2089
1437008400000,0.066,1946
1437094800000,0.061,1803
1437181200000,0.062,1952
1437267600000,0.065,2192
1437354000000,0.062,2046
1437440400000,0.064,2455
1437526800000,0.065,2186
1437613200000,0.066,2442
1437699600000,0.066,2085
1437786000000,0.065,1846
1437872400000,0.064,1521
1437958800000,0.063,2126
1438045200000,0.067,2361
1438131600000,0.065,2367
1438218000000,0.065,1891
1438304400000,0.061,2328
1438390800000,0.065,2195
1438477200000,0.061,1887
1438563600000,0.063,1961
1438650000000,0.069,1869
1438736400000,0.064,2017
1438822800000,0.061,2027
1438909200000,0.062,2042
1438995600000,0.064,1839
1439082000000,0.069,1941
1439168400000,0.07,1851
1439254800000,0.068,1727
1439341200000,0.062,2127
1439427600000,0.063,1967
1439514000000,0.067,2334
1439600400000,0.065,2060
1439686800000,0.052,1532
1439773200000,0.048,1891
1439859600000,0.048,1772
1439946000000,0.048,1607
1440032400000,0.048,2347
1440118800000,0.044,2056
1440205200000,0.044,2028
1440291600000,0.04,2424
1440378000000,0.036,2427
1440464400000,0.053,1757
1440550800000,0.052,2077
1440637200000,0.053,1917
1440723600000,0.056,1965
1440810000000,0.064,1921
1440896400000,0.063,2544
1440982800000,0.065,2017
1441069200000,0.068,1772
1441155600000,0.064,2145
1441242000000,0.065,1897
1441328400000,0.067,2269
1441414800000,0.066,2714
1441501200000,0.073,2508
1441587600000,0.072,1799
1441674000000,0.07,1713
1441760400000,0.073,1789
1441846800000,0.067,1655
1441933200000,0.065,2114
1442019600000,0.065,2142
1442106000000,0.066,2383
1442192400000,0.068,1999
1442278800000,0.072,1845
1442365200000,0.075,2221
1442451600000,0.072,2165
1442538000000,0.069,3008
1442624400000,0.067,2852
1442710800000,0.07,2696
1442797200000,0.066,2627
1442883600000,0.069,2088
1442970000000,0.068,2417
1443056400000,0.065,2383
1443142800000,0.066,2628
1443229200000,0.064,2557
1443315600000,0.063,2202
1443402000000,0.063,2080
1443488400000,0.066,2202
1443574800000,0.063,2169
1443661200000,0.065,2253
1443747600000,0.063,1999
1443834000000,0.064,3039
1443920400000,0.064,2177
1444006800000,0.067,1968
1444093200000,0.069,1622
1444179600000,0.064,2271
1444266000000,0.064,2305
1444352400000,0.065,2466
1444438800000,0.068,2467
1444525200000,0.067,2505
1444611600000,0.068,1881
1444698000000,0.071,2079
1444784400000,0.06,1949
1444870800000,0.057,1863
1444957200000,0.056,1797
1445043600000,0.056,2366
1445130000000,0.057,2166
1445216400000,0.055,1630
1445302800000,0.055,1627
1445389200000,0.048,1832
1445475600000,0.046,1669
1445562000000,0.047,2129
1445648400000,0.047,2330
1445734800000,0.047,2678
1445821200000,0.052,2047
1445907600000,0.05,1604
1445994000000,0.045,2097
1446080400000,0.044,2057
1446166800000,0.043,2581
1446253200000,0.042,2314
1446339600000,0.04,3072
1446426000000,0.04,2255
1446512400000,0.042,1627
1446598800000,0.046,2100
1446685200000,0.043,1873
1446771600000,0.047,2431
1446858000000,0.046,2428
1446944400000,0.047,2365
1447030800000,0.052,2026
1447117200000,0.049,1432
1447203600000,0.05,1819
1447290000000,0.048,1560
1447376400000,0.045,1735
1447462800000,0.046,2057
1447549200000,0.046,1920
1447635600000,0.047,1732
1447722000000,0.051,2001
1447808400000,0.048,2015
1447894800000,0.049,1802
1447981200000,0.053,1907
1448067600000,0.046,2059
1448154000000,0.042,1831
1448240400000,0.04,1383
1448326800000,0.045,2010
1448413200000,0.046,1948
1448499600000,0.037,2004
1448586000000,0.037,2117
1448672400000,0.035,2422
1448758800000,0.034,2244
1448845200000,0.035,1851
1448931600000,0.039,1868
1449018000000,0.041,1556
1449104400000,0.044,1854
1449190800000,0.044,1850
1449277200000,0.046,2180
1449363600000,0.046,2299
1449450000000,0.05,1988
1449536400000,0.047,1646
1449622800000,0.043,2205
1449709200000,0.041,1984
1449795600000,0.047,2462
1449882000000,0.047,2592
1449968400000,0.048,2416
1450054800000,0.051,1887
1450141200000,0.053,1487
1450227600000,0.051,1752
1450314000000,0.05,1862
1450400400000,0.044,2023
1450486800000,0.043,2221
1450573200000,0.044,2160
1450659600000,0.045,1722
1450746000000,0.042,1889
1450832400000,0.036,2684
1450918800000,0.033,2228
1451005200000,0.042,2076
1451091600000,0.04,2361
1451178000000,0.044,2753
1451264400000,0.045,2719
1451350800000,0.05,2737
1451437200000,0.043,2629
1451523600000,0.042,1987
1451610000000,0.044,2555
1451696400000,0.043,2476
1451782800000,0.043,2565
1451869200000,0.041,2038
1451955600000,0.047,1894
1452042000000,0.046,2047
1452128400000,0.05,2158
1452214800000,0.052,2598
1452301200000,0.054,2796
1452387600000,0.053,2037
1452474000000,0.046,1720
1452560400000,0.05,1807
1452646800000,0.05,1778
1452733200000,0.047,1542
1452819600000,0.042,1857
1452906000000,0.045,2189
1452992400000,0.044,1928
1453078800000,0.045,1615
1453165200000,0.046,1364
1453251600000,0.044,1737
1453338000000,0.041,1601
1453424400000,0.044,1787
1453510800000,0.041,1836
1453597200000,0.044,1893
1453683600000,0.045,1354
1453770000000,0.047,1314
1453856400000,0.045,1663
1453942800000,0.048,1792
1454029200000,0.047,1948
1454115600000,0.043,2323
1454202000000,0.041,1758
1454288400000,0.044,1670
1454374800000,0.044,1407
1454461200000,0.041,1907
1454547600000,0.044,1845
1454634000000,0.044,1795
1454720400000,0.038,2384
1454806800000,0.037,2205
1454893200000,0.041,1590
1454979600000,0.039,1479
1455066000000,0.038,1755
1455152400000,0.035,1682
1455238800000,0.035,1603
1455325200000,0.036,2152
1455411600000,0.039,2677
1455498000000,0.041,2415
1455584400000,0.044,1694
1455670800000,0.043,1935
1455757200000,0.035,2263
1455843600000,0.032,2321
1455930000000,0.034,2611
1456016400000,0.035,2592
1456102800000,0.036,2345
1456189200000,0.036,2360
1456275600000,0.04,2788
1456362000000,0.045,3660
1456448400000,0.049,2896
1456534800000,0.046,2714
1456621200000,0.045,2341
1456707600000,0.048,2201
1456794000000,0.051,2454
1456880400000,0.047,2188
1456966800000,0.049,2505
1457053200000,0.047,2276
1457139600000,0.045,3019
1457226000000,0.042,3199
1457312400000,0.045,2518
1457398800000,0.048,2259
1457485200000,0.048,2091
1457571600000,0.05,1394
1457658000000,0.051,1691
1457744400000,0.053,1292
1457830800000,0.055,1210
1457917200000,0.056,1085
1458003600000,0.054,897
1458090000000,0.056,1348
1458176400000,0.058,1480
1458262800000,0.059,1255
1458349200000,0.058,1498
1458435600000,0.056,1132
1458522000000,0.058,1082
1458608400000,0.06,1068
1458694800000,0.059,1017
1458781200000,0.062,1671
1458867600000,0.058,1545
1458954000000,0.056,1451
1459040400000,0.054,1352
1459126800000,0.053,1109
1459213200000,0.054,1293
1459299600000,0.052,1430
1459386000000,0.054,1571
1459472400000,0.06,1537
1459558800000,0.056,1914
1459645200000,0.048,2123
1459731600000,0.052,1178
1459818000000,0.058,1305
1459904400000,0.063,1661
1459990800000,0.064,1597
1460077200000,0.065,1831
1460163600000,0.06,1658
1460250000000,0.065,1745
1460336400000,0.066,1417
1460422800000,0.063,1232
1460509200000,0.064,1240
1460595600000,0.061,1298
1460682000000,0.059,1132
1460768400000,0.062,1526
1460854800000,0.063,1653
1460941200000,0.061,1413
1461027600000,0.059,1444
1461114000000,0.068,1310
1461200400000,0.062,1513
1461286800000,0.07,1285
1461373200000,0.068,1337
1461459600000,0.066,1783
1461546000000,0.064,1440
1461632400000,0.059,1218
1461718800000,0.068,1435
1461805200000,0.068,1279
1461891600000,0.067,1612
1461978000000,0.066,1569
1462064400000,0.066,1808
1462150800000,0.068,1419
1462237200000,0.063,1505
1462323600000,0.059,1427
1462410000000,0.06,1603
1462496400000,0.06,1785
1462582800000,0.062,1874
1462669200000,0.062,1468
1462755600000,0.065,1515
1462842000000,0.068,1663
1462928400000,0.066,1230
1463014800000,0.067,1505
1463101200000,0.061,1162
1463187600000,0.059,1496
1463274000000,0.057,2112
1463360400000,0.058,1419
1463446800000,0.056,1120
1463533200000,0.05,1215
1463619600000,0.051,1160
1463706000000,0.052,1198
1463792400000,0.053,1131
1463878800000,0.055,1634
1463965200000,0.056,1224
1464051600000,0.06,1250
1464138000000,0.058,1409
1464224400000,0.055,1413
1464310800000,0.049,1307
1464397200000,0.044,1440
1464483600000,0.045,1454
1464570000000,0.048,1302
1464656400000,0.046,1282
1464742800000,0.045,1440
1464829200000,0.047,1307
1464915600000,0.042,1502
1465002000000,0.045,1686
1465088400000,0.05,2058
1465174800000,0.052,1411
1465261200000,0.045,1411
1465347600000,0.053,1504
1465434000000,0.057,1764
1465520400000,0.052,1191
1465606800000,0.046,1223
1465693200000,0.048,1197
1465779600000,0.048,1111
1465866000000,0.053,1394
1465952400000,0.051,1085
1466038800000,0.05,1342
1466125200000,0.048,1214
1466211600000,0.045,1348
1466298000000,0.047,1565
1466384400000,0.047,1175
1466470800000,0.048,1738
1466557200000,0.049,1410
1466643600000,0.04,1464
1466730000000,0.032,1656
1466816400000,0.031,1393
1466902800000,0.032,1657
1466989200000,0.031,1433
1467075600000,0.035,1264
1467162000000,0.035,1273
1467248400000,0.037,1546
1467334800000,0.038,1184
1467421200000,0.034,1250
1467507600000,0.036,1403
1467594000000,0.036,1640
1467680400000,0.043,1233
1467766800000,0.04,1487
1467853200000,0.045,1575
1467939600000,0.044,1143
1468026000000,0.046,1568
1468112400000,0.042,1583
1468198800000,0.038,1501
1468285200000,0.05,1591
1468371600000,0.052,1626
1468458000000,0.049,1329
1468544400000,0.049,1520
1468630800000,0.051,1541
1468717200000,0.051,1386
1468803600000,0.053,1766
1468890000000,0.056,2028
1468976400000,0.056,1657
1469062800000,0.057,1630
1469149200000,0.052,1269
1469235600000,0.052,1394
1469322000000,0.053,1592
1469408400000,0.055,1241
1469494800000,0.062,1616
1469581200000,0.061,2250
1469667600000,0.061,1548
1469754000000,0.061,1686
1469840400000,0.06,1771
1469926800000,0.06,1465
1470013200000,0.059,1215
1470099600000,0.058,1643
1470186000000,0.058,2700
1470272400000,0.054,1264
1470358800000,0.053,1290
1470445200000,0.057,2173
1470531600000,0.044,1118
1470618000000,0.042,1151
1470704400000,0.047,1150
1470790800000,0.042,1016
1470877200000,0.042,1388
1470963600000,0.044,1290
1471050000000,0.043,1151
1471136400000,0.042,1272
1471222800000,0.042,1408
1471309200000,0.039,1241
1471395600000,0.041,1309
1471482000000,0.042,1419
1471568400000,0.038,1398
1471654800000,0.038,1404
1471741200000,0.037,1914
1471827600000,0.035,1400
1471914000000,0.039,1619
1472000400000,0.042,1877
1472086800000,0.043,1702
1472173200000,0.04,2589
1472259600000,0.043,1406
1472346000000,0.044,2005
1472432400000,0.045,2052
1472518800000,0.044,2459
1472605200000,0.047,1907
1472691600000,0.041,1675
1472778000000,0.042,2159
1472864400000,0.04,1796
1472950800000,0.039,1503
1473037200000,0.038,1137
1473123600000,0.037,1487
1473210000000,0.037,1267
1473296400000,0.039,1437
1473382800000,0.036,1435
1473469200000,0.038,1759
1473555600000,0.039,1751
1473642000000,0.037,1499
1473728400000,0.037,1380
1473814800000,0.036,976
1473901200000,0.037,1063
1473987600000,0.035,1334
1474074000000,0.035,2607
1474160400000,0.036,1678
1474246800000,0.036,2164
1474333200000,0.037,1335
1474419600000,0.039,2298
1474506000000,0.037,1200
1474592400000,0.037,1720
1474678800000,0.037,1929
1474765200000,0.037,1715
1474851600000,0.037,1146
1474938000000,0.037,815
1475024400000,0.037,1077
1475110800000,0.036,1154
1475197200000,0.037,1640
1475283600000,0.037,1457
1475370000000,0.035,1387
1475456400000,0.036,1272
1475542800000,0.035,1615
1475629200000,0.035,1466
1475715600000,0.036,1553
1475802000000,0.035,1746
1475888400000,0.035,1723
1475974800000,0.034,1955
1476061200000,0.034,1250
1476147600000,0.03,1306
1476234000000,0.033,1945
1476320400000,0.038,1626
1476406800000,0.037,1752
1476493200000,0.034,2296
1476579600000,0.035,1199
1476666000000,0.036,1260
1476752400000,0.035,1626
1476838800000,0.035,1626
1476925200000,0.035,1168
1477011600000,0.035,926
1477098000000,0.035,1494
1477184400000,0.035,1810
1477270800000,0.036,1700
1477357200000,0.036,1031
1477443600000,0.036,881
1477530000000,0.035,1129
1477616400000,0.035,1296
1477702800000,0.035,1081
1477789200000,0.034,1279
1477875600000,0.033,1023
1477962000000,0.03,997
1478048400000,0.031,1692
1478134800000,0.034,1403
1478221200000,0.033,1000
1478307600000,0.035,805
1478394000000,0.035,1584
1478480400000,0.036,1588
1478566800000,0.037,1239
1478653200000,0.038,1443
1478739600000,0.038,1007
1478826000000,0.037,2332
1478912400000,0.036,996
1478998800000,0.037,1148
1479085200000,0.037,1459
1479171600000,0.036,856
1479258000000,0.037,2039
1479344400000,0.037,961
1479430800000,0.038,1354
1479517200000,0.033,1572
1479603600000,0.032,1610
1479690000000,0.033,1939
1479776400000,0.032,707
1479862800000,0.033,945
1479949200000,0.03,1001
1480035600000,0.03,1318
1480122000000,0.03,1367
1480208400000,0.03,2421
1480294800000,0.03,885
1480381200000,0.03,1326
1480467600000,0.03,1063
1480554000000,0.03,1805
1480640400000,0.035,1531
1480726800000,0.033,1341
1480813200000,0.032,1828
1480899600000,0.035,1832
1480986000000,0.034,958
1481072400000,0.034,1118
1481158800000,0.035,1030
1481245200000,0.034,1216
1481331600000,0.034,1665
1481418000000,0.034,1397
1481504400000,0.034,1745
1481590800000,0.034,1545
1481677200000,0.033,838
1481763600000,0.032,1516
1481850000000,0.034,1111
1481936400000,0.032,1540
1482022800000,0.031,1871
1482109200000,0.031,846
1482195600000,0.032,1983
1482282000000,0.034,788
1482368400000,0.032,886
1482454800000,0.03,954
1482541200000,0.03,1770
1482627600000,0.031,1856
1482714000000,0.034,2155
1482800400000,0.035,1330
1482886800000,0.035,1391
1482973200000,0.034,1545
1483059600000,0.033,1606
1483146000000,0.034,1081
1483232400000,0.034,1223
1483318800000,0.035,1770
1483405200000,0.036,2514
1483491600000,0.035,1938
1483578000000,0.034,4756
1483664400000,0.036,1081
1483750800000,0.036,961
1483837200000,0.036,914
1483923600000,0.038,942
1484010000000,0.037,1783
1484096400000,0.041,1109
1484182800000,0.041,1168
1484269200000,0.04,1555
1484355600000,0.039,1321
1484442000000,0.037,1187
1484528400000,0.037,1394
1484614800000,0.036,1334
1484701200000,0.035,1158
1484787600000,0.036,1977
1484874000000,0.036,1482
1484960400000,0.036,1211
1485046800000,0.036,1184
1485133200000,0.037,1669
1485219600000,0.039,1060
1485306000000,0.04,1548
1485392400000,0.04,1236
1485478800000,0.039,1559
1485565200000,0.039,1446
1485651600000,0.039,1812
1485738000000,0.039,1481
1485824400000,0.039,1563
1485910800000,0.041,1368
1485997200000,0.041,1435
1486083600000,0.042,1988
1486170000000,0.043,2157
1486256400000,0.045,1935
1486342800000,0.046,866
1486429200000,0.046,995
1486515600000,0.048,1299
1486602000000,0.05,1472
1486688400000,0.049,1403
1486774800000,0.047,1793
1486861200000,0.046,1624
1486947600000,0.047,2459
1487034000000,0.047,1017
1487120400000,0.047,2534
1487206800000,0.046,1839
1487293200000,0.045,1063
1487379600000,0.045,1402
1487466000000,0.045,2078
1487552400000,0.045,1440
1487638800000,0.046,1440
1487725200000,0.044,1124
1487811600000,0.043,1170
1487898000000,0.043,1210
1487984400000,0.043,1184
1488070800000,0.041,1527
1488157200000,0.039,1165
1488243600000,0.04,1337
1488330000000,0.041,1317
1488416400000,0.042,1728
1488502800000,0.043,2234
1488589200000,0.044,1307
1488675600000,0.045,1895
1488762000000,0.046,1186
1488848400000,0.049,1305
1488934800000,0.046,1556
1489021200000,0.046,872
1489107600000,0.044,980
1489194000000,0.044,1225
1489280400000,0.043,1439
1489366800000,0.041,838
1489453200000,0.048,1465
1489539600000,0.045,794
1489626000000,0.048,1680
1489712400000,0.047,1117
1489798800000,0.048,1392
1489885200000,0.046,1679
1489971600000,0.046,1487
1490058000000,0.045,1098
1490144400000,0.044,1419
1490230800000,0.045,1353
1490317200000,0.043,1546
1490403600000,0.042,1751
1490490000000,0.04,1501
1490576400000,0.038,1260
1490662800000,0.036,1083
1490749200000,0.036,1367
1490835600000,0.038,952
1490922000000,0.038,1461
1491008400000,0.044,1731
1491094800000,0.042,1401
1491181200000,0.042,2049
1491267600000,0.04,1092
1491354000000,0.042,1269
1491440400000,0.038,1014
1491526800000,0.038,1242
1491613200000,0.037,1777
1491699600000,0.038,1775
1491786000000,0.039,1341
1491872400000,0.039,1340
1491958800000,0.039,1283
1492045200000,0.039,1164
1492131600000,0.04,1884
1492218000000,0.039,1341
1492304400000,0.042,2127
1492390800000,0.042,1557
1492477200000,0.043,1883
1492563600000,0.044,1145
1492650000000,0.046,1238
1492736400000,0.044,1381
1492822800000,0.041,1093
1492909200000,0.043,1711
1492995600000,0.041,1948
1493082000000,0.04,1169
1493168400000,0.043,1382
1493254800000,0.042,1017
1493341200000,0.046,1587
1493427600000,0.045,1574
1493514000000,0.047,1547
1493600400000,0.048,1424
1493686800000,0.042,1365
1493773200000,0.04,865
1493859600000,0.041,1757
1493946000000,0.04,971
1494032400000,0.038,1148
1494118800000,0.037,1344
1494205200000,0.037,1366
1494291600000,0.037,1030
1494378000000,0.038,1351
1494464400000,0.04,1256
1494550800000,0.041,1355
1494637200000,0.041,1816
1494723600000,0.041,1360
1494810000000,0.041,1151
1494896400000,0.043,1422
1494982800000,0.045,1188
1495069200000,0.045,976
1495155600000,0.045,1009
1495242000000,0.044,1164
1495328400000,0.041,1220
1495414800000,0.046,1532
1495501200000,0.046,1112
1495587600000,0.037,1586
1495674000000,0.034,1639
1495760400000,0.039,2125
1495846800000,0.045,1289
1495933200000,0.047,1892
1496019600000,0.046,1497
1496106000000,0.048,1766
1496192400000,0.049,1364
1496278800000,0.048,1810
1496365200000,0.046,1294
1496451600000,0.046,1586
1496538000000,0.047,1263
1496624400000,0.048,1425
1496710800000,0.05,2335
1496797200000,0.048,1137
1496883600000,0.048,1522
1496970000000,0.048,1852
1497056400000,0.051,1418
1497142800000,0.05,1352
1497229200000,0.051,1294
1497315600000,0.05,1400
1497402000000,0.054,1490
1497488400000,0.047,1257
1497574800000,0.047,1210
1497661200000,0.045,1214
1497747600000,0.045,1038
1497834000000,0.044,1123
1497920400000,0.045,920
1498006800000,0.044,2396
1498093200000,0.044,1700
1498179600000,0.035,1812
1498266000000,0.034,1646
1498352400000,0.034,1175
1498438800000,0.034,1620
1498525200000,0.035,1634
1498611600000,0.036,1540
1498698000000,0.036,1727
1498784400000,0.036,1667
1498870800000,0.037,1546
1498957200000,0.036,1376
1499043600000,0.036,1717
1499130000000,0.037,1651
1499216400000,0.044,1419
1499302800000,0.045,2004
1499389200000,0.048,856
1499475600000,0.047,1225
1499562000000,0.046,989
1499648400000,0.046,1458
1499734800000,0.045,865
1499821200000,0.045,1090
1499907600000,0.044,1030
1499994000000,0.046,1520
1500080400000,0.046,722
1500166800000,0.045,953
1500253200000,0.045,1657
1500339600000,0.045,1100
1500426000000,0.046,872
1500512400000,0.044,1563
1500598800000,0.045,811
1500685200000,0.046,942
1500771600000,0.043,1813
1500858000000,0.042,1743
1500944400000,0.045,1148
1501030800000,0.043,733
1501117200000,0.046,1444
1501203600000,0.047,801
1501290000000,0.046,901
1501376400000,0.046,758
1501462800000,0.049,959
1501549200000,0.047,1188
1501635600000,0.047,1944
1501722000000,0.047,2705
1501808400000,0.047,920
1501894800000,0.05,1219
1501981200000,0.049,883
1502067600000,0.049,959
1502154000000,0.05,1020
1502240400000,0.05,1197
1502326800000,0.049,1029
1502413200000,0.047,883
1502499600000,0.048,986
1502586000000,0.049,1293
1502672400000,0.05,1037
1502758800000,0.051,994
1502845200000,0.048,854
1502931600000,0.046,1012
1503018000000,0.049,972
1503104400000,0.053,1414
1503190800000,0.051,839
1503277200000,0.049,958
1503363600000,0.05,1035
1503450000000,0.049,944
1503536400000,0.049,843
1503622800000,0.051,1028
1503709200000,0.05,938
1503795600000,0.053,1345
1503882000000,0.051,854
1503968400000,0.052,772
1504054800000,0.048,1092
1504141200000,0.054,918
1504227600000,0.05,1084
1504314000000,0.053,1227
1504400400000,0.053,1282
1504486800000,0.052,989
1504573200000,0.058,1307
1504659600000,0.055,1220
1504746000000,0.057,969
1504832400000,0.057,820
1504918800000,0.054,980
1505005200000,0.054,953
1505091600000,0.056,868
1505178000000,0.058,1053
1505264400000,0.055,749
1505350800000,0.056,788
1505437200000,0.053,822
1505523600000,0.053,1009
1505610000000,0.054,1138
1505696400000,0.053,1014
1505782800000,0.054,853
1505869200000,0.052,729
1505955600000,0.051,827
1506042000000,0.051,764
1506128400000,0.051,962
1506214800000,0.047,748
1506301200000,0.047,600
1506387600000,0.046,622
1506474000000,0.048,729
1506560400000,0.047,639
1506646800000,0.048,710
1506733200000,0.046,855
1506819600000,0.047,1049
1506906000000,0.046,715
1506992400000,0.047,617
1507078800000,0.045,565
1507165200000,0.045,887
1507251600000,0.043,909
1507338000000,0.043,884
1507424400000,0.045,1131
1507510800000,0.045,647
1507597200000,0.044,601
1507683600000,0.044,870
1507770000000,0.045,671
1507856400000,0.046,1233
1507942800000,0.046,843
1508029200000,0.048,946
1508115600000,0.047,739
1508202000000,0.047,758
1508288400000,0.047,665
1508374800000,0.048,741
1508461200000,0.046,812
1508547600000,0.046,910
1508634000000,0.045,1111
1508720400000,0.045,574
1508806800000,0.045,487
1508893200000,0.045,631
1508979600000,0.046,637
1509066000000,0.045,733
1509152400000,0.044,832
1509238800000,0.043,878
1509325200000,0.042,658
1509411600000,0.04,737
1509498000000,0.039,900
1509584400000,0.042,441
1509670800000,0.042,580
1509757200000,0.039,636
1509843600000,0.037,645
1509930000000,0.042,721
1510016400000,0.042,467
1510102800000,0.041,670
1510189200000,0.039,533
1510275600000,0.037,458
1510362000000,0.042,864
1510448400000,0.042,820
1510534800000,0.042,450
1510621200000,0.04,552
1510707600000,0.038,544
1510794000000,0.04,622
1510880400000,0.041,973
1510966800000,0.042,754
1511053200000,0.04,874
1511139600000,0.04,573
1511226000000,0.038,869
1511312400000,0.037,540
1511398800000,0.036,836
1511485200000,0.033,744
1511571600000,0.036,871
1511658000000,0.034,683
1511744400000,0.035,639
1511830800000,0.035,502
1511917200000,0.036,368
1512003600000,0.036,441
1512090000000,0.036,597
1512176400000,0.038,672
1512262800000,0.041,478
1512349200000,0.037,670
1512435600000,0.039,643
1512522000000,0.037,651
1512608400000,0.039,874
1512694800000,0.039,549
1512781200000,0.038,945
1512867600000,0.038,603
1512954000000,0.038,586
1513040400000,0.039,418
1513126800000,0.039,437
1513213200000,0.04,709
1513299600000,0.041,647
1513386000000,0.04,669
1513472400000,0.039,773
1513558800000,0.035,376
1513645200000,0.038,586
1513731600000,0.034,430
1513818000000,0.032,717
1513904400000,0.032,782
1513990800000,0.032,862
1514077200000,0.032,917
1514163600000,0.033,742
1514250000000,0.032,679
1514336400000,0.033,1152
1514422800000,0.035,1143
1514509200000,0.035,1171
1514595600000,0.034,1017
1514682000000,0.036,860
1514768400000,0.039,832
1514854800000,0.038,671
1514941200000,0.038,1304
1515027600000,0.039,830
1515114000000,0.04,1063
1515200400000,0.043,1413
1515286800000,0.04,759
1515373200000,0.044,707
1515459600000,0.036,591
1515546000000,0.036,488
1515632400000,0.034,745
1515718800000,0.035,3495
1515805200000,0.033,992
1515891600000,0.033,689
1515978000000,0.034,1168
1516064400000,0.037,1023
1516150800000,0.035,606
1516237200000,0.035,778
1516323600000,0.037,1115
1516410000000,0.034,809
1516496400000,0.034,750
1516582800000,0.034,892
1516669200000,0.037,721
1516755600000,0.033,763
1516842000000,0.037,759
1516928400000,0.038,920
1517014800000,0.035,1202
1517101200000,0.032,895
1517187600000,0.032,912
1517274000000,0.036,925
1517360400000,0.035,927
1517446800000,0.041,2646
1517533200000,0.037,1070
1517619600000,0.038,887
1517706000000,0.042,1045
1517792400000,0.039,838
1517878800000,0.035,864
1517965200000,0.036,765
1518051600000,0.039,1046
1518138000000,0.035,618
1518224400000,0.034,898
1518310800000,0.035,830
1518397200000,0.034,802
1518483600000,0.041,572
1518570000000,0.036,545
1518656400000,0.038,723
1518742800000,0.035,1262
1518829200000,0.035,1369
1518915600000,0.039,1489
1519002000000,0.038,898
1519088400000,0.039,729
1519174800000,0.04,989
1519261200000,0.04,954
1519347600000,0.038,965
1519434000000,0.039,866
1519520400000,0.041,1537
1519606800000,0.039,688
1519693200000,0.038,650
1519779600000,0.043,1048
1519866000000,0.046,1990
1519952400000,0.046,695
1520038800000,0.038,923
1520125200000,0.038,1091
1520211600000,0.039,1132
1520298000000,0.04,608
1520384400000,0.042,855
1520470800000,0.041,859
1520557200000,0.043,724
1520643600000,0.041,1127
1520730000000,0.041,792
1520816400000,0.04,748
1520902800000,0.038,515
1520989200000,0.039,617
1521075600000,0.042,1035
1521162000000,0.041,818
1521248400000,0.038,739
1521334800000,0.037,818
1521421200000,0.04,1179
1521507600000,0.038,665
1521594000000,0.042,845
1521680400000,0.04,1108
1521766800000,0.039,628
1521853200000,0.04,1016
1521939600000,0.037,579
1522026000000,0.036,487
1522112400000,0.038,566
1522198800000,0.038,568
1522285200000,0.037,695
1522371600000,0.036,825
1522458000000,0.035,578
1522544400000,0.04,663
1522630800000,0.037,723
1522717200000,0.04,498
1522803600000,0.038,526
1522890000000,0.038,1237
1522976400000,0.04,662
1523062800000,0.04,643
1523149200000,0.036,685
1523235600000,0.037,603
1523322000000,0.038,392
1523408400000,0.037,501
1523494800000,0.039,1511
1523581200000,0.04,655
1523667600000,0.037,507
1523754000000,0.038,668
1523840400000,0.037,534
1523926800000,0.035,451
1524013200000,0.038,538
1524099600000,0.035,390
1524186000000,0.036,451
1524272400000,0.037,610
1524358800000,0.036,468
1524445200000,0.036,457
1524531600000,0.037,477
1524618000000,0.038,625
1524704400000,0.034,419
1524790800000,0.036,617
1524877200000,0.034,741
1524963600000,0.038,811
1525050000000,0.035,534
1525136400000,0.035,540
1525222800000,0.036,463
1525309200000,0.036,440
1525395600000,0.037,588
1525482000000,0.037,653
1525568400000,0.041,1092
1525654800000,0.038,498
1525741200000,0.037,585
1525827600000,0.037,591
1525914000000,0.037,610
1526000400000,0.037,482
1526086800000,0.039,472
1526173200000,0.038,597
1526259600000,0.037,424
1526346000000,0.039,509
1526432400000,0.037,523
1526518800000,0.035,434
1526605200000,0.037,498
1526691600000,0.035,450
1526778000000,0.036,676
1526864400000,0.036,392
1526950800000,0.037,386
1527037200000,0.037,396
1527123600000,0.035,432
1527210000000,0.036,596
1527296400000,0.037,432
1527382800000,0.036,389
1527469200000,0.036,517
1527555600000,0.05,477
1527642000000,0.035,472
1527728400000,0.038,644
1527814800000,0.036,519
1527901200000,0.034,514
1527987600000,0.035,402
1528074000000,0.037,495
1528160400000,0.036,393
1528246800000,0.036,409
1528333200000,0.038,453
1528419600000,0.035,423
1528506000000,0.035,484
1528592400000,0.034,522
1528678800000,0.034,327
1528765200000,0.033,547
1528851600000,0.031,641
1528938000000,0.031,418
1529024400000,0.033,400
1529110800000,0.033,400
1529197200000,0.032,604
1529283600000,0.033,388
1529370000000,0.031,552
1529456400000,0.032,520
1529542800000,0.03,547
1529629200000,0.03,752
1529715600000,0.03,671
1529802000000,0.03,696
1529888400000,0.03,662
1529974800000,0.03,662
1530061200000,0.03,473
1530147600000,0.03,494
1530234000000,0.03,598
1530320400000,0.03,473
1530406800000,0.03,486
1530493200000,0.03,633
1530579600000,0.03,477
1530666000000,0.032,467
1530752400000,0.03,493
1530838800000,0.034,396
1530925200000,0.031,467
1531011600000,0.031,396
1531098000000,0.035,875
1531184400000,0.033,456
1531270800000,0.036,664
1531357200000,0.04,597
1531443600000,0.033,715
1531530000000,0.034,701
1531616400000,0.033,983
1531702800000,0.033,515
1531789200000,0.035,613
1531875600000,0.034,491
1531962000000,0.033,990
1532048400000,0.034,1382
1532134800000,0.033,357
1532221200000,0.042,847
1532307600000,0.038,691
1532394000000,0.035,463
1532480400000,0.036,706
1532566800000,0.035,602
1532653200000,0.034,495
1532739600000,0.034,420
1532826000000,0.035,450
1532912400000,0.035,501
1532998800000,0.036,409
1533085200000,0.036,490
1533171600000,0.035,715
1533258000000,0.036,925
1533344400000,0.036,934
1533430800000,0.039,992
1533517200000,0.045,1001
1533603600000,0.04,588
1533690000000,0.038,793
1533776400000,0.04,728
1533862800000,0.037,633
1533949200000,0.033,582
1534035600000,0.035,688
1534122000000,0.036,566
1534208400000,0.037,796
1534294800000,0.035,726
1534381200000,0.032,629
1534467600000,0.037,623
1534554000000,0.036,529
1534640400000,0.035,678
1534726800000,0.038,644
1534813200000,0.041,659
1534899600000,0.038,705
1534986000000,0.038,875
1535072400000,0.038,652
1535158800000,0.042,594
1535245200000,0.042,641
1535331600000,0.041,757
1535418000000,0.04,543
1535504400000,0.041,888
1535590800000,0.035,823
1535677200000,0.041,750
1535763600000,0.041,864
1535850000000,0.043,693
1535936400000,0.042,587
1536022800000,0.041,534
1536109200000,0.041,549
1536195600000,0.042,672
1536282000000,0.042,683
1536368400000,0.04,631
1536454800000,0.04,773
1536541200000,0.038,610
1536627600000,0.041,706
1536714000000,0.039,580
1536800400000,0.041,632
1536886800000,0.04,599
1536973200000,0.04,719
1537059600000,0.042,920
1537146000000,0.042,542
1537232400000,0.04,534
1537318800000,0.043,680
1537405200000,0.041,556
1537491600000,0.043,633
1537578000000,0.04,817
1537664400000,0.038,873
1537750800000,0.039,708
1537837200000,0.038,449
1537923600000,0.039,425
1538010000000,0.04,523
1538096400000,0.041,643
1538182800000,0.04,585
1538269200000,0.041,699
1538355600000,0.045,697
1538442000000,0.041,730
1538528400000,0.041,637
1538614800000,0.046,1283
1538701200000,0.052,1063
1538787600000,0.054,1185
1538874000000,0.058,1359
1538960400000,0.056,759
1539046800000,0.068,1035
1539133200000,0.075,1057
1539219600000,0.083,861
1539306000000,0.077,738
1539392400000,0.079,996
1539478800000,0.074,995
1539565200000,0.08,886
1539651600000,0.074,754
1539738000000,0.078,934
1539824400000,0.086,809
1539910800000,0.092,867
1539997200000,0.09,929
1540083600000,0.085,1158
1540170000000,0.085,732
1540256400000,0.086,607
1540342800000,0.077,870
1540429200000,0.085,641
1540515600000,0.083,729
1540602000000,0.073,1035
1540688400000,0.067,1024
1540774800000,0.062,655
1540861200000,0.058,725
1540947600000,0.054,1012
1541034000000,0.058,1216
1541120400000,0.067,579
1541206800000,0.07,1377
1541293200000,0.069,660
1541379600000,0.065,629
1541466000000,0.072,851
1541552400000,0.063,710
1541638800000,0.072,690
1541725200000,0.073,817
1541811600000,0.079,907
1541898000000,0.074,889
1541984400000,0.07,642
1542070800000,0.074,572
1542157200000,0.071,677
1542243600000,0.07,803
1542330000000,0.077,805
1542416400000,0.07,919
1542502800000,0.065,930
1542589200000,0.072,882
1542675600000,0.062,647
1542762000000,0.058,759
1542848400000,0.051,839
1542934800000,0.052,994
1543021200000,0.051,1071
1543107600000,0.053,1440
1543194000000,0.054,790
1543280400000,0.05,542
1543366800000,0.049,635
1543453200000,0.052,693
1543539600000,0.056,737
1543626000000,0.049,634
1543712400000,0.055,1075
1543798800000,0.065,638
1543885200000,0.061,600
1543971600000,0.063,645
1544058000000,0.056,554
1544144400000,0.052,1051
1544230800000,0.05,1140
1544317200000,0.05,805
1544403600000,0.052,813
1544490000000,0.067,735
1544576400000,0.051,817
1544662800000,0.051,968
1544749200000,0.051,798
1544835600000,0.05,925
1544922000000,0.051,1016
1545008400000,0.051,765
1545094800000,0.058,1104
1545181200000,0.051,856
1545267600000,0.045,652
1545354000000,0.042,1242
1545440400000,0.041,935
1545526800000,0.043,1155
1545613200000,0.042,761
1545699600000,0.045,935
1545786000000,0.046,1529
1545872400000,0.047,1426
1545958800000,0.047,482
1546045200000,0.048,1373
1546131600000,0.046,1169
1546218000000,0.056,813
1546304400000,0.047,678
1546390800000,0.045,1201
1546477200000,0.05,1333
1546563600000,0.052,923
1546650000000,0.05,618
1546736400000,0.051,1031
1546822800000,0.056,852
1546909200000,0.053,709
1546995600000,0.054,876
1547082000000,0.057,814
1547168400000,0.057,1096
1547254800000,0.058,1264
1547341200000,0.058,808
1547427600000,0.058,989
1547514000000,0.055,846
1547600400000,0.057,979
1547686800000,0.06,1003
1547773200000,0.06,714
1547859600000,0.06,966
1547946000000,0.06,972
1548032400000,0.062,800
1548118800000,0.057,690
1548205200000,0.059,788
1548291600000,0.061,879
1548378000000,0.059,952
1548464400000,0.058,950
1548550800000,0.058,1021
1548637200000,0.056,773
1548723600000,0.06,895
1548810000000,0.067,797
1548896400000,0.067,885
1548982800000,0.07,1017
1549069200000,0.069,1003
1549155600000,0.066,1032
1549242000000,0.065,865
1549328400000,0.059,908
1549414800000,0.058,1115
1549501200000,0.056,891
1549587600000,0.054,1004
1549674000000,0.059,1111
1549760400000,0.063,976
1549846800000,0.056,951
1549933200000,0.059,802
1550019600000,0.057,817
1550106000000,0.062,571
1550192400000,0.069,1102
1550278800000,0.069,941
1550365200000,0.071,821
1550451600000,0.068,683
1550538000000,0.069,634
1550624400000,0.072,729
1550710800000,0.07,684
1550797200000,0.067,751
1550883600000,0.065,929
1550970000000,0.066,884
1551056400000,0.065,710
1551142800000,0.069,810
1551229200000,0.074,856
1551315600000,0.073,561
1551402000000,0.07,783
1551488400000,0.067,1161
1551574800000,0.065,1031
1551661200000,0.056,608
1551747600000,0.056,797
1551834000000,0.065,813
1551920400000,0.064,880
1552006800000,0.062,791
1552093200000,0.064,952
1552179600000,0.071,1347
1552266000000,0.072,827
1552352400000,0.072,607
1552438800000,0.075,1012
1552525200000,0.076,1014
1552611600000,0.082,1207
1552698000000,0.077,1084
1552784400000,0.082,1543
1552870800000,0.082,1086
1552957200000,0.081,777
1553043600000,0.078,820
1553130000000,0.077,807
1553216400000,0.078,1026
1553302800000,0.079,1378
1553389200000,0.077,1414
1553475600000,0.072,948
1553562000000,0.071,738
1553648400000,0.071,1004
1553734800000,0.069,931
1553821200000,0.071,1068
1553907600000,0.071,1107
1553994000000,0.073,1219
1554080400000,0.069,607
1554166800000,0.065,637
1554253200000,0.064,684
1554339600000,0.063,689
1554426000000,0.063,787
1554512400000,0.064,861
1554598800000,0.064,895
1554685200000,0.064,792
1554771600000,0.068,874
1554858000000,0.069,757
1554944400000,0.062,768
1555030800000,0.064,1009
1555117200000,0.07,1330
1555203600000,0.072,1481
1555290000000,0.07,970
1555376400000,0.072,691
1555462800000,0.07,779
1555549200000,0.07,718
1555635600000,0.067,836
1555722000000,0.071,998
1555808400000,0.071,909
1555894800000,0.073,762
1555981200000,0.072,757
1556067600000,0.089,1962
1556154000000,0.101,873
1556240400000,0.086,839
1556326800000,0.089,1017
1556413200000,0.087,866
1556499600000,0.08,667
1556586000000,0.075,713
1556672400000,0.082,967
1556758800000,0.08,790
1556845200000,0.082,901
1556931600000,0.075,823
1557018000000,0.076,965
1557104400000,0.076,595
1557190800000,0.073,637
1557277200000,0.072,1090
1557363600000,0.073,729
1557450000000,0.069,665
1557536400000,0.077,1047
1557622800000,0.073,722
1557709200000,0.08,717
1557795600000,0.08,662
1557882000000,0.077,637
1557968400000,0.076,748
1558054800000,0.075,719
1558141200000,0.078,822
1558227600000,0.078,864
1558314000000,0.079,742
1558400400000,0.082,650
1558486800000,0.08,784
1558573200000,0.076,787
1558659600000,0.081,800
1558746000000,0.082,912
1558832400000,0.091,987
1558918800000,0.096,1155
1559005200000,0.088,685
1559091600000,0.078,729
1559178000000,0.08,911
1559264400000,0.081,821
1559350800000,0.087,972
1559437200000,0.085,971
1559523600000,0.085,804
1559610000000,0.084,679
1559696400000,0.084,902
1559782800000,0.085,837
1559869200000,0.084,889
1559955600000,0.08,983
1560042000000,0.084,1150
1560128400000,0.086,860
1560214800000,0.092,905
1560301200000,0.089,869
1560387600000,0.087,868
1560474000000,0.095,1078
1560560400000,0.088,842
1560646800000,0.09,1015
1560733200000,0.088,812
1560819600000,0.092,820
1560906000000,0.093,974
1560992400000,0.08,736
1561078800000,0.087,963
1561165200000,0.089,947
1561251600000,0.084,836
1561338000000,0.094,1007
1561424400000,0.087,1086
1561510800000,0.079,1530
1561597200000,0.072,1122
1561683600000,0.074,999
1561770000000,0.078,939
1561856400000,0.072,1067
1561942800000,0.074,1057
1562029200000,0.072,987
1562115600000,0.071,1158
1562202000000,0.071,926
1562288400000,0.076,814
1562374800000,0.074,818
1562461200000,0.076,797
1562547600000,0.073,976
1562634000000,0.075,914
1562720400000,0.077,806
1562806800000,0.075,900
1562893200000,0.081,835
1562979600000,0.081,870
1563066000000,0.083,990
1563152400000,0.086,930
1563238800000,0.089,723
1563325200000,0.087,774
1563411600000,0.091,746
1563498000000,0.093,934
1563584400000,0.093,724
1563670800000,0.093,849
1563757200000,0.09,665
1563843600000,0.089,734
1563930000000,0.089,976
1564016400000,0.093,1072
1564102800000,0.092,953
1564189200000,0.092,703
1564275600000,0.09,718
1564362000000,0.088,841
1564448400000,0.087,709
1564534800000,0.094,724
1564621200000,0.089,759
1564707600000,0.094,793
1564794000000,0.097,890
1564880400000,0.097,1181
1564966800000,0.098,1148
1565053200000,0.099,822
1565139600000,0.097,966
1565226000000,0.089,814
1565312400000,0.095,749
1565398800000,0.097,842
1565485200000,0.094,727
1565571600000,0.091,751
1565658000000,0.095,774
1565744400000,0.092,1014
1565830800000,0.091,842
1565917200000,0.087,876
1566003600000,0.091,1126
1566090000000,0.094,970
1566176400000,0.09,787
1566262800000,0.092,887
1566349200000,0.086,817
1566435600000,0.093,892
1566522000000,0.091,888
1566608400000,0.089,946
1566694800000,0.089,998
1566781200000,0.09,973
1566867600000,0.092,841
1566954000000,0.095,799
1567040400000,0.095,845
1567126800000,0.088,864
1567213200000,0.087,722
1567299600000,0.09,1152
1567386000000,0.096,997
1567472400000,0.105,919
1567558800000,0.099,862
1567645200000,0.097,832
1567731600000,0.099,813
1567818000000,0.1,1214
1567904400000,0.087,1314
1567990800000,0.087,1004
1568077200000,0.088,890
1568163600000,0.088,879
1568250000000,0.084,896
1568336400000,0.08,1011
1568422800000,0.086,1180
1568509200000,0.083,839
1568595600000,0.09,823
1568682000000,0.097,1421
1568768400000,0.099,802
1568854800000,0.092,878
1568941200000,0.098,961
1569027600000,0.095,786
1569114000000,0.092,976
1569200400000,0.09,789
1569286800000,0.091,589
1569373200000,0.088,627
1569459600000,0.09,811
1569546000000,0.096,858
1569632400000,0.094,798
1569718800000,0.097,949
1569805200000,0.092,648
1569891600000,0.099,930
1569978000000,0.107,872
1570064400000,0.098,934
1570150800000,0.1,2167
1570237200000,0.096,1023
1570323600000,0.098,1252
1570410000000,0.1,1054
1570496400000,0.101,826
1570582800000,0.1,990
1570669200000,0.13,986
1570755600000,0.104,988
1570842000000,0.101,1180
1570928400000,0.099,1049
1571014800000,0.104,1109
1571101200000,0.103,835
1571187600000,0.107,762
1571274000000,0.101,856
1571360400000,0.099,1069
1571446800000,0.097,1578
1571533200000,0.094,1491
1571619600000,0.093,1265
1571706000000,0.091,901
1571792400000,0.09,1050
1571878800000,0.091,976
1571965200000,0.09,1321
1572051600000,0.091,1240
1572138000000,0.092,1152
1572224400000,0.089,938
1572310800000,0.093,1283
1572397200000,0.091,958
1572483600000,0.088,1092
1572570000000,0.095,1640
1572656400000,0.096,1086
1572742800000,0.095,1099
1572829200000,0.093,1187
1572915600000,0.094,874
1573002000000,0.093,845
1573088400000,0.094,927
1573174800000,0.099,1123
1573261200000,0.099,1084
1573347600000,0.097,1043
1573434000000,0.096,951
1573520400000,0.093,648
1573606800000,0.091,869
1573693200000,0.099,1239
1573779600000,0.107,1161
1573866000000,0.098,874
1573952400000,0.097,1076
1574038800000,0.097,912
1574125200000,0.087,1631
1574211600000,0.083,1162
1574298000000,0.096,982
1574384400000,0.087,1259
1574470800000,0.087,1272
1574557200000,0.088,1082
1574643600000,0.089,964
1574730000000,0.095,845
1574816400000,0.088,1242
1574902800000,0.092,1345
1574989200000,0.1,1239
1575075600000,0.098,1407
1575162000000,0.101,1329
1575248400000,0.099,1119
1575334800000,0.105,892
1575421200000,0.113,1302
1575507600000,0.128,1157
1575594000000,0.132,1302
1575680400000,0.13,942
1575766800000,0.12,996
1575853200000,0.129,1061
1575939600000,0.131,864
1576026000000,0.13,1088
1576112400000,0.121,1017
1576198800000,0.123,833
1576285200000,0.125,1232
1576371600000,0.116,807
1576458000000,0.115,968
1576544400000,0.119,744
1576630800000,0.118,1056
1576717200000,0.114,943
1576803600000,0.105,1464
1576890000000,0.107,1748
1576976400000,0.105,1191
1577062800000,0.104,1106
1577149200000,0.116,1367
1577235600000,0.124,1296
1577322000000,0.127,1447
1577408400000,0.128,1589
1577494800000,0.126,1319
1577581200000,0.125,1202
1577667600000,0.12,1209
1577754000000,0.124,932
1577840400000,0.124,1064
1577926800000,0.119,1651
1578013200000,0.128,1119
1578099600000,0.134,1257
1578186000000,0.13,1067
1578272400000,0.13,920
1578358800000,0.137,1059
1578445200000,0.133,978
1578531600000,0.142,1313
1578618000000,0.141,1045
1578704400000,0.14,1250
1578790800000,0.14,1155
1578877200000,0.149,1278
1578963600000,0.152,768
1579050000000,0.145,1311
1579136400000,0.148,1051
1579222800000,0.149,1072
1579309200000,0.138,1031
1579395600000,0.137,1037
1579482000000,0.138,1153
1579568400000,0.138,804
1579654800000,0.139,1070
1579741200000,0.135,1150
1579827600000,0.135,1424
1579914000000,0.132,1401
1580000400000,0.127,1284
1580086800000,0.129,1053
1580173200000,0.134,1124
1580259600000,0.147,1287
1580346000000,0.155,1090
1580432400000,0.163,1601
1580518800000,0.16,1208
1580605200000,0.166,1090
1580691600000,0.174,1065
1580778000000,0.197,1135
1580864400000,0.21,1168
1580950800000,0.179,1255
1581037200000,0.168,1140
1581123600000,0.179,1527
1581210000000,0.181,1633
1581296400000,0.177,1200
1581382800000,0.183,1341
1581469200000,0.189,1502
1581555600000,0.19,1672
1581642000000,0.197,1309
1581728400000,0.203,1382
1581814800000,0.208,1612
1581901200000,0.212,1172
1581987600000,0.212,998
1582074000000,0.213,1375
1582160400000,0.231,1553
1582246800000,0.235,1387
1582333200000,0.234,1464
1582419600000,0.226,1362
1582506000000,0.238,1699
1582592400000,0.234,1330
1582678800000,0.227,1512
1582765200000,0.233,1562
1582851600000,0.234,1708
1582938000000,0.254,2121
1583024400000,0.232,1349
1583110800000,0.234,1277
1583197200000,0.236,1382
1583283600000,0.235,1550
1583370000000,0.254,1707
1583456400000,0.245,1379
1583542800000,0.236,1492
1583629200000,0.235,1615
1583715600000,0.229,1389
1583802000000,0.239,1214
1583888400000,0.235,1355
1583974800000,0.226,1292
1584061200000,0.206,1365
1584147600000,0.203,1524
1584234000000,0.206,1794
1584320400000,0.202,1413
1584406800000,0.202,1600
1584493200000,0.194,1616
1584579600000,0.198,1849
1584666000000,0.197,1791
1584752400000,0.204,1470
1584838800000,0.204,1834
1584925200000,0.2,1210
1585011600000,0.203,1513
1585098000000,0.202,2005
1585184400000,0.187,1564
1585270800000,0.192,1812
1585357200000,0.191,1524
1585443600000,0.2,1341
1585530000000,0.191,950
1585616400000,0.178,2076
1585702800000,0.173,2390
1585789200000,0.165,2067
1585875600000,0.166,2350
1585962000000,0.169,2066
1586048400000,0.174,1986
1586134800000,0.178,2299
1586221200000,0.181,1952
1586307600000,0.184,2664
1586394000000,0.175,2070
1586480400000,0.172,2256
1586566800000,0.175,1974
1586653200000,0.171,1942
1586739600000,0.165,1932
1586826000000,0.165,2060
1586912400000,0.161,1987
1586998800000,0.156,1981
1587085200000,0.155,1743
1587171600000,0.158,2129
1587258000000,0.159,2071
1587344400000,0.156,1956
1587430800000,0.159,1959
1587517200000,0.156,1846
1587603600000,0.152,2279
1587690000000,0.158,1917
1587776400000,0.156,1962
1587862800000,0.152,1840
1587949200000,0.147,2080
1588035600000,0.147,2076
1588122000000,0.149,2204
1588208400000,0.155,2627
1588294800000,0.16,1974
1588381200000,0.162,2001
1588467600000,0.161,1642
1588554000000,0.167,1824
1588640400000,0.169,1920
1588726800000,0.163,1946
1588813200000,0.159,1895
1588899600000,0.159,1688
1588986000000,0.164,1755
1589072400000,0.164,1725
1589158800000,0.167,1817
1589245200000,0.168,1776
1589331600000,0.16,1868
1589418000000,0.159,1803
1589504400000,0.162,1680
1589590800000,0.164,1418
1589677200000,0.174,1505
1589763600000,0.172,1320
1589850000000,0.166,1258
1589936400000,0.163,1549
1590022800000,0.16,1433
1590109200000,0.162,1412
1590195600000,0.161,1572
1590282000000,0.166,1820
1590368400000,0.162,1604
1590454800000,0.154,1476
1590541200000,0.151,1382
1590627600000,0.149,1439
1590714000000,0.15,1298
1590800400000,0.159,1481
1590886800000,0.158,1517
1590973200000,0.162,1451
1591059600000,0.164,1589
1591146000000,0.164,1490
1591232400000,0.167,1481
1591318800000,0.17,1300
1591405200000,0.167,1097
1591491600000,0.167,1128
1591578000000,0.167,1214
1591664400000,0.164,966
1591750800000,0.163,1236
1591837200000,0.165,1309
1591923600000,0.168,1390
1592010000000,0.166,1121
1592096400000,0.167,1228
1592182800000,0.168,1040
1592269200000,0.166,939
1592355600000,0.163,1168
1592442000000,0.165,1128
1592528400000,0.164,1158
1592614800000,0.168,1192
1592701200000,0.165,1117
1592787600000,0.164,1018
1592874000000,0.165,1112
1592960400000,0.164,1197
1593046800000,0.162,1623
1593133200000,0.15,1560
1593219600000,0.15,1654
1593306000000,0.152,1442
1593392400000,0.152,1384
1593478800000,0.15,1222
1593565200000,0.154,1567
1593651600000,0.153,1633
1593738000000,0.152,1322
1593824400000,0.15,1140
1593910800000,0.152,1338
1593997200000,0.15,999
1594083600000,0.153,1248
1594170000000,0.153,1566
1594256400000,0.149,1469
1594342800000,0.156,1334
1594429200000,0.166,1196
1594515600000,0.172,1018
1594602000000,0.164,1011
1594688400000,0.165,1140
1594774800000,0.162,1192
1594861200000,0.163,947
1594947600000,0.165,1100
1595034000000,0.167,1058
1595120400000,0.172,1168
1595206800000,0.171,1011
1595293200000,0.175,1010
1595379600000,0.178,1258
1595466000000,0.176,1132
1595552400000,0.18,1332
1595638800000,0.186,1187
1595725200000,0.18,1026
1595811600000,0.181,966
1595898000000,0.184,1112
1595984400000,0.186,1066
1596070800000,0.184,1170
1596157200000,0.185,1025
1596243600000,0.186,1080
1596330000000,0.19,986
1596416400000,0.191,987
1596502800000,0.19,918
1596589200000,0.191,1165
1596675600000,0.194,1053
1596762000000,0.19,1293
1596848400000,0.184,1122
1596934800000,0.182,1161
1597021200000,0.184,1355
1597107600000,0.181,1244
1597194000000,0.18,1558
1597280400000,0.174,1037
1597366800000,0.174,1265
1597453200000,0.172,1097
1597539600000,0.176,1263
1597626000000,0.174,1167
1597712400000,0.175,1085
1597798800000,0.169,1112
1597885200000,0.167,1336
1597971600000,0.162,1174
1598058000000,0.161,1276
1598144400000,0.161,1054
1598230800000,0.163,1157
1598317200000,0.163,1041
1598403600000,0.158,1159
1598490000000,0.152,1180
1598576400000,0.155,1172
1598662800000,0.157,1158
1598749200000,0.153,959
1598835600000,0.148,1038
1598922000000,0.147,890
1599008400000,0.149,1248
1599094800000,0.144,983
1599181200000,0.149,1010
1599267600000,0.15,1048
1599354000000,0.148,975
1599440400000,0.151,996
1599526800000,0.15,1022
1599613200000,0.147,966
1599699600000,0.147,861
1599786000000,0.144,1010
1599872400000,0.141,998
1599958800000,0.145,1382
1600045200000,0.142,1008
1600131600000,0.148,978
1600218000000,0.151,1089
1600304400000,0.148,1105
1600390800000,0.15,1119
1600477200000,0.148,1094
1600563600000,0.151,1347
1600650000000,0.147,945
1600736400000,0.149,1073
1600822800000,0.152,1443
1600909200000,0.155,1643
1600995600000,0.152,1318
1601082000000,0.152,1148
1601168400000,0.154,1303
1601254800000,0.16,1430
1601341200000,0.157,921
1601427600000,0.157,1355
1601514000000,0.155,1064
1601600400000,0.157,1005
1601686800000,0.16,1130
1601773200000,0.161,1069
1601859600000,0.156,1117
1601946000000,0.157,1071
1602032400000,0.158,1159
1602118800000,0.157,915
1602205200000,0.156,914
1602291600000,0.152,1001
1602378000000,0.153,1049
1602464400000,0.152,982
1602550800000,0.152,930
1602637200000,0.152,1027
1602723600000,0.153,1081
1602810000000,0.152,1067
1602896400000,0.157,1119
1602982800000,0.161,1079
1603069200000,0.157,1041
1603155600000,0.153,857
1603242000000,0.154,1132
1603328400000,0.154,1025
1603414800000,0.156,1065
1603501200000,0.156,1256
1603587600000,0.154,1102
1603674000000,0.158,1051
1603760400000,0.154,904
1603846800000,0.152,1073
1603933200000,0.146,973
1604019600000,0.144,1308
1604106000000,0.145,1225
1604192400000,0.143,1337
1604278800000,0.14,966
1604365200000,0.14,1041
1604451600000,0.146,1292
1604538000000,0.148,1385
1604624400000,0.155,1369
1604710800000,0.153,1183
1604797200000,0.157,1317
1604883600000,0.159,1254
1604970000000,0.165,1176
1605056400000,0.168,1352
1605142800000,0.166,1239
1605229200000,0.165,1095
1605315600000,0.165,1216
1605402000000,0.162,1252
1605488400000,0.164,1208
1605574800000,0.166,1212
1605661200000,0.161,1273
1605747600000,0.162,1301
1605834000000,0.161,1200
1605920400000,0.164,1472
1606006800000,0.166,1228
1606093200000,0.16,967
1606179600000,0.164,1205
1606266000000,0.161,1418
1606352400000,0.159,1860
1606438800000,0.151,1416
1606525200000,0.149,1516
1606611600000,0.151,1734
1606698000000,0.146,1237
1606784400000,0.133,862
1606870800000,0.14,1227
1606957200000,0.146,1563
1607043600000,0.163,3059
1607130000000,0.182,2084
1607216400000,0.186,1773
1607302800000,0.182,1642
1607389200000,0.178,1518
1607475600000,0.184,1874
1607562000000,0.177,1637
1607648400000,0.178,1830
1607734800000,0.2,2180
1607821200000,0.201,1592
1607907600000,0.201,1443
1607994000000,0.204,1438
1608080400000,0.21,1888
1608166800000,0.222,2017
1608253200000,0.236,1878
1608339600000,0.238,1636
1608426000000,0.246,1444
1608512400000,0.256,1635
1608598800000,0.251,1291
1608685200000,0.231,1603
1608771600000,0.224,1813
1608858000000,0.215,1400
1608944400000,0.209,1413
1609030800000,0.22,1456
1609117200000,0.214,1433
1609203600000,0.214,1948
1609290000000,0.219,1849
1609376400000,0.225,1611
1609462800000,0.242,1423
1609549200000,0.245,1745
1609635600000,0.247,1713
1609722000000,0.257,1507
1609808400000,0.256,1631
1609894800000,0.246,1637
1609981200000,0.25,1555
1610067600000,0.249,1563
1610154000000,0.255,1559
1610240400000,0.256,1378
1610326800000,0.255,1476
1610413200000,0.258,1315
1610499600000,0.259,1571
1610586000000,0.259,1575
1610672400000,0.253,1344
1610758800000,0.25,1409
1610845200000,0.266,1455
1610931600000,0.263,1146
1611018000000,0.27,1512
1611104400000,0.276,1946
1611190800000,0.278,1442
1611277200000,0.277,1492
1611363600000,0.275,1263
1611450000000,0.272,1285
1611536400000,0.275,1359
1611622800000,0.273,1098
1611709200000,0.267,1536
1611795600000,0.232,2154
1611882000000,0.217,1465
1611968400000,0.208,1469
1612054800000,0.214,1344
1612141200000,0.227,1052
1612227600000,0.219,1064
1612314000000,0.216,1416
1612400400000,0.218,1615
1612486800000,0.216,1371
1612573200000,0.219,1320
1612659600000,0.223,1258
1612746000000,0.223,1181
1612832400000,0.218,1256
1612918800000,0.215,1637
1613005200000,0.206,1551
1613091600000,0.204,1611
1613178000000,0.206,1680
1613264400000,0.203,1755
1613350800000,0.201,1647
1613437200000,0.213,1655
1613523600000,0.222,1802
1613610000000,0.22,1510
1613696400000,0.22,1250
1613782800000,0.232,1523
1613869200000,0.229,1396
1613955600000,0.237,1337
1614042000000,0.229,1216
1614128400000,0.229,1493
1614214800000,0.222,1436
1614301200000,0.233,1391
1614387600000,0.229,1531
1614474000000,0.236,1639
1614560400000,0.243,1433
1614646800000,0.24,1335
1614733200000,0.237,1641
1614819600000,0.241,1717
1614906000000,0.256,2553
1614992400000,0.269,1757
1615078800000,0.272,1708
1615165200000,0.279,1584
1615251600000,0.292,1648
1615338000000,0.297,1696
1615424400000,0.301,1737
1615510800000,0.299,1665
1615597200000,0.317,1644
1615683600000,0.308,1420
1615770000000,0.312,1552
1615856400000,0.3,1287
1615942800000,0.291,1704
1616029200000,0.28,1552
1616115600000,0.271,2146
1616202000000,0.28,2008
1616288400000,0.292,1819
1616374800000,0.311,1880
1616461200000,0.325,1566
1616547600000,0.335,1766
1616634000000,0.331,1648
1616720400000,0.343,1698
1616806800000,0.354,1749
1616893200000,0.356,1750
1616979600000,0.366,1920
1617066000000,0.364,1468
1617152400000,0.363,1648
1617238800000,0.353,1576
1617325200000,0.354,1578
1617411600000,0.358,1782
1617498000000,0.364,1788
1617584400000,0.358,1575
1617670800000,0.357,1427
1617757200000,0.327,1445
1617843600000,0.304,2257
1617930000000,0.314,2369
1618016400000,0.302,2044
1618102800000,0.301,1482
1618189200000,0.302,1412
1618275600000,0.316,1752
1618362000000,0.324,607
1618448400000,0.336,1798
1618534800000,0.335,1594
1618621200000,0.322,1679
1618707600000,0.321,1413
1618794000000,0.313,1313
1618880400000,0.319,1376
1618966800000,0.328,1895
1619053200000,0.328,1428
1619139600000,0.327,1583
1619226000000,0.331,1616
1619312400000,0.327,1327
1619398800000,0.332,1361
1619485200000,0.333,1355
1619571600000,0.344,1667
1619658000000,0.363,1834
1619744400000,0.377,1895
1619830800000,0.38,1345
1619917200000,0.388,1433
1620003600000,0.375,1364
1620090000000,0.388,1833
1620176400000,0.4,2240
1620262800000,0.412,1932
1620349200000,0.389,1759
1620435600000,0.384,1409
1620522000000,0.386,1458
1620608400000,0.391,1480
1620694800000,0.407,1691
1620781200000,0.418,1929
1620867600000,0.407,1528
1620954000000,0.408,1541
1621040400000,0.399,1475
1621126800000,0.377,1317
1621213200000,0.387,1249
1621299600000,0.381,1209
1621386000000,0.368,1664
1621472400000,0.367,1364
1621558800000,0.371,1397
1621645200000,0.377,1411
1621731600000,0.382,1303
1621818000000,0.39,1339
1621904400000,0.395,1224
1621990800000,0.429,2282
1622077200000,0.477,2119
1622163600000,0.469,1512
1622250000000,0.467,1476
1622336400000,0.447,1353
1622422800000,0.44,1193
1622509200000,0.423,956
1622595600000,0.429,1495
1622682000000,0.45,1607
1622768400000,0.472,1793
1622854800000,0.526,1805
1622941200000,0.53,1340
1623027600000,0.567,1469
1623114000000,0.633,1621
1623200400000,0.705,1846
1623286800000,0.686,1338
1623373200000,0.644,1208
1623459600000,0.616,1216
1623546000000,0.558,1060
1623632400000,0.51,1149
1623718800000,0.547,1233
1623805200000,0.557,1366
1623891600000,0.554,1319
1623978000000,0.567,1134
1624064400000,0.546,1095
1624150800000,0.515,1010
1624237200000,0.496,973
1624323600000,0.491,1041
1624410000000,0.508,1296
1624496400000,0.495,1359
1624582800000,0.477,1527
1624669200000,0.434,1262
1624755600000,0.436,1201
1624842000000,0.435,1334
1624928400000,0.457,1176
1625014800000,0.428,1222
1625101200000,0.41,1111
1625187600000,0.417,1153
1625274000000,0.412,1120
1625360400000,0.4,874
1625446800000,0.378,898
1625533200000,0.377,992
1625619600000,0.371,1151
1625706000000,0.349,1115
1625792400000,0.326,905
1625878800000,0.323,809
1625965200000,0.297,938
1626051600000,0.306,1066
1626138000000,0.33,908
1626224400000,0.319,926
1626310800000,0.32,1051
1626397200000,0.317,912
1626483600000,0.31,915
1626570000000,0.319,1129
1626656400000,0.323,761
1626742800000,0.326,963
1626829200000,0.338,1135
1626915600000,0.341,938
1627002000000,0.341,892
1627088400000,0.343,962
1627174800000,0.342,820
1627261200000,0.333,731
1627347600000,0.333,480
1627434000000,0.331,875
1627520400000,0.333,1111
1627606800000,0.337,889
1627693200000,0.329,758
1627779600000,0.319,648
1627866000000,0.329,848
1627952400000,0.333,849
1628038800000,0.316,791
1628125200000,0.314,653
1628211600000,0.296,927
1628298000000,0.298,909
1628384400000,0.3,903
1628470800000,0.298,832
1628557200000,0.295,714
1628643600000,0.289,1106
1628730000000,0.282,848
1628816400000,0.283,751
1628902800000,0.281,763
1628989200000,0.284,832
1629075600000,0.286,680
1629162000000,0.285,725
1629248400000,0.283,1010
1629334800000,0.29,954
1629421200000,0.292,844
1629507600000,0.295,1029
1629594000000,0.295,1064
1629680400000,0.292,763
1629766800000,0.29,1398
1629853200000,0.288,1376
1629939600000,0.291,930
1630026000000,0.286,866
1630112400000,0.292,822
1630198800000,0.289,845
1630285200000,0.291,799
1630371600000,0.292,724
1630458000000,0.296,880
1630544400000,0.285,778
1630630800000,0.283,802
1630717200000,0.285,925
1630803600000,0.289,863
1630890000000,0.289,897
1630976400000,0.289,778
1631062800000,0.289,906
1631149200000,0.291,742
1631235600000,0.295,1126
1631322000000,0.297,1089
1631408400000,0.304,1232
1631494800000,0.306,796
1631581200000,0.307,836
1631667600000,0.309,931
1631754000000,0.312,956
1631840400000,0.3,916
1631926800000,0.308,1119
1632013200000,0.301,821
1632099600000,0.299,721
1632186000000,0.292,656
1632272400000,0.326,3080
1632358800000,0.301,1488
1632445200000,0.305,1173
1632531600000,0.3,1292
1632618000000,0.313,1413
1632704400000,0.309,977
1632790800000,0.299,1027
1632877200000,0.297,1243
1632963600000,0.301,1242
1633050000000,0.309,1168
1633136400000,0.306,1077
1633222800000,0.303,969
1633309200000,0.308,936
1633395600000,0.308,1006
1633482000000,0.305,1159
1633568400000,0.314,1366
1633654800000,0.327,1028
1633741200000,0.331,1066
1633827600000,0.333,866
1633914000000,0.333,800
1634000400000,0.334,778
1634086800000,0.324,892
1634173200000,0.331,1132
1634259600000,0.316,790
1634346000000,0.31,948
1634432400000,0.312,961
1634518800000,0.31,656
1634605200000,0.295,617
1634691600000,0.287,900
1634778000000,0.275,806
1634864400000,0.268,1067
1634950800000,0.26,1166
1635037200000,0.263,922
1635123600000,0.263,685
1635210000000,0.266,717
1635296400000,0.264,931
1635382800000,0.254,768
1635469200000,0.255,1015
1635555600000,0.253,1161
1635642000000,0.247,991
1635728400000,0.249,900
1635814800000,0.27,1125
1635901200000,0.263,1013
1635987600000,0.259,932
1636074000000,0.264,809
1636160400000,0.273,976
1636246800000,0.272,810
1636333200000,0.271,743
1636419600000,0.257,602
1636506000000,0.251,980
1636592400000,0.236,900
1636678800000,0.232,811
1636765200000,0.235,1033
1636851600000,0.236,780
1636938000000,0.237,855
1637024400000,0.242,853
1637110800000,0.241,795
1637197200000,0.238,1079
1637283600000,0.242,977
1637370000000,0.245,1021
1637456400000,0.24,899
1637542800000,0.245,731
1637629200000,0.249,742
1637715600000,0.251,946
1637802000000,0.25,1120
1637888400000,0.255,1178
1637974800000,0.252,907
1638061200000,0.255,1189
1638147600000,0.253,785
1638234000000,0.242,973
1638320400000,0.24,967
1638406800000,0.235,869
1638493200000,0.237,821
1638579600000,0.251,1416
1638666000000,0.266,1212
1638752400000,0.281,866
1638838800000,0.28,749
1638925200000,0.279,1169
1639011600000,0.281,784
1639098000000,0.285,1029
1639184400000,0.287,914
1639270800000,0.287,807
1639357200000,0.274,739
1639443600000,0.271,698
1639530000000,0.265,817
1639616400000,0.25,800
1639702800000,0.254,809
1639789200000,0.25,764
1639875600000,0.249,804
1639962000000,0.251,668
1640048400000,0.255,618
1640134800000,0.261,778
1640221200000,0.255,786
1640307600000,0.256,777
1640394000000,0.27,990
1640480400000,0.27,759
1640566800000,0.272,1059
1640653200000,0.269,733
1640739600000,0.267,1050
1640826000000,0.262,915
1640912400000,0.269,898
1640998800000,0.282,868
1641085200000,0.275,975
1641171600000,0.272,963
1641258000000,0.271,789
1641344400000,0.278,1197
1641430800000,0.276,986
1641517200000,0.279,874
1641603600000,0.284,880
1641690000000,0.278,736
1641776400000,0.284,788
1641862800000,0.287,683
1641949200000,0.283,889
1642035600000,0.285,1050
1642122000000,0.288,972
1642208400000,0.289,842
1642294800000,0.293,834
1642381200000,0.293,768
1642467600000,0.294,626
1642554000000,0.289,864
1642640400000,0.293,925
1642726800000,0.283,981
1642813200000,0.278,1016
1642899600000,0.273,975
1642986000000,0.266,836
1643072400000,0.261,943
1643158800000,0.271,1162
1643245200000,0.274,1101
1643331600000,0.265,1102
1643418000000,0.263,1205
1643504400000,0.265,1146
1643590800000,0.248,807
1643677200000,0.251,1086
1643763600000,0.252,1334
1643850000000,0.253,1238
1643936400000,0.259,1170
1644022800000,0.252,890
1644109200000,0.251,959
1644195600000,0.247,835
1644282000000,0.242,805
1644368400000,0.242,1020
1644454800000,0.241,891
1644541200000,0.247,1156
1644627600000,0.247,1140
1644714000000,0.246,978
1644800400000,0.249,788
1644886800000,0.247,834
1644973200000,0.255,1086
1645059600000,0.257,994
1645146000000,0.254,1117
1645232400000,0.258,1083
1645318800000,0.253,856
1645405200000,0.258,850
1645491600000,0.257,781
1645578000000,0.258,1102
1645664400000,0.254,785
1645750800000,0.251,789
1645837200000,0.255,1054
1645923600000,0.254,945
1646010000000,0.26,970
1646096400000,0.256,738
1646182800000,0.259,1091
1646269200000,0.257,1050
1646355600000,0.255,998
1646442000000,0.26,997
1646528400000,0.261,990
1646614800000,0.258,886
1646701200000,0.257,928
1646787600000,0.254,976
1646874000000,0.257,1014
1646960400000,0.266,864
1647046800000,0.268,1039
1647133200000,0.262,999
1647219600000,0.264,782
1647306000000,0.264,739
1647392400000,0.265,985
1647478800000,0.264,1024
1647565200000,0.273,867
1647651600000,0.263,810
1647738000000,0.26,892
1647824400000,0.266,842
1647910800000,0.263,702
1647997200000,0.263,997
1648083600000,0.261,1093
1648170000000,0.262,915
1648256400000,0.263,857
1648342800000,0.258,757
1648429200000,0.26,934
1648515600000,0.261,825
1648602000000,0.268,585
1648688400000,0.26,697
1648774800000,0.261,793
1648861200000,0.265,825
1648947600000,0.27,695
1649034000000,0.276,526
1649120400000,0.282,529
1649206800000,0.275,630
1649293200000,0.277,887
1649379600000,0.276,881
1649466000000,0.278,859
1649552400000,0.272,930
1649638800000,0.271,787
1649725200000,0.272,1091
1649811600000,0.271,905
1649898000000,0.271,904
1649984400000,0.272,763
1650070800000,0.272,786
1650157200000,0.265,736
1650243600000,0.266,746
1650330000000,0.27,710
1650416400000,0.271,768
1650502800000,0.267,804
1650589200000,0.27,932
1650675600000,0.272,892
1650762000000,0.276,758
1650848400000,0.28,643
1650934800000,0.279,717
1651021200000,0.283,871
1651107600000,0.279,709
1651194000000,0.279,732
1651280400000,0.275,812
1651366800000,0.276,726
1651453200000,0.274,809
1651539600000,0.271,568
1651626000000,0.269,1155
1651712400000,0.26,818
1651798800000,0.261,863
1651885200000,0.258,1077
1651971600000,0.259,860
1652058000000,0.263,760
1652144400000,0.26,623
1652230800000,0.251,772
1652317200000,0.249,680
1652403600000,0.253,828
1652490000000,0.25,706
1652576400000,0.249,835
1652662800000,0.246,651
1652749200000,0.247,623
1652835600000,0.243,654
1652922000000,0.246,1014
1653008400000,0.252,779
1653094800000,0.253,763
1653181200000,0.253,848
1653267600000,0.25,890
1653354000000,0.248,733
1653440400000,0.252,692
1653526800000,0.251,826
1653613200000,0.252,1043
1653699600000,0.254,927
1653786000000,0.256,1011
1653872400000,0.256,717
1653958800000,0.259,730
1654045200000,0.253,788
1654131600000,0.255,831
1654218000000,0.253,944
1654304400000,0.254,1206
1654390800000,0.25,919
1654477200000,0.244,733
1654563600000,0.243,800
1654650000000,0.243,911
1654736400000,0.242,957
1654822800000,0.231,748
1654909200000,0.234,750
1654995600000,0.233,866
1655082000000,0.23,669
1655168400000,0.232,658
1655254800000,0.22,758
1655341200000,0.217,1055
1655427600000,0.216,665
1655514000000,0.216,771
1655600400000,0.217,1137
1655686800000,0.216,714
1655773200000,0.213,635
1655859600000,0.213,920
1655946000000,0.209,851
1656032400000,0.21,988
1656118800000,0.21,821
1656205200000,0.211,930
1656291600000,0.213,786
1656378000000,0.21,691
1656464400000,0.205,949
1656550800000,0.203,814
1656637200000,0.213,894
1656723600000,0.214,1021
1656810000000,0.216,802
1656896400000,0.22,975
1656982800000,0.224,911
1657069200000,0.21,919
1657155600000,0.212,904
1657242000000,0.215,779
1657328400000,0.214,637
1657414800000,0.214,823
1657501200000,0.214,711
1657587600000,0.215,854
1657674000000,0.213,895
1657760400000,0.214,855
1657846800000,0.218,777
1657933200000,0.214,682
1658019600000,0.214,649
1658106000000,0.214,651
1658192400000,0.216,657
1658278800000,0.211,745
1658365200000,0.214,1797
1658451600000,0.211,805
1658538000000,0.214,859
1658624400000,0.215,823
1658710800000,0.213,763
1658797200000,0.214,731
1658883600000,0.214,850
1658970000000,0.214,778
1659056400000,0.212,720
1659142800000,0.218,857
1659229200000,0.216,850
1659315600000,0.219,834
1659402000000,0.217,720
1659488400000,0.221,877
1659574800000,0.217,840
1659661200000,0.214,819
1659747600000,0.22,710
1659834000000,0.215,873
1659920400000,0.214,606
1660006800000,0.212,384
1660093200000,0.215,967
1660179600000,0.216,775
1660266000000,0.219,831
1660352400000,0.215,810
1660438800000,0.218,760
1660525200000,0.216,695
1660611600000,0.229,813
1660698000000,0.233,1204
1660784400000,0.234,972
1660870800000,0.231,937
1660957200000,0.225,799
1661043600000,0.23,851
1661130000000,0.232,813
1661216400000,0.23,756
1661302800000,0.229,996
1661389200000,0.229,879
1661475600000,0.228,788
1661562000000,0.234,928
1661648400000,0.232,833
1661734800000,0.238,922
1661821200000,0.235,749
1661907600000,0.239,1038
1661994000000,0.239,814
1662080400000,0.24,1201
1662166800000,0.234,1038
1662253200000,0.244,990
1662339600000,0.252,993
1662426000000,0.252,694
1662512400000,0.25,864
1662598800000,0.248,708
1662685200000,0.238,762
1662771600000,0.242,900
1662858000000,0.238,858
1662944400000,0.233,640
1663030800000,0.23,785
1663117200000,0.227,805
1663203600000,0.229,898
1663290000000,0.229,878
1663376400000,0.236,1002
1663462800000,0.228,724
1663549200000,0.219,770
1663635600000,0.235,769
1663722000000,0.234,852
1663808400000,0.229,804
1663894800000,0.231,819
1663981200000,0.235,742
1664067600000,0.228,719
1664154000000,0.228,743
1664240400000,0.219,638
1664326800000,0.219,808
1664413200000,0.218,799
1664499600000,0.211,744
1664586000000,0.217,1204
1664672400000,0.227,791
1664758800000,0.216,664
1664845200000,0.221,740
1664931600000,0.229,926
1665018000000,0.233,856
1665104400000,0.235,846
1665190800000,0.234,817
1665277200000,0.242,993
1665363600000,0.246,743
1665450000000,0.25,892
1665536400000,0.242,838
1665622800000,0.24,970
1665709200000,0.236,647
1665795600000,0.245,1034
1665882000000,0.245,854
1665968400000,0.244,694
1666054800000,0.242,689
1666141200000,0.247,873
1666227600000,0.241,831
1666314000000,0.239,844
1666400400000,0.231,1097
1666486800000,0.216,860
1666573200000,0.218,750
1666659600000,0.212,692
1666746000000,0.219,1084
1666832400000,0.213,809
1666918800000,0.209,794
1667005200000,0.211,855
1667091600000,0.214,1150
1667178000000,0.216,843
1667264400000,0.213,785
1667350800000,0.213,856
1667437200000,0.212,733
1667523600000,0.21,764
1667610000000,0.211,816
1667696400000,0.212,824
1667782800000,0.21,670
1667869200000,0.211,513
1667955600000,0.211,692
1668042000000,0.214,761
1668128400000,0.21,736
1668214800000,0.218,866
1668301200000,0.216,761
1668387600000,0.219,700
1668474000000,0.216,596
1668560400000,0.212,724
1668646800000,0.216,778
1668733200000,0.215,831
1668819600000,0.217,1052
1668906000000,0.221,1572
1668992400000,0.224,646
1669078800000,0.221,674
1669165200000,0.218,1275
1669251600000,0.229,1342
1669338000000,0.22,1089
1669424400000,0.219,1078
1669510800000,0.218,1073
1669597200000,0.217,736
1669683600000,0.219,813
1669770000000,0.214,665
1669856400000,0.217,789
1669942800000,0.223,777
1670029200000,0.228,860
1670115600000,0.234,826
1670202000000,0.237,618
1670288400000,0.237,635
1670374800000,0.239,823
1670461200000,0.242,692
1670547600000,0.24,713
1670634000000,0.241,786
1670720400000,0.244,861
1670806800000,0.244,747
1670893200000,0.241,686
1670979600000,0.233,837
1671066000000,0.23,785
1671152400000,0.229,756
1671238800000,0.226,821
1671325200000,0.22,841
1671411600000,0.223,568
1671498000000,0.221,678
1671584400000,0.217,917
1671670800000,0.216,888
1671757200000,0.216,1147
1671843600000,0.213,1134
1671930000000,0.214,970
1672016400000,0.215,1025
1672102800000,0.219,1076
1672189200000,0.211,1173
1672275600000,0.205,998
1672362000000,0.206,1211
1672448400000,0.206,777
1672534800000,0.204,746
1672621200000,0.203,1112
1672707600000,0.212,937
1672794000000,0.212,1376
1672880400000,0.212,916
1672966800000,0.212,913
1673053200000,0.211,794
1673139600000,0.21,769
1673226000000,0.214,790
1673312400000,0.217,606
1673398800000,0.214,801
1673485200000,0.212,734
1673571600000,0.21,796
1673658000000,0.213,824
1673744400000,0.21,803
1673830800000,0.214,765
1673917200000,0.211,552
1674003600000,0.21,811
1674090000000,0.212,845
1674176400000,0.211,744
1674262800000,0.214,979
1674349200000,0.213,871
1674435600000,0.214,694
1674522000000,0.212,914
1674608400000,0.205,865
1674694800000,0.214,900
1674781200000,0.21,832
1674867600000,0.212,930
1674954000000,0.22,1032
1675040400000,0.217,794
1675126800000,0.213,666
1675213200000,0.214,876
1675299600000,0.216,914
1675386000000,0.214,775
1675472400000,0.22,1187
1675558800000,0.215,848
1675645200000,0.216,727
1675731600000,0.218,785
1675818000000,0.224,1056
1675904400000,0.219,938
1675990800000,0.213,1152
1676077200000,0.214,1120
1676163600000,0.214,1151
1676250000000,0.217,1352
1676336400000,0.218,797
1676422800000,0.215,1123
1676509200000,0.216,1081
1676595600000,0.213,1081
1676682000000,0.213,1180
1676768400000,0.213,1120
1676854800000,0.214,849
1676941200000,0.213,940
1677027600000,0.207,1041
1677114000000,0.207,1024
1677200400000,0.208,1109
1677286800000,0.206,1043
1677373200000,0.204,1326
1677459600000,0.202,956
1677546000000,0.204,1010
1677632400000,0.213,1248
1677718800000,0.212,1163
1677805200000,0.211,1129
1677891600000,0.229,1224
1677978000000,0.223,1303
1678064400000,0.211,1308
1678150800000,0.21,1121
1678237200000,0.218,1694
1678323600000,0.227,1625
1678410000000,0.221,1025
1678496400000,0.22,1432
1678582800000,0.231,1352
1678669200000,0.232,1196
1678755600000,0.228,1218
1678842000000,0.23,1412
1678928400000,0.224,1545
1679014800000,0.228,1692
1679101200000,0.232,1702
1679187600000,0.242,1556
1679274000000,0.233,1369
1679360400000,0.226,1306
1679446800000,0.231,1728
1679533200000,0.243,2175
1679619600000,0.253,1925
1679706000000,0.266,1669
1679792400000,0.271,1923
1679878800000,0.277,1771
1679965200000,0.284,1671
1680051600000,0.271,1793
1680138000000,0.273,1348
1680224400000,0.279,1242
1680310800000,0.276,1551
1680397200000,0.288,1716
1680483600000,0.293,1423
1680570000000,0.299,1357
1680656400000,0.309,1712
1680742800000,0.312,1882
1680829200000,0.312,1353
1680915600000,0.314,1340
1681002000000,0.326,1761
1681088400000,0.321,1632
1681174800000,0.323,1580
1681261200000,0.337,2486
1681347600000,0.348,1409
1681434000000,0.355,1337
1681520400000,0.357,1002
1681606800000,0.37,1119
1681693200000,0.379,1402
1681779600000,0.387,1082
1681866000000,0.398,1544
1681952400000,0.421,2079
1682038800000,0.425,2018
1682125200000,0.418,774
1682175600000,0.42,89
1682179200000,0.42,71
1682182800000,0.43,153
1682186400000,0.42,90
1682190000000,0.43,166
1682193600000,0.42,89
1682197200000,0.43,106
1682200800000,0.43,122
1682204400000,0.43,107
1682208000000,0.42,59
1682211600000,0.43,53
1682215200000,0.439,42
1682218800000,0.43,32
1682222400000,0.46,105
1682226000000,0.46,51
1682229600000,0.43,37
1682233200000,0.43,75
1682236800000,0.43,120
1682240400000,0.45,105
1682244000000,0.43,63
1682247600000,0.43,50
1682251200000,0.43,95
1682254800000,0.43,89
1682258400000,0.43,86
1682262000000,0.451,159
1682265600000,0.43,81
1682269200000,0.43,78
1682272800000,0.43,80
1682276400000,0.43,102
1682280000000,0.43,145
1682283600000,0.42,72
1682287200000,0.43,94
1682290800000,0.43,61
1682294400000,0.42,23
1682298000000,0.43,46
1682301600000,0.45,50
1682305200000,0.43,25
1682308800000,0.43,29
1682312400000,0.458,99
1682316000000,0.46,143
1682319600000,0.463,64
1682323200000,0.466,80
1682326800000,0.43,33
1682330400000,0.43,47
1682334000000,0.449,63
1682337600000,0.43,45
1682341200000,0.45,62
1682344800000,0.45,84
1682348400000,0.43,102
1682352000000,0.43,70
1682355600000,0.42,86
1682359200000,0.42,115
1682362800000,0.41,72
1682366400000,0.41,99
1682370000000,0.41,80
1682373600000,0.42,72
1682377200000,0.41,51
1682380800000,0.41,36
1682384400000,0.42,70
1682388000000,0.474,627
1682391600000,0.506,357
1682395200000,0.597,165
1682398800000,0.63,137
1682402400000,0.54,201
1682406000000,0.594,141
1682409600000,0.58,103
1682413200000,0.546,122
1682416800000,0.536,123
1682420400000,0.517,155
1682424000000,0.51,217
1682427600000,0.54,149
1682431200000,0.48,151
1682434800000,0.536,145
1682438400000,0.49,186
1682442000000,0.5,171
1682445600000,0.499,186
1682449200000,0.495,201
1682452800000,0.493,183
1682456400000,0.46,117
1682460000000,0.473,137
1682463600000,0.451,27
1682467200000,0.54,45
1682470800000,0.5,55
1682474400000,0.541,89
1682478000000,0.51,43
1682481600000,0.52,66
1682485200000,0.572,60
1682488800000,0.58,118
1682492400000,0.532,81
1682496000000,0.513,66
1682499600000,0.522,90
1682503200000,0.505,41
1682506800000,0.49,75
1682510400000,0.46,92
1682514000000,0.481,121
1682517600000,0.462,82
1682521200000,0.505,145
1682524800000,0.465,92
1682528400000,0.492,136
1682532000000,0.492,180
1682535600000,0.471,136
1682539200000,0.477,128
1682542800000,0.47,108
1682546400000,0.49,154
1682550000000,0.476,87
1682553600000,0.474,48
1682557200000,0.465,73
1682560800000,0.465,51
1682564400000,0.518,58
1682568000000,0.505,43
1682571600000,0.508,65
1682575200000,0.501,46
1682578800000,0.505,55
1682582400000,0.523,70
1682586000000,0.483,83
1682589600000,0.48,83
1682593200000,0.459,68
1682596800000,0.46,85
1682600400000,0.475,97
1682604000000,0.472,87
1682607600000,0.476,137
1682611200000,0.494,200
1682614800000,0.465,110
1682618400000,0.459,123
1682622000000,0.454,132
1682625600000,0.454,132
1682629200000,0.451,117
1682632800000,0.467,109
1682636400000,0.48,80
1682640000000,0.462,66
1682643600000,0.457,60
1682647200000,0.5,74
1682650800000,0.5,102
1682654400000,0.507,66
1682658000000,0.506,74
1682661600000,0.496,40
1682665200000,0.512,57
1682668800000,0.53,131
1682672400000,0.502,67
1682676000000,0.49,82
1682679600000,0.502,110
1682683200000,0.487,92
1682686800000,0.489,100
1682690400000,0.493,108
1682694000000,0.475,98
1682697600000,0.473,140
1682701200000,0.506,209
1682704800000,0.473,132
1682708400000,0.447,84
1682712000000,0.46,136
1682715600000,0.44,122
1682719200000,0.46,104
1682722800000,0.487,133
1682726400000,0.462,80
1682730000000,0.462,61
1682733600000,0.46,57
1682737200000,0.433,41
1682740800000,0.52,143
1682744400000,0.498,48
1682748000000,0.517,72
1682751600000,0.483,54
1682755200000,0.468,37
1682758800000,0.455,62
1682762400000,0.46,66
1682766000000,0.46,68
1682769600000,0.461,99
1682773200000,0.454,98
1682776800000,0.45,60
1682780400000,0.461,90
1682784000000,0.456,83
1682787600000,0.451,107
1682791200000,0.47,85
1682794800000,0.439,98
1682798400000,0.44,112
1682802000000,0.451,121
1682805600000,0.44,100
1682809200000,0.44,110
1682812800000,0.42,50
1682816400000,0.43,69
1682820000000,0.43,45
1682823600000,0.428,22
1682827200000,0.449,42
1682830800000,0.506,138
1682834400000,0.503,74
1682838000000,0.51,37
1682841600000,0.487,62
1682845200000,0.46,57
1682848800000,0.46,62
1682852400000,0.463,80
1682856000000,0.47,109
1682859600000,0.5,117
1682863200000,0.458,83
1682866800000,0.438,62
1682870400000,0.44,72
1682874000000,0.449,113
1682877600000,0.458,141
1682881200000,0.438,109
1682884800000,0.44,120
1682888400000,0.462,113
1682892000000,0.431,74
1682895600000,0.506,228
1682899200000,0.432,45
1682902800000,0.43,54
1682906400000,0.506,63
1682910000000,0.468,46
1682913600000,0.5,32
1682917200000,0.502,38
1682920800000,0.5,42
1682924400000,0.5,75
1682928000000,0.473,67
1682931600000,0.5,83
1682935200000,0.477,92
1682938800000,0.459,88
1682942400000,0.434,74
1682946000000,0.436,62
1682949600000,0.43,86
1682953200000,0.473,113
1682956800000,0.44,66
1682960400000,0.488,117
1682964000000,0.43,74
1682967600000,0.43,76
1682971200000,0.43,70
1682974800000,0.434,107
1682978400000,0.43,70
1682982000000,0.441,49
1682985600000,0.452,82
1682989200000,0.452,53
1682992800000,0.403,26
1682996400000,0.47,55
1683000000000,0.46,26
1683003600000,0.419,31
1683007200000,0.423,26
1683010800000,0.458,50
1683014400000,0.419,32
1683018000000,0.43,46
1683021600000,0.42,91
1683025200000,0.441,42
1683028800000,0.452,69
1683032400000,0.455,61
1683036000000,0.455,119
1683039600000,0.461,98
1683043200000,0.458,79
1683046800000,0.47,85
1683050400000,0.458,68
1683054000000,0.458,102
1683057600000,0.458,80
1683061200000,0.457,76
1683064800000,0.452,61
1683068400000,0.438,44
1683072000000,0.448,55
1683075600000,0.449,33
1683079200000,0.437,45
1683082800000,0.454,46
1683086400000,0.446,48
1683090000000,0.49,94
1683093600000,0.49,64
1683097200000,0.499,61
1683100800000,0.497,46
1683104400000,0.484,48
1683108000000,0.5,103
1683111600000,0.462,57
1683115200000,0.475,73
1683118800000,0.458,81
1683122400000,0.46,130
1683126000000,0.47,113
1683129600000,0.47,80
1683133200000,0.46,77
1683136800000,0.457,95
1683140400000,0.42,81
1683144000000,0.438,129
1683147600000,0.42,82
1683151200000,0.42,44
1683154800000,0.435,68
1683158400000,0.419,45
1683162000000,0.43,31
1683165600000,0.43,42
1683169200000,0.46,107
1683172800000,0.43,26
1683176400000,0.461,114
1683180000000,0.473,26
1683183600000,0.48,64
1683187200000,0.451,29
1683190800000,0.452,65
1683194400000,0.451,49
1683198000000,0.43,60
1683201600000,0.43,61
1683205200000,0.452,87
1683208800000,0.484,83
1683212400000,0.474,109
1683216000000,0.452,80
1683219600000,0.441,74
1683223200000,0.43,77
1683226800000,0.43,98
1683230400000,0.441,81
1683234000000,0.441,94
1683237600000,0.43,81
1683241200000,0.456,104
1683244800000,0.43,44
1683248400000,0.43,73
1683252000000,0.448,107
1683255600000,0.448,73
1683259200000,0.516,113
1683262800000,0.448,56
1683266400000,0.455,53
1683270000000,0.443,53
1683273600000,0.46,61
1683277200000,0.46,66
1683280800000,0.46,74
1683284400000,0.46,121
1683288000000,0.46,139
1683291600000,0.46,87
1683295200000,0.43,44
1683298800000,0.441,37
1683302400000,0.451,86
1683306000000,0.43,105
1683309600000,0.43,117
1683313200000,0.43,124
1683316800000,0.434,106
1683320400000,0.43,94
1683324000000,0.472,142
1683327600000,0.442,69
1683331200000,0.431,50
1683334800000,0.449,54
1683338400000,0.42,21
1683342000000,0.43,37
1683345600000,0.43,49
1683349200000,0.459,83
1683352800000,0.453,53
1683356400000,0.439,52
1683360000000,0.434,28
1683363600000,0.453,77
1683367200000,0.45,64
1683370800000,0.453,104
1683374400000,0.45,83
1683378000000,0.453,55
1683381600000,0.439,65
1683385200000,0.433,61
1683388800000,0.43,94
1683392400000,0.449,99
1683396000000,0.43,95
1683399600000,0.43,104
1683403200000,0.43,92
1683406800000,0.43,114
1683410400000,0.43,65
1683414000000,0.43,90
1683417600000,0.455,84
1683421200000,0.43,26
1683424800000,0.468,40
1683428400000,0.43,28
1683432000000,0.43,25
1683435600000,0.453,47
1683439200000,0.46,54
1683442800000,0.452,55
1683446400000,0.453,47
1683450000000,0.455,79
1683453600000,0.43,72
1683457200000,0.43,87
1683460800000,0.439,97
1683464400000,0.43,69
1683468000000,0.439,93
1683471600000,0.43,80
1683475200000,0.43,82
1683478800000,0.43,100
1683482400000,0.43,90
1683486000000,0.43,94
1683489600000,0.438,110
1683493200000,0.42,80
1683496800000,0.42,56
1683500400000,0.43,70
1683504000000,0.43,50
1683507600000,0.41,31
1683511200000,0.43,67
1683514800000,0.43,32
1683518400000,0.47,41
1683522000000,0.485,42
1683525600000,0.484,31
1683529200000,0.46,25
1683532800000,0.46,62
1683536400000,0.44,53
1683540000000,0.434,50
1683543600000,0.433,47
1683547200000,0.44,65
1683550800000,0.437,82
1683554400000,0.44,88
1683558000000,0.437,87
1683561600000,0.438,106
1683565200000,0.436,94
1683568800000,0.439,90
1683572400000,0.43,66
1683576000000,0.43,80
1683579600000,0.43,61
1683583200000,0.432,62
1683586800000,0.43,47
1683590400000,0.41,33
1683594000000,0.42,33
1683597600000,0.42,32
1683601200000,0.42,32
1683604800000,0.446,74
1683608400000,0.449,20
1683612000000,0.47,129
1683615600000,0.48,57
1683619200000,0.48,135
1683622800000,0.459,41
1683626400000,0.463,65
1683630000000,0.441,64
1683633600000,0.43,102
1683637200000,0.43,97
1683640800000,0.448,78
1683644400000,0.441,58
1683648000000,0.463,82
1683651600000,0.434,65
1683655200000,0.435,64
1683658800000,0.43,71
1683662400000,0.42,54
1683666000000,0.42,71
1683669600000,0.44,68
1683673200000,0.42,32
1683676800000,0.42,27
1683680400000,0.42,42
1683684000000,0.437,48
1683687600000,0.43,41
1683691200000,0.43,33
1683694800000,0.43,29
1683698400000,0.438,42
1683702000000,0.43,43
1683705600000,0.43,25
1683709200000,0.441,48
1683712800000,0.439,39
1683716400000,0.42,32
1683720000000,0.453,90
1683723600000,0.43,55
1683727200000,0.445,83
1683730800000,0.43,76
1683734400000,0.43,112
1683738000000,0.438,97
1683741600000,0.438,121
1683745200000,0.42,90
1683748800000,0.438,98
1683752400000,0.42,89
1683756000000,0.42,82
1683759600000,0.43,59
1683763200000,0.429,42
1683766800000,0.43,51
1683770400000,0.434,77
1683774000000,0.43,48
1683777600000,0.42,33
1683781200000,0.448,48
1683784800000,0.42,17
1683788400000,0.47,100
1683792000000,0.43,24
1683795600000,0.43,36
1683799200000,0.43,41
1683802800000,0.43,36
1683806400000,0.439,60
1683810000000,0.435,72
1683813600000,0.42,72
1683817200000,0.452,69
1683820800000,0.439,64
1683824400000,0.439,70
1683828000000,0.439,78
1683831600000,0.44,82
1683835200000,0.439,89
1683838800000,0.42,105
1683842400000,0.42,57
1683846000000,0.415,48
1683849600000,0.43,47
1683853200000,0.42,27
1683856800000,0.42,31
1683860400000,0.42,25
1683864000000,0.433,28
1683867600000,0.464,41
1683871200000,0.447,49
1683874800000,0.443,27
1683878400000,0.42,25
1683882000000,0.42,29
1683885600000,0.451,93
1683889200000,0.43,30
1683892800000,0.433,36
1683896400000,0.43,52
1683900000000,0.43,60
1683903600000,0.451,71
1683907200000,0.448,70
1683910800000,0.43,65
1683914400000,0.43,80
1683918000000,0.43,78
1683921600000,0.43,69
1683925200000,0.43,82
1683928800000,0.43,83
1683932400000,0.43,54
1683936000000,0.43,44
1683939600000,0.43,24
1683943200000,0.46,54
1683946800000,0.451,56
1683950400000,0.46,47
1683954000000,0.43,37
1683957600000,0.42,17
1683961200000,0.45,55
1683964800000,0.448,72
1683968400000,0.438,53
1683972000000,0.441,70
1683975600000,0.435,57
1683979200000,0.444,58
1683982800000,0.445,60
1683986400000,0.448,88
1683990000000,0.42,47
1683993600000,0.42,46
1683997200000,0.436,68
1684000800000,0.422,68
1684004400000,0.44,88
1684008000000,0.42,57
1684011600000,0.42,67
1684015200000,0.42,53
1684018800000,0.42,52
1684022400000,0.42,39
1684026000000,0.42,38
1684029600000,0.43,47
1684033200000,0.448,53
1684036800000,0.437,35
1684040400000,0.425,34
1684044000000,0.42,23
1684047600000,0.46,115
1684051200000,0.43,45
1684054800000,0.42,46
1684058400000,0.41,46
1684062000000,0.435,74
1684065600000,0.4,33
1684069200000,0.424,92
1684072800000,0.422,68
1684076400000,0.436,112
1684080000000,0.42,69
1684083600000,0.41,70
1684087200000,0.41,47
1684090800000,0.4,64
1684094400000,0.4,75
1684098000000,0.4,57
1684101600000,0.4,54
1684105200000,0.41,54
1684108800000,0.41,36
1684112400000,0.42,31
1684116000000,0.4,23
1684119600000,0.42,27
1684123200000,0.392,17
1684126800000,0.41,28
1684130400000,0.41,27
1684134000000,0.42,55
1684137600000,0.434,36
1684141200000,0.4,32
1684144800000,0.407,26
1684148400000,0.417,54
1684152000000,0.424,90
1684155600000,0.4,35
1684159200000,0.424,77
1684162800000,0.4,54
1684166400000,0.412,66
1684170000000,0.38,42
1684173600000,0.39,75
1684177200000,0.39,68
1684180800000,0.39,49
1684184400000,0.407,106
1684188000000,0.39,37
1684191600000,0.39,37
1684195200000,0.395,62
1684198800000,0.39,33
1684202400000,0.39,20
1684206000000,0.4,27
1684209600000,0.41,25
1684213200000,0.368,9
1684216800000,0.4,29
1684220400000,0.414,61
1684224000000,0.385,14
1684227600000,0.413,73
1684231200000,0.39,47
1684234800000,0.413,88
1684238400000,0.41,33
1684242000000,0.39,93
1684245600000,0.39,56
1684249200000,0.424,134
1684252800000,0.424,223
1684256400000,0.42,121
1684260000000,0.391,75
1684263600000,0.39,45
1684267200000,0.39,44
1684270800000,0.39,53
1684274400000,0.39,62
1684278000000,0.39,25
1684281600000,0.39,45
1684285200000,0.39,34
1684288800000,0.39,29
1684292400000,0.4,82
1684296000000,0.395,42
1684299600000,0.395,22
1684303200000,0.391,48
1684306800000,0.39,15
1684310400000,0.4,72
1684314000000,0.39,33
1684317600000,0.385,44
1684321200000,0.39,84
1684324800000,0.391,87
1684328400000,0.38,79
1684332000000,0.392,73
1684335600000,0.38,94
1684339200000,0.39,95
1684342800000,0.38,66
1684346400000,0.38,69
1684350000000,0.399,149
1684353600000,0.38,78
1684357200000,0.38,83
1684360800000,0.38,85
1684364400000,0.38,76
1684368000000,0.38,51
1684371600000,0.38,27
1684375200000,0.38,44
1684378800000,0.39,23
1684382400000,0.38,11
1684386000000,0.389,31
1684389600000,0.38,78
1684393200000,0.39,75
1684396800000,0.4,117
1684400400000,0.4,37
1684404000000,0.422,56
1684407600000,0.395,24
1684411200000,0.39,42
1684414800000,0.404,77
1684418400000,0.406,85
1684422000000,0.39,63
1684425600000,0.4,79
1684429200000,0.4,75
1684432800000,0.4,116
1684436400000,0.414,119
1684440000000,0.39,98
1684443600000,0.399,99
1684447200000,0.39,78
1684450800000,0.4,76
1684454400000,0.4,46
1684458000000,0.4,16
1684461600000,0.4,29
1684465200000,0.4,16
1684468800000,0.417,42
1684472400000,0.426,51
1684476000000,0.42,55
1684479600000,0.4,41
1684483200000,0.42,52
1684486800000,0.416,54
1684490400000,0.39,22
1684494000000,0.409,74
1684497600000,0.39,44
1684501200000,0.412,79
1684504800000,0.39,55
1684508400000,0.408,91
1684512000000,0.403,55
1684515600000,0.39,51
1684519200000,0.39,60
1684522800000,0.39,69
1684526400000,0.38,66
1684530000000,0.39,60
1684533600000,0.38,69
1684537200000,0.38,62
1684540800000,0.4,86
1684544400000,0.4,73
1684548000000,0.413,105
1684551600000,0.37,17
1684555200000,0.4,35
1684558800000,0.42,72
1684562400000,0.432,61
1684566000000,0.42,65
1684569600000,0.42,44
1684573200000,0.409,41
1684576800000,0.399,56
1684580400000,0.399,42
1684584000000,0.399,51
1684587600000,0.397,54
1684591200000,0.393,50
1684594800000,0.38,31
1684598400000,0.383,68
1684602000000,0.38,35
1684605600000,0.38,86
1684609200000,0.398,162
1684612800000,0.38,53
1684616400000,0.431,98
1684620000000,0.38,36
1684623600000,0.41,64
1684627200000,0.37,17
1684630800000,0.38,41
1684634400000,0.39,17
1684638000000,0.39,32
1684641600000,0.407,70
1684645200000,0.38,10
1684648800000,0.403,57
1684652400000,0.38,35
1684656000000,0.448,82
1684659600000,0.419,51
1684663200000,0.37,29
1684666800000,0.4,32
1684670400000,0.4,57
1684674000000,0.4,54
1684677600000,0.4,48
1684681200000,0.4,76
1684684800000,0.4,56
1684688400000,0.39,52
1684692000000,0.39,60
1684695600000,0.39,74
1684699200000,0.4,79
1684702800000,0.39,67
1684706400000,0.38,52
1684710000000,0.38,45
1684713600000,0.38,43
1684717200000,0.38,35
1684720800000,0.39,17
1684724400000,0.41,39
1684728000000,0.407,23
1684731600000,0.42,73
1684735200000,0.39,21
1684738800000,0.421,24
1684742400000,0.43,40
1684746000000,0.4,44
1684749600000,0.417,24
1684753200000,0.399,15
1684756800000,0.398,26
1684760400000,0.4,34
