timestamp,price_dollar,sells
1385600400000,3.924,16
1385686800000,2.703,58
1385773200000,2.794,73
1385859600000,2.529,101
1385946000000,2.204,99
1386032400000,2.334,75
1386118800000,2.078,100
1386205200000,2.121,115
1386291600000,2.025,133
1386378000000,2.089,133
1386464400000,2.127,135
1386550800000,1.987,134
1386637200000,2.057,108
1386723600000,2.052,116
1386810000000,1.92,108
1386896400000,1.836,148
1386982800000,1.736,146
1387069200000,1.608,162
1387155600000,1.6,156
1387242000000,1.6,124
1387328400000,1.459,141
1387414800000,1.28,214
1387501200000,1.23,298
1387587600000,1.406,281
1387674000000,1.423,257
1387760400000,1.394,295
1387846800000,1.423,274
1387933200000,1.511,164
1388019600000,1.545,266
1388106000000,1.553,269
1388192400000,1.524,252
1388278800000,1.376,279
1388365200000,1.319,301
1388451600000,1.358,256
1388538000000,1.289,275
1388624400000,1.219,336
1388710800000,1.131,255
1388797200000,1.253,383
1388883600000,1.261,358
1388970000000,1.229,311
1389056400000,1.231,294
1389142800000,1.218,250
1389229200000,1.201,293
1389315600000,1.233,308
1389402000000,1.286,270
1389488400000,1.161,317
1389574800000,1.037,339
1389661200000,1.055,287
1389747600000,1.043,297
1389834000000,1.02,299
1389920400000,1.088,292
1390006800000,1.063,395
1390093200000,0.997,414
1390179600000,0.993,364
1390266000000,0.985,348
1390352400000,0.968,295
1390438800000,0.939,315
1390525200000,0.945,310
1390611600000,0.96,355
1390698000000,0.927,436
1390784400000,0.874,406
1390870800000,0.88,342
1390957200000,0.871,357
1391043600000,0.847,365
1391130000000,0.823,409
1391216400000,0.787,481
1391302800000,0.805,495
1391389200000,0.857,353
1391475600000,0.807,319
1391562000000,0.775,324
1391648400000,0.751,415
1391734800000,0.762,479
1391821200000,0.77,513
1391907600000,0.739,505
1391994000000,0.758,359
1392080400000,0.699,371
1392166800000,0.675,388
1392253200000,0.619,370
1392339600000,0.588,474
1392426000000,0.619,498
1392512400000,0.623,474
1392598800000,0.568,422
1392685200000,0.604,360
1392771600000,0.557,359
1392858000000,0.532,413
1392944400000,0.463,412
1393030800000,0.411,526
1393117200000,0.443,576
1393203600000,0.486,464
1393290000000,0.539,390
1393376400000,0.506,378
1393462800000,0.521,448
1393549200000,0.551,462
1393635600000,0.537,539
1393722000000,0.545,584
1393808400000,0.581,419
1393894800000,0.553,364
1393981200000,0.523,411
1394067600000,0.596,453
1394154000000,0.562,531
1394240400000,0.558,590
1394326800000,0.568,608
1394413200000,0.559,455
1394499600000,0.553,462
1394586000000,0.572,427
1394672400000,0.588,325
1394758800000,0.593,439
1394845200000,0.513,747
1394931600000,0.494,713
1395018000000,0.505,586
1395104400000,0.56,489
1395190800000,0.567,505
1395277200000,0.575,484
1395363600000,0.564,513
1395450000000,0.553,647
1395536400000,0.556,664
1395622800000,0.58,554
1395709200000,0.603,408
1395795600000,0.598,492
1395882000000,0.576,458
1395968400000,0.556,523
1396054800000,0.543,681
1396141200000,0.548,730
1396227600000,0.574,598
1396314000000,0.636,390
1396400400000,0.583,568
1396486800000,0.588,538
1396573200000,0.537,631
1396659600000,0.56,698
1396746000000,0.575,694
1396832400000,0.568,533
1396918800000,0.568,579
1397005200000,0.567,530
1397091600000,0.602,549
1397178000000,0.581,602
1397264400000,0.569,685
1397350800000,0.592,728
1397437200000,0.569,690
1397523600000,0.562,643
1397610000000,0.539,624
1397696400000,0.556,704
1397782800000,0.554,657
1397869200000,0.561,704
1397955600000,0.538,736
1398042000000,0.541,746
1398128400000,0.558,589
1398214800000,0.556,628
1398301200000,0.555,671
1398387600000,0.552,707
1398474000000,0.558,777
1398560400000,0.552,788
1398646800000,0.538,622
1398733200000,0.533,624
1398819600000,0.531,675
1398906000000,0.531,718
1398992400000,0.498,655
1399078800000,0.491,972
1399165200000,0.477,1031
1399251600000,0.467,894
1399338000000,0.489,835
1399424400000,0.506,837
1399510800000,0.527,844
1399597200000,0.481,837
1399683600000,0.432,989
1399770000000,0.398,1052
1399856400000,0.409,874
1399942800000,0.418,761
1400029200000,0.413,845
1400115600000,0.39,1013
1400202000000,0.383,1049
1400288400000,0.365,1232
1400374800000,0.365,1342
1400461200000,0.374,952
1400547600000,0.376,983
1400634000000,0.372,998
1400720400000,0.371,938
1400806800000,0.36,1053
1400893200000,0.357,1120
1400979600000,0.358,1141
1401066000000,0.352,1005
1401152400000,0.35,963
1401238800000,0.347,996
1401325200000,0.342,974
1401411600000,0.341,1096
1401498000000,0.322,1042
1401584400000,0.316,1041
1401670800000,0.302,951
1401757200000,0.324,932
1401843600000,0.307,963
1401930000000,0.307,930
1402016400000,0.303,923
1402102800000,0.302,1085
1402189200000,0.308,1047
1402275600000,0.306,932
1402362000000,0.308,974
1402448400000,0.306,977
1402534800000,0.31,1059
1402621200000,0.328,1121
1402707600000,0.335,1155
1402794000000,0.32,1265
1402880400000,0.319,1199
1402966800000,0.27,1213
1403053200000,0.272,1008
1403139600000,0.261,1133
1403226000000,0.208,1348
1403312400000,0.206,1342
1403398800000,0.206,1288
1403485200000,0.188,1336
1403571600000,0.201,1225
1403658000000,0.206,1313
1403744400000,0.228,1232
1403830800000,0.228,1342
1403917200000,0.247,1395
1404003600000,0.248,1563
1404090000000,0.247,1497
1404176400000,0.283,1309
1404262800000,0.21,1417
1404349200000,0.222,1330
1404435600000,0.241,1208
1404522000000,0.262,1130
1404608400000,0.279,1194
1404694800000,0.301,1211
1404781200000,0.294,1112
1404867600000,0.293,1235
1404954000000,0.284,1229
1405040400000,0.27,1323
1405126800000,0.273,1338
1405213200000,0.3,1313
1405299600000,0.317,1376
1405386000000,0.327,1374
1405472400000,0.32,1380
1405558800000,0.301,1340
1405645200000,0.294,1300
1405731600000,0.289,1374
1405818000000,0.277,1395
1405904400000,0.289,1370
1405990800000,0.304,1308
1406077200000,0.317,1334
1406163600000,0.304,1331
1406250000000,0.315,1419
1406336400000,0.318,1454
1406422800000,0.342,1523
1406509200000,0.341,1571
1406595600000,0.352,1457
1406682000000,0.359,1492
1406768400000,0.349,1600
1406854800000,0.356,1708
1406941200000,0.374,1555
1407027600000,0.365,1719
1407114000000,0.357,1756
1407200400000,0.303,1865
1407286800000,0.292,1584
1407373200000,0.317,1615
1407459600000,0.34,1656
1407546000000,0.329,1527
1407632400000,0.336,1448
1407718800000,0.349,1619
1407805200000,0.344,1563
1407891600000,0.351,1544
1407978000000,0.35,1659
1408064400000,0.337,1844
1408150800000,0.34,1951
1408237200000,0.239,2369
1408323600000,0.264,1831
1408410000000,0.307,1701
1408496400000,0.332,1695
1408582800000,0.344,1636
1408669200000,0.347,1674
1408755600000,0.343,1735
1408842000000,0.354,1805
1408928400000,0.353,1823
1409014800000,0.361,1787
1409101200000,0.369,1744
1409187600000,0.378,1733
1409274000000,0.365,1841
1409360400000,0.364,2128
1409446800000,0.376,1852
1409533200000,0.378,1795
1409619600000,0.371,1605
1409706000000,0.386,1578
1409792400000,0.386,1487
1409878800000,0.365,1702
1409965200000,0.364,2156
1410051600000,0.364,1989
1410138000000,0.371,1542
1410224400000,0.366,1471
1410310800000,0.372,1578
1410397200000,0.339,1772
1410483600000,0.296,1961
1410570000000,0.295,2310
1410656400000,0.296,2064
1410742800000,0.308,1722
1410829200000,0.308,1633
1410915600000,0.304,1615
1411002000000,0.3,1668
1411088400000,0.29,1942
1411174800000,0.291,2175
1411261200000,0.301,2029
1411347600000,0.294,1631
1411434000000,0.31,1520
1411520400000,0.298,1487
1411606800000,0.319,1341
1411693200000,0.304,1773
1411779600000,0.301,2274
1411866000000,0.307,2057
1411952400000,0.298,1596
1412038800000,0.293,1601
1412125200000,0.308,1754
1412211600000,0.311,1726
1412298000000,0.316,2097
1412384400000,0.327,2450
1412470800000,0.331,2379
1412557200000,0.34,1631
1412643600000,0.339,1708
1412730000000,0.328,1762
1412816400000,0.325,1756
1412902800000,0.317,2108
1412989200000,0.316,2561
1413075600000,0.318,2423
1413162000000,0.329,1842
1413248400000,0.333,1750
1413334800000,0.329,1690
1413421200000,0.327,1667
1413507600000,0.308,2059
1413594000000,0.302,2454
1413680400000,0.289,2304
1413766800000,0.288,1700
1413853200000,0.295,1645
1413939600000,0.307,1765
1414026000000,0.308,1747
1414112400000,0.311,2097
1414198800000,0.325,2326
1414285200000,0.282,2636
1414371600000,0.274,1833
1414458000000,0.289,1923
1414544400000,0.295,1956
1414630800000,0.354,1778
1414717200000,0.268,2388
1414803600000,0.275,2718
1414890000000,0.279,2702
1414976400000,0.283,2041
1415062800000,0.29,1898
1415149200000,0.293,1923
1415235600000,0.291,1928
1415322000000,0.294,2225
1415408400000,0.302,2705
1415494800000,0.297,2426
1415581200000,0.287,2059
1415667600000,0.285,1968
1415754000000,0.2,2528
1415840400000,0.188,2237
1415926800000,0.209,2188
1416013200000,0.219,2584
1416099600000,0.224,2515
1416186000000,0.218,1879
1416272400000,0.234,1714
1416358800000,0.229,1753
1416445200000,0.221,1609
1416531600000,0.192,2039
1416618000000,0.195,2298
1416704400000,0.198,2203
1416790800000,0.191,1721
1416877200000,0.204,1619
1416963600000,0.203,1813
1417050000000,0.196,2265
1417136400000,0.206,2505
1417222800000,0.325,445
1417309200000,0.228,3675
1417395600000,0.184,2402
1417482000000,0.201,2282
1417568400000,0.23,2059
1417654800000,0.243,1903
1417741200000,0.272,2388
1417827600000,0.273,2908
1417914000000,0.257,2882
1418000400000,0.248,2144
1418086800000,0.251,2143
1418173200000,0.239,2209
1418259600000,0.247,2337
1418346000000,0.237,2585
1418432400000,0.241,3209
1418518800000,0.242,2985
1418605200000,0.234,2452
1418691600000,0.222,2445
1418778000000,0.233,2605
1418864400000,0.237,2487
1418950800000,0.237,2892
1419037200000,0.217,3136
1419123600000,0.219,3097
1419210000000,0.22,3018
1419296400000,0.235,2718
1419382800000,0.218,2858
1419469200000,0.236,2983
1419555600000,0.267,3347
1419642000000,0.283,4041
1419728400000,0.3,3919
1419814800000,0.308,3818
1419901200000,0.295,3916
1419987600000,0.302,3652
1420074000000,0.295,3271
1420160400000,0.301,4573
1420246800000,0.316,4132
1420333200000,0.318,3957
1420419600000,0.323,3682
1420506000000,0.319,3627
1420592400000,0.329,3142
1420678800000,0.331,3711
1420765200000,0.323,4502
1420851600000,0.328,4837
1420938000000,0.322,4776
1421024400000,0.328,3892
1421110800000,0.33,3968
1421197200000,0.327,3984
1421283600000,0.327,4160
1421370000000,0.318,4766
1421456400000,0.322,5120
1421542800000,0.327,5464
1421629200000,0.332,4565
1421715600000,0.336,4226
1421802000000,0.332,4044
1421888400000,0.336,4074
1421974800000,0.352,4887
1422061200000,0.38,4854
1422147600000,0.325,5611
1422234000000,0.327,4710
1422320400000,0.333,4473
1422406800000,0.356,4188
1422493200000,0.336,4534
1422579600000,0.333,5199
1422666000000,0.35,5756
1422752400000,0.328,6089
1422838800000,0.327,4586
1422925200000,0.326,4273
1423011600000,0.33,4223
1423098000000,0.325,4356
1423184400000,0.315,4915
1423270800000,0.325,5834
1423357200000,0.315,5375
1423443600000,0.319,4166
1423530000000,0.319,4076
1423616400000,0.314,4184
1423702800000,0.307,4354
1423789200000,0.3,4894
1423875600000,0.307,5626
1423962000000,0.301,5703
1424048400000,0.297,4845
1424134800000,0.301,4638
1424221200000,0.309,4465
1424307600000,0.311,4268
1424394000000,0.308,5044
1424480400000,0.318,5085
1424566800000,0.323,5173
1424653200000,0.321,4290
1424739600000,0.327,3869
1424826000000,0.326,4033
1424912400000,0.337,4014
1424998800000,0.319,4946
1425085200000,0.319,5901
1425171600000,0.314,5222
1425258000000,0.314,3987
1425344400000,0.319,3916
1425430800000,0.319,4111
1425517200000,0.314,4004
1425603600000,0.313,4766
1425690000000,0.307,5978
1425776400000,0.304,5778
1425862800000,0.293,4625
1425949200000,0.29,4268
1426035600000,0.297,3788
1426122000000,0.301,3834
1426208400000,0.283,5155
1426294800000,0.284,6618
1426381200000,0.252,6841
1426467600000,0.232,5087
1426554000000,0.266,4536
1426640400000,0.289,4303
1426726800000,0.308,4448
1426813200000,0.309,5266
1426899600000,0.303,6259
1426986000000,0.309,5582
1427072400000,0.302,5065
1427158800000,0.305,4680
1427245200000,0.314,4764
1427331600000,0.309,4765
1427418000000,0.31,5493
1427504400000,0.315,6434
1427590800000,0.308,6418
1427677200000,0.311,5304
1427763600000,0.322,5409
1427850000000,0.304,6581
1427936400000,0.317,5497
1428022800000,0.324,5778
1428109200000,0.308,6664
1428195600000,0.314,6056
1428282000000,0.326,5716
1428368400000,0.328,5748
1428454800000,0.332,5277
1428541200000,0.33,5002
1428627600000,0.334,4561
1428714000000,0.325,6658
1428800400000,0.322,6111
1428886800000,0.322,5138
1428973200000,0.315,4853
1429059600000,0.315,4480
1429146000000,0.278,5686
1429232400000,0.256,6780
1429318800000,0.262,7777
1429405200000,0.261,6594
1429491600000,0.25,6396
1429578000000,0.251,5804
1429664400000,0.254,5759
1429750800000,0.263,5910
1429837200000,0.256,6313
1429923600000,0.256,7898
1430010000000,0.251,7381
1430096400000,0.252,5881
1430182800000,0.252,5772
1430269200000,0.253,5587
1430355600000,0.255,6573
1430442000000,0.25,6334
1430528400000,0.241,7757
1430614800000,0.239,7461
1430701200000,0.234,6313
1430787600000,0.234,5799
1430874000000,0.233,5377
1430960400000,0.229,4933
1431046800000,0.224,6707
1431133200000,0.226,7431
1431219600000,0.225,7453
1431306000000,0.22,6020
1431392400000,0.221,5315
1431478800000,0.221,5605
1431565200000,0.223,5505
1431651600000,0.226,6063
1431738000000,0.229,7548
1431824400000,0.222,7396
1431910800000,0.22,5508
1431997200000,0.215,5285
1432083600000,0.211,5385
1432170000000,0.212,5250
1432256400000,0.209,5888
1432342800000,0.212,6930
1432429200000,0.21,6436
1432515600000,0.21,5781
1432602000000,0.207,5537
1432688400000,0.19,9957
1432774800000,0.179,7498
1432861200000,0.178,6957
1432947600000,0.188,7678
1433034000000,0.194,7346
1433120400000,0.196,6122
1433206800000,0.197,5911
1433293200000,0.194,6407
1433379600000,0.192,6401
1433466000000,0.18,6489
1433552400000,0.182,6191
1433638800000,0.177,6520
1433725200000,0.178,5655
1433811600000,0.178,5197
1433898000000,0.176,6309
1433984400000,0.172,5546
1434070800000,0.148,6364
1434157200000,0.145,7176
1434243600000,0.142,7195
1434330000000,0.135,6374
1434416400000,0.138,6310
1434502800000,0.142,6677
1434589200000,0.144,6145
1434675600000,0.146,6712
1434762000000,0.144,6886
1434848400000,0.143,6465
1434934800000,0.143,6207
1435021200000,0.147,5826
1435107600000,0.153,6520
1435194000000,0.156,6184
1435280400000,0.161,6351
1435366800000,0.167,6373
1435453200000,0.171,6164
1435539600000,0.174,6046
1435626000000,0.18,6080
1435712400000,0.175,5915
1435798800000,0.173,5535
1435885200000,0.174,5049
1435971600000,0.17,4802
1436058000000,0.168,4923
1436144400000,0.167,5403
1436230800000,0.168,5836
1436317200000,0.163,5034
1436403600000,0.163,5824
1436490000000,0.168,5024
1436576400000,0.168,5047
1436662800000,0.165,5290
1436749200000,0.166,5723
1436835600000,0.168,5141
1436922000000,0.166,5788
1437008400000,0.166,5702
1437094800000,0.165,5560
1437181200000,0.164,5514
1437267600000,0.164,5499
1437354000000,0.165,5793
1437440400000,0.165,5572
1437526800000,0.166,5465
1437613200000,0.163,6051
1437699600000,0.16,5256
1437786000000,0.161,5117
1437872400000,0.162,4570
1437958800000,0.16,5490
1438045200000,0.159,5568
1438131600000,0.155,5223
1438218000000,0.155,5468
1438304400000,0.154,5357
1438390800000,0.15,4982
1438477200000,0.149,5193
1438563600000,0.147,5532
1438650000000,0.152,5344
1438736400000,0.148,5584
1438822800000,0.145,5655
1438909200000,0.145,5288
1438995600000,0.146,5244
1439082000000,0.146,5045
1439168400000,0.148,5656
1439254800000,0.148,5257
1439341200000,0.144,5464
1439427600000,0.144,5053
1439514000000,0.143,5173
1439600400000,0.122,5534
1439686800000,0.111,5589
1439773200000,0.113,5348
1439859600000,0.116,5405
1439946000000,0.113,5462
1440032400000,0.108,5175
1440118800000,0.102,5841
1440205200000,0.1,5830
1440291600000,0.087,6816
1440378000000,0.079,6794
1440464400000,0.099,6239
1440550800000,0.1,6986
1440637200000,0.103,6939
1440723600000,0.111,6810
1440810000000,0.121,6603
1440896400000,0.124,6940
1440982800000,0.13,6588
1441069200000,0.129,5802
1441155600000,0.129,5410
1441242000000,0.128,5620
1441328400000,0.13,5989
1441414800000,0.128,7736
1441501200000,0.128,6912
1441587600000,0.129,5252
1441674000000,0.131,5071
1441760400000,0.131,5046
1441846800000,0.131,5853
1441933200000,0.131,6115
1442019600000,0.132,7407
1442106000000,0.132,6687
1442192400000,0.134,5436
1442278800000,0.137,4770
1442365200000,0.135,5487
1442451600000,0.136,5603
1442538000000,0.128,7428
1442624400000,0.132,8861
1442710800000,0.139,8887
1442797200000,0.134,7060
1442883600000,0.141,6804
1442970000000,0.142,7564
1443056400000,0.143,7097
1443142800000,0.145,8348
1443229200000,0.152,11046
1443315600000,0.157,9829
1443402000000,0.161,6995
1443488400000,0.163,6383
1443574800000,0.155,6468
1443661200000,0.151,6390
1443747600000,0.153,7492
1443834000000,0.153,8087
1443920400000,0.154,7174
1444006800000,0.154,6152
1444093200000,0.159,5418
1444179600000,0.158,6302
1444266000000,0.155,5888
1444352400000,0.158,6361
1444438800000,0.161,7380
1444525200000,0.162,7567
1444611600000,0.163,5445
1444698000000,0.16,4906
1444784400000,0.157,5841
1444870800000,0.15,5638
1444957200000,0.148,5089
1445043600000,0.147,7256
1445130000000,0.146,6845
1445216400000,0.138,4453
1445302800000,0.137,4773
1445389200000,0.124,5660
1445475600000,0.111,4328
1445562000000,0.114,6816
1445648400000,0.12,7929
1445734800000,0.121,7691
1445821200000,0.123,5306
1445907600000,0.123,5092
1445994000000,0.116,5787
1446080400000,0.108,5238
1446166800000,0.107,6740
1446253200000,0.108,7862
1446339600000,0.093,8628
1446426000000,0.088,6601
1446512400000,0.096,5680
1446598800000,0.107,6081
1446685200000,0.108,5494
1446771600000,0.11,6178
1446858000000,0.113,7846
1446944400000,0.118,7050
1447030800000,0.117,4948
1447117200000,0.119,4734
1447203600000,0.118,5232
1447290000000,0.117,4729
1447376400000,0.117,5872
1447462800000,0.124,7444
1447549200000,0.126,6709
1447635600000,0.124,5054
1447722000000,0.125,4905
1447808400000,0.117,5295
1447894800000,0.116,5211
1447981200000,0.124,6268
1448067600000,0.126,7546
1448154000000,0.122,6566
1448240400000,0.116,4560
1448326800000,0.116,5142
1448413200000,0.116,5615
1448499600000,0.097,5909
1448586000000,0.091,6867
1448672400000,0.098,8947
1448758800000,0.1,7606
1448845200000,0.094,5541
1448931600000,0.099,5258
1449018000000,0.113,5337
1449104400000,0.114,5658
1449190800000,0.122,6909
1449277200000,0.129,8034
1449363600000,0.133,7686
1449450000000,0.136,5740
1449536400000,0.14,5671
1449622800000,0.124,6583
1449709200000,0.118,6079
1449795600000,0.132,7087
1449882000000,0.139,9587
1449968400000,0.146,8596
1450054800000,0.15,5799
1450141200000,0.153,5651
1450227600000,0.15,5612
1450314000000,0.145,5528
1450400400000,0.144,6263
1450486800000,0.141,7298
1450573200000,0.134,6926
1450659600000,0.133,5683
1450746000000,0.132,5733
1450832400000,0.097,7121
1450918800000,0.09,6273
1451005200000,0.096,6423
1451091600000,0.103,7213
1451178000000,0.12,7963
1451264400000,0.126,7844
1451350800000,0.129,7412
1451437200000,0.123,7465
1451523600000,0.122,6918
1451610000000,0.122,7267
1451696400000,0.115,7883
1451782800000,0.115,7136
1451869200000,0.123,6781
1451955600000,0.133,5625
1452042000000,0.122,6117
1452128400000,0.12,5435
1452214800000,0.124,6000
1452301200000,0.121,7221
1452387600000,0.123,6383
1452474000000,0.122,4965
1452560400000,0.122,4809
1452646800000,0.125,4563
1452733200000,0.121,4866
1452819600000,0.114,5561
1452906000000,0.116,7112
1452992400000,0.118,6494
1453078800000,0.119,5253
1453165200000,0.12,4818
1453251600000,0.116,5019
1453338000000,0.113,4818
1453424400000,0.119,5750
1453510800000,0.121,7043
1453597200000,0.123,6392
1453683600000,0.124,5333
1453770000000,0.128,5086
1453856400000,0.127,6080
1453942800000,0.122,6002
1454029200000,0.121,6365
1454115600000,0.126,7888
1454202000000,0.126,6891
1454288400000,0.127,5430
1454374800000,0.128,5216
1454461200000,0.127,5916
1454547600000,0.126,5586
1454634000000,0.124,6060
1454720400000,0.113,7398
1454806800000,0.107,6462
1454893200000,0.107,5186
1454979600000,0.108,5006
1455066000000,0.104,5245
1455152400000,0.114,6807
1455238800000,0.114,5926
1455325200000,0.124,8183
1455411600000,0.127,5831
1455498000000,0.139,7217
1455584400000,0.132,4468
1455670800000,0.134,5109
1455757200000,0.12,6372
1455843600000,0.129,7582
1455930000000,0.13,7525
1456016400000,0.132,6637
1456102800000,0.128,5353
1456189200000,0.134,5412
1456275600000,0.135,5395
1456362000000,0.134,5043
1456448400000,0.129,5529
1456534800000,0.127,6887
1456621200000,0.13,5111
1456707600000,0.127,4751
1456794000000,0.122,4429
1456880400000,0.121,4296
1456966800000,0.119,4617
1457053200000,0.113,5383
1457139600000,0.112,6847
1457226000000,0.109,6321
1457312400000,0.1,5131
1457398800000,0.105,5079
1457485200000,0.108,4785
1457571600000,0.114,2966
1457658000000,0.119,3773
1457744400000,0.134,4693
1457830800000,0.145,4601
1457917200000,0.149,3371
1458003600000,0.15,3196
1458090000000,0.151,3214
1458176400000,0.153,3146
1458262800000,0.155,3941
1458349200000,0.156,4334
1458435600000,0.158,4013
1458522000000,0.163,4030
1458608400000,0.16,3322
1458694800000,0.163,3181
1458781200000,0.162,3657
1458867600000,0.159,4191
1458954000000,0.16,3862
1459040400000,0.155,4036
1459126800000,0.155,3951
1459213200000,0.15,3561
1459299600000,0.143,3363
1459386000000,0.151,4331
1459472400000,0.153,3897
1459558800000,0.153,4197
1459645200000,0.136,5163
1459731600000,0.136,3371
1459818000000,0.15,3247
1459904400000,0.149,3129
1459990800000,0.159,3477
1460077200000,0.157,3440
1460163600000,0.163,5287
1460250000000,0.166,4198
1460336400000,0.166,3069
1460422800000,0.17,2936
1460509200000,0.167,2983
1460595600000,0.166,3078
1460682000000,0.168,3699
1460768400000,0.165,3837
1460854800000,0.165,3507
1460941200000,0.163,4162
1461027600000,0.159,3472
1461114000000,0.161,3621
1461200400000,0.154,3638
1461286800000,0.162,4392
1461373200000,0.159,4401
1461459600000,0.155,4479
1461546000000,0.155,3171
1461632400000,0.157,2935
1461718800000,0.155,3065
1461805200000,0.152,3325
1461891600000,0.15,4588
1461978000000,0.156,5043
1462064400000,0.159,4694
1462150800000,0.157,3798
1462237200000,0.155,3497
1462323600000,0.15,3839
1462410000000,0.15,3788
1462496400000,0.148,4193
1462582800000,0.155,6071
1462669200000,0.15,4420
1462755600000,0.147,3700
1462842000000,0.149,3422
1462928400000,0.146,3271
1463014800000,0.145,3319
1463101200000,0.148,3734
1463187600000,0.152,4586
1463274000000,0.148,4537
1463360400000,0.148,3790
1463446800000,0.146,3278
1463533200000,0.138,3201
1463619600000,0.134,3213
1463706000000,0.136,3693
1463792400000,0.13,4135
1463878800000,0.127,3814
1463965200000,0.127,3164
1464051600000,0.127,2848
1464138000000,0.123,3242
1464224400000,0.121,3372
1464310800000,0.12,3349
1464397200000,0.123,3432
1464483600000,0.124,3584
1464570000000,0.123,3180
1464656400000,0.12,3169
1464742800000,0.121,3424
1464829200000,0.119,3187
1464915600000,0.114,3554
1465002000000,0.113,3726
1465088400000,0.111,3352
1465174800000,0.112,3225
1465261200000,0.109,2683
1465347600000,0.11,2988
1465434000000,0.112,2734
1465520400000,0.112,3015
1465606800000,0.111,3050
1465693200000,0.111,2868
1465779600000,0.111,2825
1465866000000,0.111,2742
1465952400000,0.107,2978
1466038800000,0.098,3830
1466125200000,0.1,3753
1466211600000,0.103,4066
1466298000000,0.102,3994
1466384400000,0.103,3880
1466470800000,0.102,3520
1466557200000,0.102,3498
1466643600000,0.096,3552
1466730000000,0.081,3457
1466816400000,0.076,3700
1466902800000,0.075,3861
1466989200000,0.078,3838
1467075600000,0.076,3727
1467162000000,0.079,3497
1467248400000,0.077,3626
1467334800000,0.079,3490
1467421200000,0.085,3695
1467507600000,0.083,3837
1467594000000,0.081,3734
1467680400000,0.093,3576
1467766800000,0.096,3903
1467853200000,0.09,3780
1467939600000,0.088,4004
1468026000000,0.09,3674
1468112400000,0.086,4143
1468198800000,0.087,3468
1468285200000,0.091,3709
1468371600000,0.099,3384
1468458000000,0.097,3973
1468544400000,0.099,3477
1468630800000,0.1,3580
1468717200000,0.1,3390
1468803600000,0.104,3494
1468890000000,0.105,3524
1468976400000,0.104,3405
1469062800000,0.105,3236
1469149200000,0.107,3630
1469235600000,0.11,3086
1469322000000,0.112,3369
1469408400000,0.114,3394
1469494800000,0.115,3394
1469581200000,0.117,3981
1469667600000,0.118,3891
1469754000000,0.117,3531
1469840400000,0.119,3358
1469926800000,0.123,3066
1470013200000,0.125,3300
1470099600000,0.124,3453
1470186000000,0.125,3463
1470272400000,0.124,3336
1470358800000,0.124,2990
1470445200000,0.12,2871
1470531600000,0.123,2918
1470618000000,0.12,2781
1470704400000,0.118,3010
1470790800000,0.117,2936
1470877200000,0.11,2900
1470963600000,0.106,2992
1471050000000,0.11,2551
1471136400000,0.106,3053
1471222800000,0.109,3255
1471309200000,0.111,2870
1471395600000,0.111,3019
1471482000000,0.109,2931
1471568400000,0.103,3393
1471654800000,0.101,3568
1471741200000,0.094,4162
1471827600000,0.096,3550
1471914000000,0.101,3429
1472000400000,0.102,3596
1472086800000,0.101,3806
1472173200000,0.101,3592
1472259600000,0.103,3777
1472346000000,0.101,4145
1472432400000,0.103,3800
1472518800000,0.105,3640
1472605200000,0.103,3658
1472691600000,0.106,3488
1472778000000,0.109,3122
1472864400000,0.111,4240
1472950800000,0.107,3680
1473037200000,0.107,2797
1473123600000,0.105,2735
1473210000000,0.107,2899
1473296400000,0.103,3060
1473382800000,0.105,3287
1473469200000,0.106,3751
1473555600000,0.103,3844
1473642000000,0.101,2939
1473728400000,0.101,2800
1473814800000,0.102,2701
1473901200000,0.101,3431
1473987600000,0.102,3945
1474074000000,0.101,4270
1474160400000,0.101,4005
1474246800000,0.1,2725
1474333200000,0.1,2749
1474419600000,0.098,3096
1474506000000,0.096,3105
1474592400000,0.1,3247
1474678800000,0.101,4203
1474765200000,0.099,4047
1474851600000,0.1,3013
1474938000000,0.099,2789
1475024400000,0.099,3001
1475110800000,0.099,2832
1475197200000,0.099,3429
1475283600000,0.102,4024
1475370000000,0.101,3792
1475456400000,0.1,2936
1475542800000,0.101,2990
1475629200000,0.099,2986
1475715600000,0.099,3214
1475802000000,0.097,3571
1475888400000,0.093,3587
1475974800000,0.09,3911
1476061200000,0.088,2759
1476147600000,0.086,2808
1476234000000,0.083,2680
1476320400000,0.083,2624
1476406800000,0.085,3037
1476493200000,0.087,4335
1476579600000,0.087,3627
1476666000000,0.085,2714
1476752400000,0.089,2508
1476838800000,0.091,2601
1476925200000,0.091,2582
1477011600000,0.09,2705
1477098000000,0.09,3361
1477184400000,0.09,3924
1477270800000,0.09,2613
1477357200000,0.09,2369
1477443600000,0.088,2534
1477530000000,0.085,2447
1477616400000,0.085,2792
1477702800000,0.082,3484
1477789200000,0.08,2992
1477875600000,0.078,2625
1477962000000,0.079,2567
1478048400000,0.08,2454
1478134800000,0.082,1817
1478221200000,0.083,2802
1478307600000,0.087,3480
1478394000000,0.088,3104
1478480400000,0.089,2343
1478566800000,0.089,2031
1478653200000,0.089,2228
1478739600000,0.091,2338
1478826000000,0.087,2790
1478912400000,0.089,3546
1478998800000,0.089,3592
1479085200000,0.09,2648
1479171600000,0.09,2859
1479258000000,0.091,2391
1479344400000,0.091,2280
1479430800000,0.091,2653
1479517200000,0.091,3429
1479603600000,0.09,3439
1479690000000,0.089,2284
1479776400000,0.091,2176
1479862800000,0.09,2739
1479949200000,0.081,2557
1480035600000,0.079,2903
1480122000000,0.079,3385
1480208400000,0.079,3157
1480294800000,0.08,2411
1480381200000,0.078,2644
1480467600000,0.079,2955
1480554000000,0.081,2857
1480640400000,0.086,3471
1480726800000,0.088,3997
1480813200000,0.09,4253
1480899600000,0.094,3013
1480986000000,0.097,3199
1481072400000,0.094,3074
1481158800000,0.095,3386
1481245200000,0.096,3168
1481331600000,0.097,4550
1481418000000,0.1,3862
1481504400000,0.099,2840
1481590800000,0.096,2737
1481677200000,0.093,2526
1481763600000,0.091,2672
1481850000000,0.096,2948
1481936400000,0.097,4015
1482022800000,0.098,3433
1482109200000,0.097,2715
1482195600000,0.099,2429
1482282000000,0.099,2546
1482368400000,0.094,2632
1482454800000,0.083,2683
1482541200000,0.088,3572
1482627600000,0.091,3832
1482714000000,0.09,3612
1482800400000,0.092,3527
1482886800000,0.095,3589
1482973200000,0.095,3555
1483059600000,0.095,3552
1483146000000,0.095,3242
1483232400000,0.097,3333
1483318800000,0.101,3438
1483405200000,0.102,2825
1483491600000,0.103,2854
1483578000000,0.103,3011
1483664400000,0.103,3298
1483750800000,0.102,3271
1483837200000,0.102,3337
1483923600000,0.103,2974
1484010000000,0.102,2814
1484096400000,0.101,2640
1484182800000,0.101,2766
1484269200000,0.104,3365
1484355600000,0.103,3471
1484442000000,0.102,3258
1484528400000,0.103,2765
1484614800000,0.101,2744
1484701200000,0.103,2558
1484787600000,0.102,2543
1484874000000,0.103,2816
1484960400000,0.106,3897
1485046800000,0.106,3131
1485133200000,0.103,2871
1485219600000,0.101,2899
1485306000000,0.105,3027
1485392400000,0.105,3208
1485478800000,0.109,3370
1485565200000,0.111,3801
1485651600000,0.109,4272
1485738000000,0.102,3227
1485824400000,0.105,2870
1485910800000,0.113,2911
1485997200000,0.112,2820
1486083600000,0.114,3058
1486170000000,0.116,3624
1486256400000,0.117,3447
1486342800000,0.116,2702
1486429200000,0.114,2786
1486515600000,0.113,2738
1486602000000,0.115,2620
1486688400000,0.119,3082
1486774800000,0.121,3517
1486861200000,0.118,3530
1486947600000,0.114,2764
1487034000000,0.114,2559
1487120400000,0.112,2493
1487206800000,0.112,2538
1487293200000,0.112,2556
1487379600000,0.113,3295
1487466000000,0.11,3504
1487552400000,0.11,2522
1487638800000,0.11,2637
1487725200000,0.112,2644
1487811600000,0.109,3009
1487898000000,0.11,2847
1487984400000,0.112,3264
1488070800000,0.112,3173
1488157200000,0.112,2648
1488243600000,0.111,2452
1488330000000,0.111,2494
1488416400000,0.11,2356
1488502800000,0.11,2483
1488589200000,0.112,3137
1488675600000,0.112,3002
1488762000000,0.113,2329
1488848400000,0.113,2779
1488934800000,0.111,2510
1489021200000,0.108,2236
1489107600000,0.111,2830
1489194000000,0.11,3342
1489280400000,0.11,3138
1489366800000,0.107,2465
1489453200000,0.108,2172
1489539600000,0.108,2496
1489626000000,0.109,2661
1489712400000,0.11,3439
1489798800000,0.109,4352
1489885200000,0.108,4392
1489971600000,0.109,3129
1490058000000,0.11,2980
1490144400000,0.112,2989
1490230800000,0.11,3078
1490317200000,0.11,3516
1490403600000,0.111,4256
1490490000000,0.11,4106
1490576400000,0.11,3532
1490662800000,0.109,3118
1490749200000,0.106,2844
1490835600000,0.104,3156
1490922000000,0.11,3828
1491008400000,0.114,4812
1491094800000,0.112,4274
1491181200000,0.112,3041
1491267600000,0.113,3177
1491354000000,0.113,2904
1491440400000,0.112,3099
1491526800000,0.108,3121
1491613200000,0.111,3566
1491699600000,0.114,3786
1491786000000,0.111,3078
1491872400000,0.113,2914
1491958800000,0.112,2956
1492045200000,0.113,3029
1492131600000,0.114,3452
1492218000000,0.112,3421
1492304400000,0.111,3882
1492390800000,0.115,3431
1492477200000,0.114,3109
1492563600000,0.113,2940
1492650000000,0.113,2921
1492736400000,0.113,3327
1492822800000,0.114,3797
1492909200000,0.114,3553
1492995600000,0.114,2760
1493082000000,0.115,2530
1493168400000,0.115,2565
1493254800000,0.114,2876
1493341200000,0.115,3170
1493427600000,0.116,3303
1493514000000,0.115,3354
1493600400000,0.116,3156
1493686800000,0.114,2636
1493773200000,0.114,2549
1493859600000,0.114,2413
1493946000000,0.111,2976
1494032400000,0.112,3558
1494118800000,0.113,3226
1494205200000,0.113,3024
1494291600000,0.113,2590
1494378000000,0.114,2576
1494464400000,0.113,2474
1494550800000,0.114,2776
1494637200000,0.114,3278
1494723600000,0.114,3227
1494810000000,0.113,2563
1494896400000,0.115,2601
1494982800000,0.117,2313
1495069200000,0.117,2493
1495155600000,0.121,2476
1495242000000,0.123,2887
1495328400000,0.123,2790
1495414800000,0.124,2424
1495501200000,0.124,2465
1495587600000,0.107,3241
1495674000000,0.105,2812
1495760400000,0.111,2704
1495846800000,0.112,3301
1495933200000,0.112,3163
1496019600000,0.112,2674
1496106000000,0.111,2437
1496192400000,0.111,2762
1496278800000,0.111,2574
1496365200000,0.113,2782
1496451600000,0.112,2729
1496538000000,0.112,2885
1496624400000,0.113,2797
1496710800000,0.113,2524
1496797200000,0.114,2770
1496883600000,0.114,2581
1496970000000,0.112,2636
1497056400000,0.113,2800
1497142800000,0.113,2765
1497229200000,0.113,2601
1497315600000,0.113,2469
1497402000000,0.114,2502
1497488400000,0.112,2721
1497574800000,0.111,2713
1497661200000,0.112,2696
1497747600000,0.111,2753
1497834000000,0.111,2662
1497920400000,0.109,2364
1498006800000,0.106,2733
1498093200000,0.101,2648
1498179600000,0.089,3060
1498266000000,0.09,2517
1498352400000,0.089,2698
1498438800000,0.09,2564
1498525200000,0.093,2685
1498611600000,0.092,2688
1498698000000,0.092,2671
1498784400000,0.091,2780
1498870800000,0.092,2868
1498957200000,0.092,3063
1499043600000,0.096,2775
1499130000000,0.099,3074
1499216400000,0.101,2895
1499302800000,0.103,2526
1499389200000,0.104,2508
1499475600000,0.103,2715
1499562000000,0.104,2605
1499648400000,0.103,2659
1499734800000,0.104,2580
1499821200000,0.103,2486
1499907600000,0.105,2424
1499994000000,0.106,2398
1500080400000,0.106,2272
1500166800000,0.105,2444
1500253200000,0.103,2442
1500339600000,0.104,2570
1500426000000,0.107,2463
1500512400000,0.107,2575
1500598800000,0.108,2383
1500685200000,0.107,2414
1500771600000,0.105,2771
1500858000000,0.103,2646
1500944400000,0.106,2538
1501030800000,0.107,2592
1501117200000,0.111,2348
1501203600000,0.115,2611
1501290000000,0.118,2494
1501376400000,0.115,2447
1501462800000,0.117,2584
1501549200000,0.119,2323
1501635600000,0.123,2341
1501722000000,0.121,2519
1501808400000,0.124,2518
1501894800000,0.122,2338
1501981200000,0.122,2568
1502067600000,0.123,2568
1502154000000,0.123,2416
1502240400000,0.121,2416
1502326800000,0.123,2397
1502413200000,0.123,2271
1502499600000,0.122,2233
1502586000000,0.122,2320
1502672400000,0.121,2248
1502758800000,0.122,2205
1502845200000,0.122,2185
1502931600000,0.122,2217
1503018000000,0.122,2202
1503104400000,0.122,2283
1503190800000,0.12,2363
1503277200000,0.123,2264
1503363600000,0.12,2174
1503450000000,0.121,2359
1503536400000,0.12,2171
1503622800000,0.122,2232
1503709200000,0.123,2299
1503795600000,0.125,2284
1503882000000,0.123,2179
1503968400000,0.125,2175
1504054800000,0.122,2366
1504141200000,0.123,1709
1504227600000,0.124,2171
1504314000000,0.128,2295
1504400400000,0.127,2333
1504486800000,0.128,2386
1504573200000,0.125,1923
1504659600000,0.124,2019
1504746000000,0.126,2035
1504832400000,0.128,2208
1504918800000,0.128,2727
1505005200000,0.127,2460
1505091600000,0.127,1949
1505178000000,0.128,1924
1505264400000,0.126,1756
1505350800000,0.125,1837
1505437200000,0.126,2400
1505523600000,0.124,3210
1505610000000,0.126,2966
1505696400000,0.123,2191
1505782800000,0.124,2026
1505869200000,0.125,2172
1505955600000,0.124,2853
1506042000000,0.13,4003
1506128400000,0.13,3090
1506214800000,0.126,3069
1506301200000,0.126,2220
1506387600000,0.126,2073
1506474000000,0.127,1952
1506560400000,0.126,2167
1506646800000,0.125,2382
1506733200000,0.126,2936
1506819600000,0.125,2908
1506906000000,0.124,2127
1506992400000,0.123,1995
1507078800000,0.122,1967
1507165200000,0.12,2150
1507251600000,0.123,2242
1507338000000,0.123,2848
1507424400000,0.121,2623
1507510800000,0.122,1917
1507597200000,0.122,1686
1507683600000,0.122,1904
1507770000000,0.124,1826
1507856400000,0.123,2117
1507942800000,0.125,2617
1508029200000,0.125,2385
1508115600000,0.123,1901
1508202000000,0.121,1821
1508288400000,0.122,1834
1508374800000,0.118,1910
1508461200000,0.122,2165
1508547600000,0.122,2950
1508634000000,0.123,2568
1508720400000,0.122,1806
1508806800000,0.121,1671
1508893200000,0.12,1926
1508979600000,0.114,1981
1509066000000,0.108,1960
1509152400000,0.106,2525
1509238800000,0.11,2475
1509325200000,0.107,2027
1509411600000,0.105,2072
1509498000000,0.105,2013
1509584400000,0.11,1823
1509670800000,0.108,1855
1509757200000,0.107,2225
1509843600000,0.107,2019
1509930000000,0.108,1846
1510016400000,0.108,1601
1510102800000,0.108,1528
1510189200000,0.108,1563
1510275600000,0.105,1708
1510362000000,0.106,2301
1510448400000,0.105,2081
1510534800000,0.102,1504
1510621200000,0.1,1721
1510707600000,0.1,1681
1510794000000,0.1,1782
1510880400000,0.099,2105
1510966800000,0.103,2019
1511053200000,0.102,2007
1511139600000,0.102,1617
1511226000000,0.101,1546
1511312400000,0.101,1587
1511398800000,0.091,2059
1511485200000,0.091,2015
1511571600000,0.094,2339
1511658000000,0.093,2162
1511744400000,0.094,1703
1511830800000,0.096,1677
1511917200000,0.098,1579
1512003600000,0.098,1511
1512090000000,0.098,1837
1512176400000,0.101,2163
1512262800000,0.101,2030
1512349200000,0.097,1553
1512435600000,0.098,1445
1512522000000,0.103,1705
1512608400000,0.105,1467
1512694800000,0.105,1746
1512781200000,0.106,2096
1512867600000,0.106,1975
1512954000000,0.105,1571
1513040400000,0.107,1496
1513126800000,0.108,1318
1513213200000,0.109,1546
1513299600000,0.11,1542
1513386000000,0.109,1883
1513472400000,0.11,1779
1513558800000,0.111,1574
1513645200000,0.106,1415
1513731600000,0.104,1577
1513818000000,0.103,1621
1513904400000,0.092,2190
1513990800000,0.092,2382
1514077200000,0.093,2057
1514163600000,0.099,2195
1514250000000,0.098,2233
1514336400000,0.096,2443
1514422800000,0.102,2338
1514509200000,0.104,2430
1514595600000,0.107,2530
1514682000000,0.108,2162
1514768400000,0.107,2255
1514854800000,0.107,2335
1514941200000,0.105,2337
1515027600000,0.109,2246
1515114000000,0.117,2178
1515200400000,0.117,2214
1515286800000,0.119,2168
1515373200000,0.115,1984
1515459600000,0.118,1920
1515546000000,0.117,1850
1515632400000,0.117,2026
1515718800000,0.111,2214
1515805200000,0.118,2470
1515891600000,0.118,2350
1515978000000,0.117,1996
1516064400000,0.114,2143
1516150800000,0.116,2145
1516237200000,0.117,1915
1516323600000,0.123,1984
1516410000000,0.122,2762
1516496400000,0.123,2479
1516582800000,0.119,2317
1516669200000,0.119,2239
1516755600000,0.123,2105
1516842000000,0.124,2130
1516928400000,0.127,2308
1517014800000,0.125,2724
1517101200000,0.121,2775
1517187600000,0.124,2292
1517274000000,0.127,1983
1517360400000,0.129,2111
1517446800000,0.134,2139
1517533200000,0.132,2169
1517619600000,0.136,2594
1517706000000,0.136,2351
1517792400000,0.135,1915
1517878800000,0.131,1895
1517965200000,0.135,1872
1518051600000,0.131,1748
1518138000000,0.132,2015
1518224400000,0.135,2407
1518310800000,0.14,2263
1518397200000,0.14,1863
1518483600000,0.144,1773
1518570000000,0.143,1608
1518656400000,0.14,1828
1518742800000,0.138,2524
1518829200000,0.137,3074
1518915600000,0.141,2760
1519002000000,0.138,2522
1519088400000,0.143,2073
1519174800000,0.143,2087
1519261200000,0.142,2299
1519347600000,0.144,2540
1519434000000,0.145,2999
1519520400000,0.141,2910
1519606800000,0.141,2187
1519693200000,0.142,2033
1519779600000,0.142,2099
1519866000000,0.14,2107
1519952400000,0.14,2518
1520038800000,0.141,2774
1520125200000,0.141,2733
1520211600000,0.137,2028
1520298000000,0.142,1877
1520384400000,0.138,2557
1520470800000,0.138,2417
1520557200000,0.134,2487
1520643600000,0.13,2731
1520730000000,0.134,2621
1520816400000,0.132,2071
1520902800000,0.133,1851
1520989200000,0.132,1833
1521075600000,0.13,1779
1521162000000,0.129,2050
1521248400000,0.133,2481
1521334800000,0.13,2591
1521421200000,0.131,1902
1521507600000,0.132,1748
1521594000000,0.132,1783
1521680400000,0.133,1669
1521766800000,0.133,2036
1521853200000,0.135,2248
1521939600000,0.133,2184
1522026000000,0.135,1838
1522112400000,0.132,1776
1522198800000,0.132,1802
1522285200000,0.127,1967
1522371600000,0.126,2182
1522458000000,0.128,1963
1522544400000,0.131,1895
1522630800000,0.13,1772
1522717200000,0.129,1585
1522803600000,0.13,1515
1522890000000,0.132,1467
1522976400000,0.132,1580
1523062800000,0.132,1926
1523149200000,0.132,1838
1523235600000,0.132,1437
1523322000000,0.13,1360
1523408400000,0.127,1510
1523494800000,0.129,1416
1523581200000,0.134,1538
1523667600000,0.133,1888
1523754000000,0.134,1753
1523840400000,0.134,1423
1523926800000,0.136,1403
1524013200000,0.138,1370
1524099600000,0.134,1401
1524186000000,0.137,1361
1524272400000,0.136,1710
1524358800000,0.139,1735
1524445200000,0.139,1406
1524531600000,0.137,1227
1524618000000,0.138,1361
1524704400000,0.142,1338
1524790800000,0.142,1403
1524877200000,0.143,1793
1524963600000,0.144,1714
1525050000000,0.143,1605
1525136400000,0.144,1467
1525222800000,0.142,1407
1525309200000,0.143,1310
1525395600000,0.142,1405
1525482000000,0.146,1668
1525568400000,0.144,1680
1525654800000,0.148,1297
1525741200000,0.149,1356
1525827600000,0.145,1524
1525914000000,0.145,1489
1526000400000,0.145,1344
1526086800000,0.149,1645
1526173200000,0.149,1468
1526259600000,0.153,1219
1526346000000,0.153,1197
1526432400000,0.142,1178
1526518800000,0.151,1268
1526605200000,0.151,1401
1526691600000,0.15,1508
1526778000000,0.15,1482
1526864400000,0.152,1353
1526950800000,0.155,1193
1527037200000,0.154,1173
1527123600000,0.152,1202
1527210000000,0.147,1319
1527296400000,0.148,1406
1527382800000,0.148,1382
1527469200000,0.147,1252
1527555600000,0.15,1157
1527642000000,0.149,1154
1527728400000,0.148,1312
1527814800000,0.145,1338
1527901200000,0.144,1384
1527987600000,0.146,1351
1528074000000,0.146,1211
1528160400000,0.146,1196
1528246800000,0.146,1315
1528333200000,0.143,1153
1528419600000,0.14,1287
1528506000000,0.139,1311
1528592400000,0.137,1328
1528678800000,0.136,1413
1528765200000,0.137,1236
1528851600000,0.135,1345
1528938000000,0.135,1379
1529024400000,0.137,1324
1529110800000,0.132,1315
1529197200000,0.134,1260
1529283600000,0.133,1344
1529370000000,0.129,1288
1529456400000,0.128,1378
1529542800000,0.123,1477
1529629200000,0.109,2043
1529715600000,0.097,1673
1529802000000,0.097,1642
1529888400000,0.094,1579
1529974800000,0.101,1433
1530061200000,0.102,1528
1530147600000,0.099,1414
1530234000000,0.103,1411
1530320400000,0.105,1427
1530406800000,0.105,1440
1530493200000,0.107,1486
1530579600000,0.107,1508
1530666000000,0.108,1516
1530752400000,0.11,1506
1530838800000,0.116,1310
1530925200000,0.115,1290
1531011600000,0.117,1472
1531098000000,0.119,1338
1531184400000,0.122,1455
1531270800000,0.127,1361
1531357200000,0.126,1397
1531443600000,0.128,1426
1531530000000,0.132,1247
1531616400000,0.131,1284
1531702800000,0.13,1419
1531789200000,0.134,1369
1531875600000,0.137,1334
1531962000000,0.138,1381
1532048400000,0.138,1330
1532134800000,0.14,1299
1532221200000,0.141,1312
1532307600000,0.143,1447
1532394000000,0.143,1492
1532480400000,0.143,1488
1532566800000,0.145,1372
1532653200000,0.147,1271
1532739600000,0.147,1348
1532826000000,0.146,1288
1532912400000,0.147,1422
1532998800000,0.149,1311
1533085200000,0.147,1364
1533171600000,0.146,1348
1533258000000,0.147,1465
1533344400000,0.146,1641
1533430800000,0.146,1754
1533517200000,0.143,1791
1533603600000,0.147,1736
1533690000000,0.148,1703
1533776400000,0.148,1814
1533862800000,0.144,1867
1533949200000,0.144,1636
1534035600000,0.143,1855
1534122000000,0.146,1804
1534208400000,0.146,1774
1534294800000,0.148,1780
1534381200000,0.15,1659
1534467600000,0.15,1583
1534554000000,0.154,1629
1534640400000,0.154,1728
1534726800000,0.156,1608
1534813200000,0.161,1696
1534899600000,0.15,1754
1534986000000,0.151,1748
1535072400000,0.156,1652
1535158800000,0.156,1635
1535245200000,0.158,1938
1535331600000,0.157,1809
1535418000000,0.162,1705
1535504400000,0.16,1812
1535590800000,0.15,1893
1535677200000,0.152,1719
1535763600000,0.156,1867
1535850000000,0.157,1736
1535936400000,0.157,1486
1536022800000,0.158,1359
1536109200000,0.152,1369
1536195600000,0.154,1325
1536282000000,0.154,1507
1536368400000,0.151,1911
1536454800000,0.151,1941
1536541200000,0.151,1471
1536627600000,0.147,1396
1536714000000,0.145,1461
1536800400000,0.15,1409
1536886800000,0.151,1606
1536973200000,0.152,1904
1537059600000,0.15,1823
1537146000000,0.151,1336
1537232400000,0.15,1306
1537318800000,0.147,1303
1537405200000,0.145,1208
1537491600000,0.151,1440
1537578000000,0.148,2067
1537664400000,0.143,2128
1537750800000,0.146,1594
1537837200000,0.152,1327
1537923600000,0.151,1161
1538010000000,0.153,1249
1538096400000,0.151,1284
1538182800000,0.155,1766
1538269200000,0.156,1821
1538355600000,0.157,1304
1538442000000,0.157,1240
1538528400000,0.157,1483
1538614800000,0.158,1415
1538701200000,0.16,1660
1538787600000,0.162,1948
1538874000000,0.162,1883
1538960400000,0.16,1459
1539046800000,0.16,1387
1539133200000,0.163,1597
1539219600000,0.161,1587
1539306000000,0.162,1708
1539392400000,0.165,1898
1539478800000,0.164,1819
1539565200000,0.164,1658
1539651600000,0.166,1585
1539738000000,0.169,1420
1539824400000,0.164,1447
1539910800000,0.164,1595
1539997200000,0.163,1907
1540083600000,0.164,2077
1540170000000,0.166,1364
1540256400000,0.165,1255
1540342800000,0.163,1335
1540429200000,0.161,1304
1540515600000,0.158,1618
1540602000000,0.164,1867
1540688400000,0.163,1718
1540774800000,0.156,1628
1540861200000,0.148,1912
1540947600000,0.148,1667
1541034000000,0.146,1664
1541120400000,0.15,1592
1541206800000,0.15,1694
1541293200000,0.152,1669
1541379600000,0.154,1392
1541466000000,0.155,1248
1541552400000,0.153,1301
1541638800000,0.152,1451
1541725200000,0.153,1711
1541811600000,0.157,1983
1541898000000,0.152,1915
1541984400000,0.152,1396
1542070800000,0.152,1089
1542157200000,0.148,1443
1542243600000,0.147,1560
1542330000000,0.15,1627
1542416400000,0.151,2047
1542502800000,0.15,1863
1542589200000,0.149,1509
1542675600000,0.15,1337
1542762000000,0.145,1565
1542848400000,0.132,1791
1542934800000,0.13,2159
1543021200000,0.135,2425
1543107600000,0.135,2123
1543194000000,0.132,1499
1543280400000,0.133,1573
1543366800000,0.134,1328
1543453200000,0.136,1596
1543539600000,0.137,1567
1543626000000,0.136,2038
1543712400000,0.136,1963
1543798800000,0.139,1630
1543885200000,0.138,1332
1543971600000,0.136,1369
1544058000000,0.135,1462
1544144400000,0.133,2154
1544230800000,0.14,2907
1544317200000,0.14,2515
1544403600000,0.143,1986
1544490000000,0.147,1982
1544576400000,0.144,2046
1544662800000,0.145,1952
1544749200000,0.148,2254
1544835600000,0.152,2706
1544922000000,0.154,2666
1545008400000,0.152,1979
1545094800000,0.154,1967
1545181200000,0.153,1982
1545267600000,0.149,1983
1545354000000,0.138,2726
1545440400000,0.136,2930
1545526800000,0.138,2658
1545613200000,0.139,2380
1545699600000,0.141,2391
1545786000000,0.143,2639
1545872400000,0.142,2332
1545958800000,0.145,2481
1546045200000,0.141,2897
1546131600000,0.135,2806
1546218000000,0.136,2652
1546304400000,0.139,2527
1546390800000,0.14,2710
1546477200000,0.139,2632
1546563600000,0.148,2659
1546650000000,0.152,2562
1546736400000,0.156,2475
1546822800000,0.153,2430
1546909200000,0.159,2405
1546995600000,0.162,2531
1547082000000,0.166,2149
1547168400000,0.165,2486
1547254800000,0.165,2825
1547341200000,0.167,2460
1547427600000,0.167,2163
1547514000000,0.164,2096
1547600400000,0.167,2192
1547686800000,0.165,2259
1547773200000,0.167,2137
1547859600000,0.169,2889
1547946000000,0.167,2583
1548032400000,0.169,2185
1548118800000,0.174,2033
1548205200000,0.172,2068
1548291600000,0.173,2277
1548378000000,0.171,2382
1548464400000,0.172,2718
1548550800000,0.173,2555
1548637200000,0.169,2199
1548723600000,0.172,2066
1548810000000,0.167,2128
1548896400000,0.169,2268
1548982800000,0.172,2364
1549069200000,0.173,2626
1549155600000,0.172,2631
1549242000000,0.171,2102
1549328400000,0.164,2242
1549414800000,0.158,2156
1549501200000,0.154,2481
1549587600000,0.157,2442
1549674000000,0.154,2701
1549760400000,0.155,2571
1549846800000,0.156,2142
1549933200000,0.158,2001
1550019600000,0.161,1876
1550106000000,0.158,1878
1550192400000,0.158,1946
1550278800000,0.163,2322
1550365200000,0.166,2172
1550451600000,0.167,1850
1550538000000,0.165,1730
1550624400000,0.167,2022
1550710800000,0.17,1669
1550797200000,0.171,1965
1550883600000,0.169,2611
1550970000000,0.17,2518
1551056400000,0.169,2071
1551142800000,0.17,1836
1551229200000,0.17,1809
1551315600000,0.167,1702
1551402000000,0.168,1912
1551488400000,0.161,3085
1551574800000,0.156,2732
1551661200000,0.154,2005
1551747600000,0.154,1885
1551834000000,0.156,1900
1551920400000,0.148,2011
1552006800000,0.156,2328
1552093200000,0.157,2360
1552179600000,0.161,2138
1552266000000,0.161,1628
1552352400000,0.165,1554
1552438800000,0.164,1646
1552525200000,0.163,2173
1552611600000,0.164,2308
1552698000000,0.165,3001
1552784400000,0.163,3023
1552870800000,0.166,2133
1552957200000,0.167,2157
1553043600000,0.167,2227
1553130000000,0.167,2193
1553216400000,0.166,2615
1553302800000,0.166,2877
1553389200000,0.165,2835
1553475600000,0.165,2510
1553562000000,0.167,2343
1553648400000,0.165,2302
1553734800000,0.164,2231
1553821200000,0.163,2534
1553907600000,0.164,2791
1553994000000,0.165,2638
1554080400000,0.165,2342
1554166800000,0.167,2016
1554253200000,0.165,2123
1554339600000,0.164,2054
1554426000000,0.163,2359
1554512400000,0.164,2684
1554598800000,0.162,2467
1554685200000,0.164,2136
1554771600000,0.163,2132
1554858000000,0.165,2080
1554944400000,0.164,2064
1555030800000,0.163,2204
1555117200000,0.165,2576
1555203600000,0.164,2500
1555290000000,0.165,2144
1555376400000,0.166,2042
1555462800000,0.164,2271
1555549200000,0.168,2200
1555635600000,0.164,2154
1555722000000,0.166,2323
1555808400000,0.166,2435
1555894800000,0.167,2198
1555981200000,0.162,2076
1556067600000,0.161,2087
1556154000000,0.162,1875
1556240400000,0.158,1827
1556326800000,0.16,2460
1556413200000,0.162,2259
1556499600000,0.161,1960
1556586000000,0.161,1923
1556672400000,0.163,2327
1556758800000,0.16,2013
1556845200000,0.16,2084
1556931600000,0.161,2122
1557018000000,0.158,2043
1557104400000,0.156,1701
1557190800000,0.152,1723
1557277200000,0.15,2035
1557363600000,0.148,2247
1557450000000,0.146,2024
1557536400000,0.146,2254
1557622800000,0.148,2122
1557709200000,0.149,1584
1557795600000,0.147,1783
1557882000000,0.148,1921
1557968400000,0.146,1880
1558054800000,0.145,2009
1558141200000,0.144,2377
1558227600000,0.145,2268
1558314000000,0.144,1862
1558400400000,0.144,1788
1558486800000,0.145,1908
1558573200000,0.144,1789
1558659600000,0.144,1930
1558746000000,0.147,2395
1558832400000,0.148,2279
1558918800000,0.149,2021
1559005200000,0.15,1851
1559091600000,0.145,2084
1559178000000,0.149,2075
1559264400000,0.15,1950
1559350800000,0.149,2170
1559437200000,0.149,2266
1559523600000,0.152,1998
1559610000000,0.151,1948
1559696400000,0.152,1977
1559782800000,0.154,2059
1559869200000,0.156,2176
1559955600000,0.156,2081
1560042000000,0.153,2116
1560128400000,0.152,2007
1560214800000,0.153,1886
1560301200000,0.148,1911
1560387600000,0.156,1852
1560474000000,0.153,1877
1560560400000,0.157,1940
1560646800000,0.157,1978
1560733200000,0.158,1932
1560819600000,0.156,1953
1560906000000,0.158,2089
1560992400000,0.156,2009
1561078800000,0.155,1982
1561165200000,0.158,1942
1561251600000,0.156,1981
1561338000000,0.148,2127
1561424400000,0.146,2292
1561510800000,0.136,3033
1561597200000,0.137,2571
1561683600000,0.134,2227
1561770000000,0.131,2191
1561856400000,0.133,2381
1561942800000,0.133,2245
1562029200000,0.135,2196
1562115600000,0.135,2254
1562202000000,0.13,2226
1562288400000,0.134,2164
1562374800000,0.133,2189
1562461200000,0.135,2012
1562547600000,0.135,2435
1562634000000,0.139,2246
1562720400000,0.143,2081
1562806800000,0.145,2086
1562893200000,0.145,1965
1562979600000,0.144,1955
1563066000000,0.142,2084
1563152400000,0.144,2012
1563238800000,0.148,2242
1563325200000,0.151,2163
1563411600000,0.152,2044
1563498000000,0.154,1978
1563584400000,0.154,1878
1563670800000,0.156,2068
1563757200000,0.157,2135
1563843600000,0.157,2195
1563930000000,0.154,2150
1564016400000,0.153,2209
1564102800000,0.152,2250
1564189200000,0.154,2105
1564275600000,0.154,2102
1564362000000,0.156,2432
1564448400000,0.157,2450
1564534800000,0.157,2490
1564621200000,0.158,2289
1564707600000,0.158,2143
1564794000000,0.154,2224
1564880400000,0.153,2457
1564966800000,0.153,2215
1565053200000,0.153,2250
1565139600000,0.153,2235
1565226000000,0.151,2179
1565312400000,0.152,2386
1565398800000,0.151,2420
1565485200000,0.154,2339
1565571600000,0.154,2374
1565658000000,0.153,2251
1565744400000,0.15,2501
1565830800000,0.149,2256
1565917200000,0.15,2424
1566003600000,0.152,2392
1566090000000,0.152,2403
1566176400000,0.151,2563
1566262800000,0.151,2318
1566349200000,0.152,2407
1566435600000,0.155,2397
1566522000000,0.154,2277
1566608400000,0.153,2255
1566694800000,0.154,2304
1566781200000,0.154,2339
1566867600000,0.154,2557
1566954000000,0.155,2020
1567040400000,0.155,2418
1567126800000,0.153,2444
1567213200000,0.155,2474
1567299600000,0.154,2665
1567386000000,0.155,2332
1567472400000,0.153,2080
1567558800000,0.153,1987
1567645200000,0.157,2001
1567731600000,0.156,2287
1567818000000,0.155,3019
1567904400000,0.144,3166
1567990800000,0.14,2227
1568077200000,0.141,1937
1568163600000,0.143,1936
1568250000000,0.146,2311
1568336400000,0.146,2133
1568422800000,0.15,2692
1568509200000,0.153,2510
1568595600000,0.153,2011
1568682000000,0.152,1800
1568768400000,0.151,1918
1568854800000,0.15,2211
1568941200000,0.149,2251
1569027600000,0.155,2604
1569114000000,0.154,2551
1569200400000,0.156,1845
1569286800000,0.156,1758
1569373200000,0.156,1960
1569459600000,0.154,1836
1569546000000,0.154,2106
1569632400000,0.155,2591
1569718800000,0.156,2599
1569805200000,0.157,1991
1569891600000,0.157,1996
1569978000000,0.155,2191
1570064400000,0.155,2340
1570150800000,0.16,2507
1570237200000,0.161,2881
1570323600000,0.163,2774
1570410000000,0.164,2156
1570496400000,0.163,1977
1570582800000,0.163,2168
1570669200000,0.166,2154
1570755600000,0.167,2464
1570842000000,0.167,2788
1570928400000,0.17,2769
1571014800000,0.171,2162
1571101200000,0.171,1996
1571187600000,0.169,1899
1571274000000,0.168,2001
1571360400000,0.169,2501
1571446800000,0.156,4865
1571533200000,0.157,3978
1571619600000,0.158,2874
1571706000000,0.159,2942
1571792400000,0.159,2803
1571878800000,0.156,2533
1571965200000,0.156,2604
1572051600000,0.156,2955
1572138000000,0.156,2989
1572224400000,0.154,2321
1572310800000,0.15,2524
1572397200000,0.145,2541
1572483600000,0.144,2354
1572570000000,0.143,2683
1572656400000,0.15,2940
1572742800000,0.154,2746
1572829200000,0.155,2305
1572915600000,0.158,2066
1573002000000,0.155,2199
1573088400000,0.155,2198
1573174800000,0.153,2323
1573261200000,0.154,2774
1573347600000,0.158,2664
1573434000000,0.155,2234
1573520400000,0.155,1764
1573606800000,0.154,1986
1573693200000,0.153,1961
1573779600000,0.152,2334
1573866000000,0.154,2718
1573952400000,0.153,2526
1574038800000,0.154,2019
1574125200000,0.14,3254
1574211600000,0.139,2401
1574298000000,0.138,2013
1574384400000,0.139,2221
1574470800000,0.141,2700
1574557200000,0.14,2517
1574643600000,0.138,1725
1574730000000,0.134,2027
1574816400000,0.13,2781
1574902800000,0.129,2272
1574989200000,0.123,2623
1575075600000,0.124,2959
1575162000000,0.124,2652
1575248400000,0.124,2200
1575334800000,0.122,2111
1575421200000,0.123,2150
1575507600000,0.123,2604
1575594000000,0.123,2834
1575680400000,0.123,3592
1575766800000,0.123,3053
1575853200000,0.123,2414
1575939600000,0.122,2438
1576026000000,0.124,2180
1576112400000,0.126,2036
1576198800000,0.129,2991
1576285200000,0.131,2729
1576371600000,0.131,2502
1576458000000,0.131,2090
1576544400000,0.132,1909
1576630800000,0.132,2302
1576717200000,0.127,2170
1576803600000,0.123,3031
1576890000000,0.124,3148
1576976400000,0.125,2828
1577062800000,0.126,2475
1577149200000,0.127,2322
1577235600000,0.127,2706
1577322000000,0.128,2694
1577408400000,0.129,2869
1577494800000,0.128,3390
1577581200000,0.129,2878
1577667600000,0.131,2940
1577754000000,0.129,2260
1577840400000,0.129,2640
1577926800000,0.13,2943
1578013200000,0.134,2818
1578099600000,0.135,2841
1578186000000,0.135,2818
1578272400000,0.133,2820
1578358800000,0.134,2864
1578445200000,0.133,2827
1578531600000,0.136,2787
1578618000000,0.139,2914
1578704400000,0.141,3492
1578790800000,0.144,2928
1578877200000,0.146,2529
1578963600000,0.147,2451
1579050000000,0.144,2652
1579136400000,0.145,2522
1579222800000,0.147,2697
1579309200000,0.151,3370
1579395600000,0.149,3027
1579482000000,0.15,2619
1579568400000,0.15,2332
1579654800000,0.148,2426
1579741200000,0.15,2637
1579827600000,0.147,3040
1579914000000,0.148,3381
1580000400000,0.152,3096
1580086800000,0.149,2626
1580173200000,0.151,2459
1580259600000,0.149,2466
1580346000000,0.155,2727
1580432400000,0.152,2851
1580518800000,0.154,3260
1580605200000,0.155,3063
1580691600000,0.155,2441
1580778000000,0.159,2661
1580864400000,0.157,3391
1580950800000,0.154,2711
1581037200000,0.155,3035
1581123600000,0.156,3469
1581210000000,0.156,3284
1581296400000,0.153,2823
1581382800000,0.152,2713
1581469200000,0.151,2889
1581555600000,0.153,2775
1581642000000,0.154,2885
1581728400000,0.155,3436
1581814800000,0.155,3083
1581901200000,0.155,2742
1581987600000,0.154,2591
1582074000000,0.152,2639
1582160400000,0.149,2605
1582246800000,0.149,2912
1582333200000,0.15,3326
1582419600000,0.15,3301
1582506000000,0.149,2907
1582592400000,0.142,3216
1582678800000,0.145,2803
1582765200000,0.143,2876
1582851600000,0.139,3274
1582938000000,0.141,3848
1583024400000,0.145,3548
1583110800000,0.143,2799
1583197200000,0.145,2713
1583283600000,0.143,3019
1583370000000,0.141,2942
1583456400000,0.144,3440
1583542800000,0.144,3743
1583629200000,0.147,3506
1583715600000,0.146,3073
1583802000000,0.139,2842
1583888400000,0.142,2986
1583974800000,0.139,2981
1584061200000,0.138,3631
1584147600000,0.143,3830
1584234000000,0.142,3717
1584320400000,0.143,3439
1584406800000,0.141,3316
1584493200000,0.14,3460
1584579600000,0.142,3571
1584666000000,0.136,3572
1584752400000,0.139,3283
1584838800000,0.138,3974
1584925200000,0.139,3473
1585011600000,0.135,3575
1585098000000,0.134,4094
1585184400000,0.13,3855
1585270800000,0.13,3519
1585357200000,0.129,3335
1585443600000,0.136,3121
1585530000000,0.14,3367
1585616400000,0.13,4854
1585702800000,0.127,5079
1585789200000,0.126,4915
1585875600000,0.125,4633
1585962000000,0.127,4591
1586048400000,0.13,4523
1586134800000,0.126,5141
1586221200000,0.129,4471
1586307600000,0.13,4541
1586394000000,0.13,4531
1586480400000,0.134,4556
1586566800000,0.128,5130
1586653200000,0.127,4558
1586739600000,0.13,5437
1586826000000,0.128,4840
1586912400000,0.127,5111
1586998800000,0.125,5095
1587085200000,0.125,4867
1587171600000,0.125,4841
1587258000000,0.124,4836
1587344400000,0.124,5109
1587430800000,0.123,5025
1587517200000,0.121,4651
1587603600000,0.119,4963
1587690000000,0.121,4944
1587776400000,0.122,4689
1587862800000,0.121,4362
1587949200000,0.122,4905
1588035600000,0.121,4380
1588122000000,0.122,4783
1588208400000,0.121,4520
1588294800000,0.12,4331
1588381200000,0.12,4272
1588467600000,0.119,4183
1588554000000,0.122,4280
1588640400000,0.123,4379
1588726800000,0.123,4674
1588813200000,0.122,4519
1588899600000,0.121,4145
1588986000000,0.122,4149
1589072400000,0.121,3938
1589158800000,0.12,4204
1589245200000,0.122,4247
1589331600000,0.123,4334
1589418000000,0.12,4157
1589504400000,0.117,3810
1589590800000,0.12,3466
1589677200000,0.121,3287
1589763600000,0.119,3577
1589850000000,0.122,3404
1589936400000,0.12,3550
1590022800000,0.118,4028
1590109200000,0.119,3847
1590195600000,0.122,3806
1590282000000,0.12,3738
1590368400000,0.118,3578
1590454800000,0.116,3473
1590541200000,0.121,3563
1590627600000,0.12,3764
1590714000000,0.118,3540
1590800400000,0.116,3208
1590886800000,0.118,3293
1590973200000,0.116,3472
1591059600000,0.117,3250
1591146000000,0.119,3383
1591232400000,0.119,3266
1591318800000,0.118,3179
1591405200000,0.119,3089
1591491600000,0.117,2907
1591578000000,0.118,3249
1591664400000,0.117,3024
1591750800000,0.116,3015
1591837200000,0.116,3042
1591923600000,0.114,3178
1592010000000,0.113,3117
1592096400000,0.112,3155
1592182800000,0.112,3344
1592269200000,0.11,2965
1592355600000,0.109,3022
1592442000000,0.109,3003
1592528400000,0.108,3044
1592614800000,0.109,2761
1592701200000,0.106,2635
1592787600000,0.106,3027
1592874000000,0.107,2978
1592960400000,0.105,3019
1593046800000,0.103,3486
1593133200000,0.102,4375
1593219600000,0.104,3588
1593306000000,0.104,3129
1593392400000,0.103,3748
1593478800000,0.103,3977
1593565200000,0.101,3201
1593651600000,0.101,3292
1593738000000,0.101,3420
1593824400000,0.101,3086
1593910800000,0.099,2923
1593997200000,0.099,2941
1594083600000,0.099,3122
1594170000000,0.098,3179
1594256400000,0.1,3155
1594342800000,0.103,2571
1594429200000,0.103,2513
1594515600000,0.105,2769
1594602000000,0.106,3088
1594688400000,0.105,2955
1594774800000,0.104,2935
1594861200000,0.104,2807
1594947600000,0.105,2736
1595034000000,0.106,2672
1595120400000,0.103,2984
1595206800000,0.104,3148
1595293200000,0.104,3084
1595379600000,0.107,3188
1595466000000,0.107,3304
1595552400000,0.109,3187
1595638800000,0.109,2843
1595725200000,0.109,2739
1595811600000,0.109,2900
1595898000000,0.109,2769
1595984400000,0.11,2965
1596070800000,0.108,3114
1596157200000,0.109,2612
1596243600000,0.106,2571
1596330000000,0.105,2861
1596416400000,0.106,2787
1596502800000,0.106,2853
1596589200000,0.105,3093
1596675600000,0.106,3054
1596762000000,0.104,3419
1596848400000,0.102,3206
1596934800000,0.102,3127
1597021200000,0.101,3373
1597107600000,0.1,4321
1597194000000,0.102,3258
1597280400000,0.1,3189
1597366800000,0.101,3413
1597453200000,0.101,2980
1597539600000,0.104,2915
1597626000000,0.102,2861
1597712400000,0.102,2989
1597798800000,0.103,3565
1597885200000,0.102,3175
1597971600000,0.103,3564
1598058000000,0.101,3035
1598144400000,0.102,2938
1598230800000,0.102,3057
1598317200000,0.103,3084
1598403600000,0.101,2917
1598490000000,0.102,3344
1598576400000,0.1,2974
1598662800000,0.098,2779
1598749200000,0.098,2704
1598835600000,0.099,2733
1598922000000,0.099,2603
1599008400000,0.098,2781
1599094800000,0.096,2430
1599181200000,0.093,2615
1599267600000,0.093,2911
1599354000000,0.094,3617
1599440400000,0.094,2422
1599526800000,0.095,2716
1599613200000,0.094,2887
1599699600000,0.092,3227
1599786000000,0.092,3994
1599872400000,0.092,4201
1599958800000,0.091,3496
1600045200000,0.09,2894
1600131600000,0.089,2654
1600218000000,0.091,3130
1600304400000,0.091,2879
1600390800000,0.094,4501
1600477200000,0.094,3235
1600563600000,0.093,3085
1600650000000,0.092,2669
1600736400000,0.091,2627
1600822800000,0.089,3378
1600909200000,0.085,2590
1600995600000,0.083,3370
1601082000000,0.08,3319
1601168400000,0.083,3712
1601254800000,0.083,2658
1601341200000,0.083,2597
1601427600000,0.082,2907
1601514000000,0.082,2646
1601600400000,0.084,3119
1601686800000,0.082,2978
1601773200000,0.081,3010
1601859600000,0.081,3009
1601946000000,0.083,3033
1602032400000,0.082,2954
1602118800000,0.081,2912
1602205200000,0.08,2944
1602291600000,0.081,3643
1602378000000,0.081,2908
1602464400000,0.08,2312
1602550800000,0.079,2511
1602637200000,0.081,3232
1602723600000,0.078,2434
1602810000000,0.077,3273
1602896400000,0.078,3134
1602982800000,0.079,2720
1603069200000,0.078,2524
1603155600000,0.08,2845
1603242000000,0.078,3164
1603328400000,0.078,2619
1603414800000,0.078,2793
1603501200000,0.077,2863
1603587600000,0.078,2637
1603674000000,0.079,2980
1603760400000,0.078,3006
1603846800000,0.076,2926
1603933200000,0.075,2982
1604019600000,0.073,3019
1604106000000,0.073,3347
1604192400000,0.072,3084
1604278800000,0.073,2339
1604365200000,0.075,2986
1604451600000,0.075,2876
1604538000000,0.076,2809
1604624400000,0.077,3267
1604710800000,0.077,2834
1604797200000,0.077,2871
1604883600000,0.076,2991
1604970000000,0.076,3075
1605056400000,0.075,2754
1605142800000,0.075,2526
1605229200000,0.077,3114
1605315600000,0.077,2703
1605402000000,0.076,2724
1605488400000,0.075,2776
1605574800000,0.076,3062
1605661200000,0.075,3110
1605747600000,0.077,3764
1605834000000,0.077,3038
1605920400000,0.077,2965
1606006800000,0.079,3226
1606093200000,0.078,3307
1606179600000,0.077,2834
1606266000000,0.077,3586
1606352400000,0.074,4294
1606438800000,0.074,3784
1606525200000,0.072,3536
1606611600000,0.072,3584
1606698000000,0.072,3512
1606784400000,0.071,2781
1606870800000,0.072,2866
1606957200000,0.073,3262
1607043600000,0.068,3564
1607130000000,0.07,3102
1607216400000,0.071,2862
1607302800000,0.071,3083
1607389200000,0.069,2724
1607475600000,0.069,2842
1607562000000,0.068,3069
1607648400000,0.069,2925
1607734800000,0.07,3028
1607821200000,0.071,3251
1607907600000,0.07,3111
1607994000000,0.07,3334
1608080400000,0.07,3335
1608166800000,0.071,3044
1608253200000,0.072,3181
1608339600000,0.071,3375
1608426000000,0.071,3673
1608512400000,0.071,2965
1608598800000,0.07,3253
1608685200000,0.066,4053
1608771600000,0.066,4389
1608858000000,0.072,3498
1608944400000,0.07,3623
1609030800000,0.072,2736
1609117200000,0.069,3545
1609203600000,0.069,4024
1609290000000,0.07,4045
1609376400000,0.07,3519
1609462800000,0.071,3593
1609549200000,0.071,3595
1609635600000,0.072,3979
1609722000000,0.075,4459
1609808400000,0.075,3929
1609894800000,0.075,4676
1609981200000,0.078,5767
1610067600000,0.08,4618
1610154000000,0.082,4346
1610240400000,0.082,3721
1610326800000,0.083,4166
1610413200000,0.084,3517
1610499600000,0.084,3789
1610586000000,0.085,3853
1610672400000,0.086,3809
1610758800000,0.087,4153
1610845200000,0.089,3473
1610931600000,0.088,4352
1611018000000,0.086,4184
1611104400000,0.088,3917
1611190800000,0.089,7087
1611277200000,0.09,3342
1611363600000,0.093,3416
1611450000000,0.094,3318
1611536400000,0.094,3426
1611622800000,0.096,3289
1611709200000,0.094,3509
1611795600000,0.087,5667
1611882000000,0.086,3630
1611968400000,0.086,3766
1612054800000,0.082,3736
1612141200000,0.085,2918
1612227600000,0.084,2872
1612314000000,0.084,3376
1612400400000,0.083,3000
1612486800000,0.083,2999
1612573200000,0.085,3649
1612659600000,0.088,3192
1612746000000,0.085,2975
1612832400000,0.085,3234
1612918800000,0.082,3398
1613005200000,0.081,3315
1613091600000,0.08,3559
1613178000000,0.081,3977
1613264400000,0.082,4113
1613350800000,0.079,3976
1613437200000,0.08,3498
1613523600000,0.081,3319
1613610000000,0.079,4095
1613696400000,0.079,4027
1613782800000,0.084,3610
1613869200000,0.083,3243
1613955600000,0.084,3507
1614042000000,0.088,4169
1614128400000,0.088,4846
1614214800000,0.088,3550
1614301200000,0.088,3760
1614387600000,0.09,4463
1614474000000,0.09,4256
1614560400000,0.092,3999
1614646800000,0.089,3507
1614733200000,0.091,4017
1614819600000,0.092,3924
1614906000000,0.093,4322
1614992400000,0.095,4337
1615078800000,0.096,4106
1615165200000,0.095,4051
1615251600000,0.096,3657
1615338000000,0.098,4383
1615424400000,0.1,4005
1615510800000,0.101,4256
1615597200000,0.101,5179
1615683600000,0.102,4258
1615770000000,0.101,3550
1615856400000,0.099,3591
1615942800000,0.1,4394
1616029200000,0.1,3997
1616115600000,0.099,4234
1616202000000,0.096,4148
1616288400000,0.097,3836
1616374800000,0.099,4323
1616461200000,0.1,4122
1616547600000,0.104,4119
1616634000000,0.102,4287
1616720400000,0.103,4296
1616806800000,0.105,4364
1616893200000,0.106,3967
1616979600000,0.106,4037
1617066000000,0.105,3389
1617152400000,0.104,3627
1617238800000,0.106,3447
1617325200000,0.105,3749
1617411600000,0.106,3704
1617498000000,0.105,3645
1617584400000,0.106,3881
1617670800000,0.105,3779
1617757200000,0.09,4938
1617843600000,0.08,4897
1617930000000,0.079,4907
1618016400000,0.081,4219
1618102800000,0.081,3425
1618189200000,0.081,3079
1618275600000,0.088,3810
1618362000000,0.09,864
1618448400000,0.089,3775
1618534800000,0.089,3489
1618621200000,0.092,3393
1618707600000,0.096,3543
1618794000000,0.098,3747
1618880400000,0.102,2947
1618966800000,0.102,3141
1619053200000,0.098,3246
1619139600000,0.104,3582
1619226000000,0.1,3631
1619312400000,0.103,3140
1619398800000,0.103,2720
1619485200000,0.104,2854
1619571600000,0.104,3212
1619658000000,0.106,3070
1619744400000,0.111,4427
1619830800000,0.111,2562
1619917200000,0.112,2755
1620003600000,0.112,2899
1620090000000,0.116,5199
1620176400000,0.12,5032
1620262800000,0.122,3903
1620349200000,0.125,3895
1620435600000,0.127,3533
1620522000000,0.124,2933
1620608400000,0.126,3438
1620694800000,0.129,3979
1620781200000,0.13,2925
1620867600000,0.13,2837
1620954000000,0.128,2876
1621040400000,0.126,2853
1621126800000,0.124,2582
1621213200000,0.12,2463
1621299600000,0.114,2187
1621386000000,0.113,2489
1621472400000,0.112,2515
1621558800000,0.111,2747
1621645200000,0.111,2826
1621731600000,0.11,2436
1621818000000,0.113,2761
1621904400000,0.111,2538
1621990800000,0.111,3056
1622077200000,0.114,2679
1622163600000,0.112,3000
1622250000000,0.115,3252
1622336400000,0.114,2950
1622422800000,0.113,2699
1622509200000,0.113,2274
1622595600000,0.113,2773
1622682000000,0.114,2690
1622768400000,0.11,3045
1622854800000,0.108,2864
1622941200000,0.109,2607
1623027600000,0.109,2811
1623114000000,0.108,2598
1623200400000,0.107,2653
1623286800000,0.109,2912
1623373200000,0.11,2460
1623459600000,0.11,2143
1623546000000,0.109,2150
1623632400000,0.109,2660
1623718800000,0.108,2410
1623805200000,0.102,2465
1623891600000,0.099,2319
1623978000000,0.098,2450
1624064400000,0.097,2237
1624150800000,0.098,2250
1624237200000,0.098,2167
1624323600000,0.095,2094
1624410000000,0.094,2226
1624496400000,0.091,2546
1624582800000,0.088,3101
1624669200000,0.091,2617
1624755600000,0.092,2147
1624842000000,0.088,2257
1624928400000,0.086,2212
1625014800000,0.085,2081
1625101200000,0.086,1893
1625187600000,0.087,2136
1625274000000,0.083,1966
1625360400000,0.083,1834
1625446800000,0.081,2032
1625533200000,0.082,2523
1625619600000,0.082,2188
1625706000000,0.084,2256
1625792400000,0.086,1636
1625878800000,0.086,1554
1625965200000,0.083,1647
1626051600000,0.081,1831
1626138000000,0.082,2123
1626224400000,0.08,2145
1626310800000,0.079,2683
1626397200000,0.082,1849
1626483600000,0.084,1750
1626570000000,0.087,1733
1626656400000,0.084,1599
1626742800000,0.082,1831
1626829200000,0.083,1904
1626915600000,0.081,1840
1627002000000,0.084,1874
1627088400000,0.083,1784
1627174800000,0.083,1667
1627261200000,0.081,1783
1627347600000,0.083,839
1627434000000,0.084,1952
1627520400000,0.082,2147
1627606800000,0.083,1757
1627693200000,0.081,1764
1627779600000,0.082,1789
1627866000000,0.082,2119
1627952400000,0.082,1820
1628038800000,0.08,1759
1628125200000,0.083,1398
1628211600000,0.08,2435
1628298000000,0.078,2586
1628384400000,0.078,1848
1628470800000,0.08,2007
1628557200000,0.08,1967
1628643600000,0.08,2100
1628730000000,0.079,1830
1628816400000,0.079,2241
1628902800000,0.079,1819
1628989200000,0.079,1686
1629075600000,0.08,2013
1629162000000,0.079,1759
1629248400000,0.078,2047
1629334800000,0.078,1802
1629421200000,0.077,1685
1629507600000,0.076,1745
1629594000000,0.076,1855
1629680400000,0.076,1809
1629766800000,0.074,2035
1629853200000,0.07,1923
1629939600000,0.069,1987
1630026000000,0.07,1740
1630112400000,0.071,1713
1630198800000,0.071,1949
1630285200000,0.073,1866
1630371600000,0.072,1698
1630458000000,0.072,1654
1630544400000,0.072,1484
1630630800000,0.07,1628
1630717200000,0.073,2107
1630803600000,0.071,1900
1630890000000,0.073,1480
1630976400000,0.074,1711
1631062800000,0.074,1804
1631149200000,0.073,1638
1631235600000,0.072,1873
1631322000000,0.074,2327
1631408400000,0.074,1936
1631494800000,0.072,1850
1631581200000,0.072,1643
1631667600000,0.07,1636
1631754000000,0.069,1789
1631840400000,0.071,1899
1631926800000,0.072,2226
1632013200000,0.073,2273
1632099600000,0.074,1846
1632186000000,0.071,1502
1632272400000,0.065,3625
1632358800000,0.064,2923
1632445200000,0.07,3074
1632531600000,0.074,3302
1632618000000,0.078,3427
1632704400000,0.08,2399
1632790800000,0.082,2593
1632877200000,0.083,2754
1632963600000,0.085,2723
1633050000000,0.087,2166
1633136400000,0.09,3171
1633222800000,0.092,2904
1633309200000,0.093,2361
1633395600000,0.095,2492
1633482000000,0.098,3335
1633568400000,0.096,2355
1633654800000,0.097,2527
1633741200000,0.1,2515
1633827600000,0.101,2024
1633914000000,0.1,1895
1634000400000,0.099,2738
1634086800000,0.096,2936
1634173200000,0.094,2426
1634259600000,0.094,1677
1634346000000,0.095,2312
1634432400000,0.094,1973
1634518800000,0.094,1695
1634605200000,0.092,1696
1634691600000,0.092,1832
1634778000000,0.091,1715
1634864400000,0.083,2233
1634950800000,0.085,2175
1635037200000,0.084,1492
1635123600000,0.084,1746
1635210000000,0.085,1374
1635296400000,0.082,1542
1635382800000,0.08,1593
1635469200000,0.08,1915
1635555600000,0.08,2058
1635642000000,0.081,2062
1635728400000,0.082,1701
1635814800000,0.087,1888
1635901200000,0.086,2119
1635987600000,0.088,2041
1636074000000,0.088,1619
1636160400000,0.088,1736
1636246800000,0.084,1525
1636333200000,0.086,1709
1636419600000,0.084,1344
1636506000000,0.08,2030
1636592400000,0.077,1724
1636678800000,0.079,1674
1636765200000,0.079,2098
1636851600000,0.079,1825
1636938000000,0.08,1481
1637024400000,0.081,1606
1637110800000,0.084,1525
1637197200000,0.082,1520
1637283600000,0.081,1707
1637370000000,0.082,1867
1637456400000,0.084,2329
1637542800000,0.084,1747
1637629200000,0.084,1800
1637715600000,0.082,1838
1637802000000,0.08,2155
1637888400000,0.082,2153
1637974800000,0.079,2096
1638061200000,0.08,1904
1638147600000,0.08,1559
1638234000000,0.077,2450
1638320400000,0.075,2081
1638406800000,0.077,2161
1638493200000,0.078,1876
1638579600000,0.081,2667
1638666000000,0.086,1943
1638752400000,0.088,1512
1638838800000,0.089,1393
1638925200000,0.086,1965
1639011600000,0.085,1522
1639098000000,0.084,1586
1639184400000,0.086,2104
1639270800000,0.085,1437
1639357200000,0.084,1255
1639443600000,0.087,1320
1639530000000,0.084,1471
1639616400000,0.088,1841
1639702800000,0.085,1493
1639789200000,0.085,1676
1639875600000,0.086,1452
1639962000000,0.087,1295
1640048400000,0.093,2072
1640134800000,0.091,2165
1640221200000,0.085,1624
1640307600000,0.09,1832
1640394000000,0.091,2165
1640480400000,0.093,1932
1640566800000,0.088,1583
1640653200000,0.095,1794
1640739600000,0.093,2035
1640826000000,0.088,1791
1640912400000,0.092,2055
1640998800000,0.089,1857
1641085200000,0.094,2024
1641171600000,0.091,1865
1641258000000,0.092,1812
1641344400000,0.09,1899
1641430800000,0.094,1998
1641517200000,0.094,2114
1641603600000,0.097,1673
1641690000000,0.096,1556
1641776400000,0.096,1387
1641862800000,0.103,3303
1641949200000,0.101,1764
1642035600000,0.102,1917
1642122000000,0.103,1592
1642208400000,0.101,1673
1642294800000,0.105,1872
1642381200000,0.106,1718
1642467600000,0.105,1582
1642554000000,0.105,1888
1642640400000,0.111,2127
1642726800000,0.105,1857
1642813200000,0.11,2136
1642899600000,0.107,1889
1642986000000,0.109,1883
1643072400000,0.106,1717
1643158800000,0.103,1714
1643245200000,0.103,2032
1643331600000,0.101,2335
1643418000000,0.097,2414
1643504400000,0.096,2093
1643590800000,0.097,2212
1643677200000,0.093,1918
1643763600000,0.09,2027
1643850000000,0.091,1956
1643936400000,0.093,2241
1644022800000,0.092,2037
1644109200000,0.095,2341
1644195600000,0.098,2098
1644282000000,0.097,1823
1644368400000,0.098,2100
1644454800000,0.097,2453
1644541200000,0.096,1941
1644627600000,0.094,2067
1644714000000,0.097,2206
1644800400000,0.098,1837
1644886800000,0.099,1803
1644973200000,0.098,1844
1645059600000,0.099,1838
1645146000000,0.099,1977
1645232400000,0.096,2129
1645318800000,0.1,2090
1645405200000,0.098,1703
1645491600000,0.1,2094
1645578000000,0.096,1929
1645664400000,0.098,1560
1645750800000,0.1,2064
1645837200000,0.096,2154
1645923600000,0.097,1863
1646010000000,0.099,2734
1646096400000,0.095,2142
1646182800000,0.096,2082
1646269200000,0.092,2232
1646355600000,0.087,2023
1646442000000,0.089,2254
1646528400000,0.091,2370
1646614800000,0.089,4091
1646701200000,0.087,2444
1646787600000,0.091,2380
1646874000000,0.091,2600
1646960400000,0.103,1688
1647046800000,0.101,2408
1647133200000,0.099,2294
1647219600000,0.1,1891
1647306000000,0.105,1934
1647392400000,0.099,1845
1647478800000,0.101,1971
1647565200000,0.104,1904
1647651600000,0.101,2034
1647738000000,0.103,2159
1647824400000,0.103,1755
1647910800000,0.1,1721
1647997200000,0.105,2059
1648083600000,0.102,1853
1648170000000,0.104,2007
1648256400000,0.104,2193
1648342800000,0.099,1867
1648429200000,0.1,1759
1648515600000,0.1,1868
1648602000000,0.107,1485
1648688400000,0.107,1596
1648774800000,0.109,1586
1648861200000,0.106,2029
1648947600000,0.104,2083
1649034000000,0.101,1549
1649120400000,0.103,2052
1649206800000,0.105,1726
1649293200000,0.107,1605
1649379600000,0.111,1487
1649466000000,0.109,1869
1649552400000,0.108,1760
1649638800000,0.105,1425
1649725200000,0.106,1778
1649811600000,0.103,1661
1649898000000,0.103,1716
1649984400000,0.104,2007
1650070800000,0.106,2062
1650157200000,0.103,1709
1650243600000,0.11,1886
1650330000000,0.112,1507
1650416400000,0.107,1484
1650502800000,0.104,1352
1650589200000,0.107,1759
1650675600000,0.111,1544
1650762000000,0.112,1560
1650848400000,0.111,1456
1650934800000,0.107,1434
1651021200000,0.107,1609
1651107600000,0.107,1535
1651194000000,0.11,1490
1651280400000,0.11,1673
1651366800000,0.108,1536
1651453200000,0.107,1542
1651539600000,0.108,1438
1651626000000,0.101,1993
1651712400000,0.1,1735
1651798800000,0.1,1553
1651885200000,0.098,1594
1651971600000,0.095,1491
1652058000000,0.095,1250
1652144400000,0.094,1327
1652230800000,0.094,1661
1652317200000,0.092,1583
1652403600000,0.094,1357
1652490000000,0.09,1993
1652576400000,0.091,1851
1652662800000,0.092,1985
1652749200000,0.096,1537
1652835600000,0.094,1356
1652922000000,0.095,1381
1653008400000,0.099,1273
1653094800000,0.098,1382
1653181200000,0.096,1603
1653267600000,0.098,1273
1653354000000,0.097,1151
1653440400000,0.1,1402
1653526800000,0.095,1334
1653613200000,0.09,1479
1653699600000,0.091,1480
1653786000000,0.095,1462
1653872400000,0.093,1234
1653958800000,0.094,1354
1654045200000,0.1,1554
1654131600000,0.101,1422
1654218000000,0.094,1880
1654304400000,0.087,1520
1654390800000,0.087,1548
1654477200000,0.093,1210
1654563600000,0.092,1259
1654650000000,0.093,1394
1654736400000,0.091,1295
1654822800000,0.089,1169
1654909200000,0.087,1223
1654995600000,0.088,1271
1655082000000,0.088,1195
1655168400000,0.091,1505
1655254800000,0.089,1139
1655341200000,0.087,1427
1655427600000,0.09,1203
1655514000000,0.09,1279
1655600400000,0.089,1195
1655686800000,0.089,1275
1655773200000,0.086,1303
1655859600000,0.085,1511
1655946000000,0.086,1168
1656032400000,0.085,1670
1656118800000,0.083,1699
1656205200000,0.082,1593
1656291600000,0.08,1392
1656378000000,0.081,1367
1656464400000,0.079,1340
1656550800000,0.079,1470
1656637200000,0.077,1428
1656723600000,0.077,1428
1656810000000,0.076,1508
1656896400000,0.075,1376
1656982800000,0.077,1745
1657069200000,0.072,1641
1657155600000,0.073,1529
1657242000000,0.074,1334
1657328400000,0.076,1241
1657414800000,0.078,1603
1657501200000,0.08,2077
1657587600000,0.08,1400
1657674000000,0.082,1213
1657760400000,0.082,1612
1657846800000,0.081,1468
1657933200000,0.084,1562
1658019600000,0.085,1387
1658106000000,0.089,1942
1658192400000,0.087,1312
1658278800000,0.087,1172
1658365200000,0.084,2492
1658451600000,0.082,1685
1658538000000,0.079,1464
1658624400000,0.078,1437
1658710800000,0.081,1656
1658797200000,0.085,1369
1658883600000,0.082,1974
1658970000000,0.082,1501
1659056400000,0.082,1325
1659142800000,0.08,1359
1659229200000,0.086,2041
1659315600000,0.085,1565
1659402000000,0.086,1522
1659488400000,0.085,1551
1659574800000,0.085,1717
1659661200000,0.089,1623
1659747600000,0.083,1356
1659834000000,0.081,1882
1659920400000,0.084,1765
1660006800000,0.086,893
1660093200000,0.085,1829
1660179600000,0.087,1607
1660266000000,0.085,1446
1660352400000,0.088,1515
1660438800000,0.093,1658
1660525200000,0.094,1580
1660611600000,0.094,1788
1660698000000,0.088,1966
1660784400000,0.086,1787
1660870800000,0.089,1708
1660957200000,0.09,1739
1661043600000,0.095,1674
1661130000000,0.092,2419
1661216400000,0.089,1470
1661302800000,0.088,1702
1661389200000,0.088,1781
1661475600000,0.089,1522
1661562000000,0.092,2549
1661648400000,0.093,1836
1661734800000,0.095,1838
1661821200000,0.097,1751
1661907600000,0.097,1472
1661994000000,0.099,1385
1662080400000,0.097,1747
1662166800000,0.097,1708
1662253200000,0.096,1534
1662339600000,0.093,1269
1662426000000,0.092,1335
1662512400000,0.093,1657
1662598800000,0.097,2067
1662685200000,0.098,1780
1662771600000,0.092,1510
1662858000000,0.09,1761
1662944400000,0.091,1434
1663030800000,0.091,1207
1663117200000,0.091,1892
1663203600000,0.094,1409
1663290000000,0.096,1512
1663376400000,0.098,1661
1663462800000,0.095,1628
1663549200000,0.095,1515
1663635600000,0.091,1370
1663722000000,0.09,1304
1663808400000,0.094,1388
1663894800000,0.094,1251
1663981200000,0.097,1552
1664067600000,0.095,1437
1664154000000,0.099,1259
1664240400000,0.099,1260
1664326800000,0.097,1196
1664413200000,0.092,1212
1664499600000,0.088,1327
1664586000000,0.088,1721
1664672400000,0.089,1805
1664758800000,0.097,1378
1664845200000,0.094,1233
1664931600000,0.096,1279
1665018000000,0.095,1423
1665104400000,0.089,2346
1665190800000,0.091,1731
1665277200000,0.092,1517
1665363600000,0.092,1370
1665450000000,0.09,2005
1665536400000,0.087,1313
1665622800000,0.09,1504
1665709200000,0.084,968
1665795600000,0.091,2089
1665882000000,0.096,2158
1665968400000,0.094,1327
1666054800000,0.093,1409
1666141200000,0.095,1499
1666227600000,0.096,1745
1666314000000,0.095,1576
1666400400000,0.095,1865
1666486800000,0.092,1639
1666573200000,0.091,1357
1666659600000,0.089,1170
1666746000000,0.089,1456
1666832400000,0.09,1388
1666918800000,0.089,1458
1667005200000,0.093,1645
1667091600000,0.095,1744
1667178000000,0.094,1426
1667264400000,0.094,1457
1667350800000,0.094,1408
1667437200000,0.09,1283
1667523600000,0.088,1374
1667610000000,0.087,1593
1667696400000,0.091,1626
1667782800000,0.094,1307
1667869200000,0.096,1372
1667955600000,0.092,1282
1668042000000,0.092,1228
1668128400000,0.092,1420
1668214800000,0.093,1660
1668301200000,0.092,1541
1668387600000,0.091,1349
1668474000000,0.092,1283
1668560400000,0.094,1361
1668646800000,0.094,1377
1668733200000,0.095,1522
1668819600000,0.096,1957
1668906000000,0.095,1564
1668992400000,0.092,1208
1669078800000,0.091,1422
1669165200000,0.084,1963
1669251600000,0.083,1709
1669338000000,0.082,1782
1669424400000,0.082,1833
1669510800000,0.083,2003
1669597200000,0.084,1654
1669683600000,0.083,1527
1669770000000,0.083,1804
1669856400000,0.083,1397
1669942800000,0.085,2334
1670029200000,0.091,1679
1670115600000,0.092,1431
1670202000000,0.095,1222
1670288400000,0.095,1249
1670374800000,0.093,1191
1670461200000,0.091,1345
1670547600000,0.091,1518
1670634000000,0.091,1476
1670720400000,0.094,2085
1670806800000,0.096,1584
1670893200000,0.089,1377
1670979600000,0.093,2724
1671066000000,0.088,1416
1671152400000,0.088,1474
1671238800000,0.085,1576
1671325200000,0.086,1476
1671411600000,0.085,1514
1671498000000,0.083,1182
1671584400000,0.084,1529
1671670800000,0.082,1771
1671757200000,0.08,2365
1671843600000,0.08,2234
1671930000000,0.082,2095
1672016400000,0.082,1923
1672102800000,0.081,2329
1672189200000,0.081,2287
1672275600000,0.075,2032
1672362000000,0.075,2017
1672448400000,0.075,1536
1672534800000,0.076,1953
1672621200000,0.077,1927
1672707600000,0.079,2053
1672794000000,0.08,2045
1672880400000,0.08,2055
1672966800000,0.083,2258
1673053200000,0.082,1837
1673139600000,0.082,1907
1673226000000,0.081,1769
1673312400000,0.085,1799
1673398800000,0.086,1873
1673485200000,0.086,1806
1673571600000,0.087,1886
1673658000000,0.089,2163
1673744400000,0.09,2000
1673830800000,0.09,2274
1673917200000,0.09,1695
1674003600000,0.09,1746
1674090000000,0.094,1867
1674176400000,0.093,1890
1674262800000,0.097,2228
1674349200000,0.097,1941
1674435600000,0.1,1575
1674522000000,0.098,1658
1674608400000,0.097,1908
1674694800000,0.094,1831
1674781200000,0.095,1912
1674867600000,0.094,2272
1674954000000,0.098,2159
1675040400000,0.098,1781
1675126800000,0.095,1813
1675213200000,0.097,2019
1675299600000,0.097,2035
1675386000000,0.095,2120
1675472400000,0.097,2361
1675558800000,0.099,2233
1675645200000,0.098,1975
1675731600000,0.098,2003
1675818000000,0.097,1985
1675904400000,0.098,2091
1675990800000,0.099,2359
1676077200000,0.101,2860
1676163600000,0.105,3040
1676250000000,0.103,2496
1676336400000,0.104,2118
1676422800000,0.103,2459
1676509200000,0.101,2450
1676595600000,0.102,2842
1676682000000,0.102,2886
1676768400000,0.105,2979
1676854800000,0.106,2154
1676941200000,0.102,2465
1677027600000,0.101,2544
1677114000000,0.104,2659
1677200400000,0.101,2576
1677286800000,0.101,2801
1677373200000,0.101,2739
1677459600000,0.099,2243
1677546000000,0.101,2265
1677632400000,0.102,2421
1677718800000,0.102,2630
1677805200000,0.102,2636
1677891600000,0.103,3092
1677978000000,0.104,3224
1678064400000,0.103,2317
1678150800000,0.102,2335
1678237200000,0.105,2495
1678323600000,0.106,2930
1678410000000,0.109,3245
1678496400000,0.109,2926
1678582800000,0.109,3258
1678669200000,0.112,2638
1678755600000,0.108,2559
1678842000000,0.109,2590
1678928400000,0.104,2877
1679014800000,0.099,3191
1679101200000,0.102,3276
1679187600000,0.101,3159
1679274000000,0.102,3118
1679360400000,0.101,2670
1679446800000,0.104,7711
1679533200000,0.114,4226
1679619600000,0.113,3889
1679706000000,0.12,3478
1679792400000,0.126,3730
1679878800000,0.125,3366
1679965200000,0.125,3229
1680051600000,0.123,3216
1680138000000,0.121,2554
1680224400000,0.123,2227
1680310800000,0.122,3331
1680397200000,0.121,3279
1680483600000,0.12,3299
1680570000000,0.124,2716
1680656400000,0.119,3203
1680742800000,0.121,3077
1680829200000,0.123,2470
1680915600000,0.124,2667
1681002000000,0.123,2993
1681088400000,0.125,3190
1681174800000,0.128,3047
1681261200000,0.125,2789
1681347600000,0.125,2804
1681434000000,0.132,2794
1681520400000,0.136,2355
1681606800000,0.142,2465
1681693200000,0.136,2943
1681779600000,0.135,2100
1681866000000,0.143,2578
1681952400000,0.145,1008
1681988400000,0.141,157
1681992000000,0.14,235
1681995600000,0.147,216
1681999200000,0.141,163
1682002800000,0.141,208
1682006400000,0.14,232
1682010000000,0.141,174
1682013600000,0.14,215
1682017200000,0.138,131
1682020800000,0.142,81
1682024400000,0.134,171
1682028000000,0.13,158
1682031600000,0.14,141
1682035200000,0.134,63
1682038800000,0.138,76
1682042400000,0.14,66
1682046000000,0.132,59
1682049600000,0.139,61
1682053200000,0.135,63
1682056800000,0.135,73
1682060400000,0.138,95
1682064000000,0.135,127
1682067600000,0.14,145
1682071200000,0.142,172
1682074800000,0.142,128
1682078400000,0.135,133
1682082000000,0.13,146
1682085600000,0.133,178
1682089200000,0.134,154
1682092800000,0.133,183
1682096400000,0.137,282
1682100000000,0.136,187
1682103600000,0.136,242
1682107200000,0.134,201
1682110800000,0.139,244
1682114400000,0.135,127
1682118000000,0.136,101
1682121600000,0.139,88
1682125200000,0.134,60
1682128800000,0.14,68
1682132400000,0.14,50
1682136000000,0.15,92
1682139600000,0.146,86
1682143200000,0.135,65
1682146800000,0.14,84
1682150400000,0.145,241
1682154000000,0.145,141
1682157600000,0.14,141
1682161200000,0.141,182
1682164800000,0.143,153
1682168400000,0.15,475
1682172000000,0.15,188
1682175600000,0.15,183
1682179200000,0.15,221
1682182800000,0.15,232
1682186400000,0.15,215
1682190000000,0.15,224
1682193600000,0.15,270
1682197200000,0.15,225
1682200800000,0.147,162
1682204400000,0.139,121
1682208000000,0.141,118
1682211600000,0.136,85
1682215200000,0.146,92
1682218800000,0.141,185
1682222400000,0.146,93
1682226000000,0.14,56
1682229600000,0.145,73
1682233200000,0.141,89
1682236800000,0.148,126
1682240400000,0.15,188
1682244000000,0.145,123
1682247600000,0.147,169
1682251200000,0.15,219
1682254800000,0.145,132
1682258400000,0.145,135
1682262000000,0.145,203
1682265600000,0.146,212
1682269200000,0.145,188
1682272800000,0.145,193
1682276400000,0.15,243
1682280000000,0.147,200
1682283600000,0.144,180
1682287200000,0.146,129
1682290800000,0.141,94
1682294400000,0.15,109
1682298000000,0.154,87
1682301600000,0.145,41
1682305200000,0.145,46
1682308800000,0.14,38
1682312400000,0.141,46
1682316000000,0.141,55
1682319600000,0.141,60
1682323200000,0.141,71
1682326800000,0.141,104
1682330400000,0.141,92
1682334000000,0.147,132
1682337600000,0.141,110
1682341200000,0.141,128
1682344800000,0.143,154
1682348400000,0.142,165
1682352000000,0.143,199
1682355600000,0.143,169
1682359200000,0.142,191
1682362800000,0.145,207
1682366400000,0.141,165
1682370000000,0.149,198
1682373600000,0.141,87
1682377200000,0.142,279
1682380800000,0.142,75
1682384400000,0.14,70
1682388000000,0.16,440
1682391600000,0.152,152
1682395200000,0.154,185
1682398800000,0.159,279
1682402400000,0.162,428
1682406000000,0.166,384
1682409600000,0.168,405
1682413200000,0.162,344
1682416800000,0.175,297
1682420400000,0.178,397
1682424000000,0.16,317
1682427600000,0.162,508
1682431200000,0.166,438
1682434800000,0.186,410
1682438400000,0.165,327
1682442000000,0.17,299
1682445600000,0.17,373
1682449200000,0.152,218
1682452800000,0.152,222
1682456400000,0.151,223
1682460000000,0.147,114
1682463600000,0.146,53
1682467200000,0.147,80
1682470800000,0.15,94
1682474400000,0.15,68
1682478000000,0.18,90
1682481600000,0.15,44
1682485200000,0.159,52
1682488800000,0.171,57
1682492400000,0.153,56
1682496000000,0.15,74
1682499600000,0.16,113
1682503200000,0.159,111
1682506800000,0.154,107
1682510400000,0.155,124
1682514000000,0.16,225
1682517600000,0.151,208
1682521200000,0.155,221
1682524800000,0.15,170
1682528400000,0.159,224
1682532000000,0.154,211
1682535600000,0.151,227
1682539200000,0.149,230
1682542800000,0.146,141
1682546400000,0.146,127
1682550000000,0.147,104
1682553600000,0.146,45
1682557200000,0.146,37
1682560800000,0.15,62
1682564400000,0.146,53
1682568000000,0.146,45
1682571600000,0.146,56
1682575200000,0.148,61
1682578800000,0.148,66
1682582400000,0.15,100
1682586000000,0.155,96
1682589600000,0.15,109
1682593200000,0.146,86
1682596800000,0.149,111
1682600400000,0.15,175
1682604000000,0.152,166
1682607600000,0.155,200
1682611200000,0.149,212
1682614800000,0.144,185
1682618400000,0.146,212
1682622000000,0.146,205
1682625600000,0.146,210
1682629200000,0.146,135
1682632800000,0.146,90
1682636400000,0.143,82
1682640000000,0.143,74
1682643600000,0.139,78
1682647200000,0.143,45
1682650800000,0.147,53
1682654400000,0.16,105
1682658000000,0.146,54
1682661600000,0.157,61
1682665200000,0.146,66
1682668800000,0.157,118
1682672400000,0.151,68
1682676000000,0.15,90
1682679600000,0.15,114
1682683200000,0.15,130
1682686800000,0.15,174
1682690400000,0.152,155
1682694000000,0.15,140
1682697600000,0.149,153
1682701200000,0.148,166
1682704800000,0.149,190
1682708400000,0.151,199
1682712000000,0.151,253
1682715600000,0.149,164
1682719200000,0.15,163
1682722800000,0.149,100
1682726400000,0.151,81
1682730000000,0.149,78
1682733600000,0.149,51
1682737200000,0.144,63
1682740800000,0.152,69
1682744400000,0.151,84
1682748000000,0.15,74
1682751600000,0.16,84
1682755200000,0.16,88
1682758800000,0.151,126
1682762400000,0.149,185
1682766000000,0.149,152
1682769600000,0.149,153
1682773200000,0.149,143
1682776800000,0.15,164
1682780400000,0.149,173
1682784000000,0.149,173
1682787600000,0.15,181
1682791200000,0.15,205
1682794800000,0.15,162
1682798400000,0.152,205
1682802000000,0.15,143
1682805600000,0.15,133
1682809200000,0.15,83
1682812800000,0.15,91
1682816400000,0.15,72
1682820000000,0.154,73
1682823600000,0.153,54
1682827200000,0.15,64
1682830800000,0.15,43
1682834400000,0.15,64
1682838000000,0.153,102
1682841600000,0.15,95
1682845200000,0.15,128
1682848800000,0.15,149
1682852400000,0.149,149
1682856000000,0.149,158
1682859600000,0.149,144
1682863200000,0.14,165
1682866800000,0.144,155
1682870400000,0.151,212
1682874000000,0.148,188
1682877600000,0.141,206
1682881200000,0.148,224
1682884800000,0.14,186
1682888400000,0.14,170
1682892000000,0.138,189
1682895600000,0.139,117
1682899200000,0.135,84
1682902800000,0.138,72
1682906400000,0.14,64
1682910000000,0.138,68
1682913600000,0.138,41
1682917200000,0.15,68
1682920800000,0.138,45
1682924400000,0.138,66
1682928000000,0.139,87
1682931600000,0.152,161
1682935200000,0.139,134
1682938800000,0.144,143
1682942400000,0.139,125
1682946000000,0.139,127
1682949600000,0.139,186
1682953200000,0.144,150
1682956800000,0.14,144
1682960400000,0.141,160
1682964000000,0.138,152
1682967600000,0.143,167
1682971200000,0.143,164
1682974800000,0.139,115
1682978400000,0.137,113
1682982000000,0.134,72
1682985600000,0.134,57
1682989200000,0.14,105
1682992800000,0.128,53
1682996400000,0.138,41
1683000000000,0.14,36
1683003600000,0.147,56
1683007200000,0.136,50
1683010800000,0.133,37
1683014400000,0.136,77
1683018000000,0.145,61
1683021600000,0.138,113
1683025200000,0.139,123
1683028800000,0.15,199
1683032400000,0.14,177
1683036000000,0.139,145
1683039600000,0.143,222
1683043200000,0.139,170
1683046800000,0.143,206
1683050400000,0.139,182
1683054000000,0.141,196
1683057600000,0.14,135
1683061200000,0.135,129
1683064800000,0.136,124
1683068400000,0.134,64
1683072000000,0.135,71
1683075600000,0.14,64
1683079200000,0.13,51
1683082800000,0.133,37
1683086400000,0.142,43
1683090000000,0.143,70
1683093600000,0.137,55
1683097200000,0.143,87
1683100800000,0.141,74
1683104400000,0.139,78
1683108000000,0.14,97
1683111600000,0.143,153
1683115200000,0.137,100
1683118800000,0.138,129
1683122400000,0.139,123
1683126000000,0.139,125
1683129600000,0.137,153
1683133200000,0.139,159
1683136800000,0.14,150
1683140400000,0.147,201
1683144000000,0.141,150
1683147600000,0.141,162
1683151200000,0.144,136
1683154800000,0.142,60
1683158400000,0.138,78
1683162000000,0.149,31
1683165600000,0.148,45
1683169200000,0.151,64
1683172800000,0.139,23
1683176400000,0.138,21
1683180000000,0.14,35
1683183600000,0.15,44
1683187200000,0.15,88
1683190800000,0.15,65
1683194400000,0.149,76
1683198000000,0.149,90
1683201600000,0.15,155
1683205200000,0.152,253
1683208800000,0.15,117
1683212400000,0.15,145
1683216000000,0.15,138
1683219600000,0.15,128
1683223200000,0.15,151
1683226800000,0.149,176
1683230400000,0.14,141
1683234000000,0.142,121
1683237600000,0.146,96
1683241200000,0.147,63
1683244800000,0.154,88
1683248400000,0.139,191
1683252000000,0.139,88
1683255600000,0.141,49
1683259200000,0.141,58
1683262800000,0.141,67
1683266400000,0.141,93
1683270000000,0.139,85
1683273600000,0.141,138
1683277200000,0.141,127
1683280800000,0.139,144
1683284400000,0.139,153
1683288000000,0.141,166
1683291600000,0.141,182
1683295200000,0.141,99
1683298800000,0.139,61
1683302400000,0.143,130
1683306000000,0.141,211
1683309600000,0.141,217
1683313200000,0.14,201
1683316800000,0.141,212
1683320400000,0.141,197
1683324000000,0.145,191
1683327600000,0.143,96
1683331200000,0.142,83
1683334800000,0.138,55
1683338400000,0.146,76
1683342000000,0.141,34
1683345600000,0.141,42
1683349200000,0.139,53
1683352800000,0.142,54
1683356400000,0.139,59
1683360000000,0.141,86
1683363600000,0.142,114
1683367200000,0.141,122
1683370800000,0.139,141
1683374400000,0.142,148
1683378000000,0.15,226
1683381600000,0.143,107
1683385200000,0.145,95
1683388800000,0.146,217
1683392400000,0.142,204
1683396000000,0.143,170
1683399600000,0.142,182
1683403200000,0.14,171
1683406800000,0.139,175
1683410400000,0.139,110
1683414000000,0.138,98
1683417600000,0.138,75
1683421200000,0.14,74
1683424800000,0.14,42
1683428400000,0.128,43
1683432000000,0.14,49
1683435600000,0.15,154
1683439200000,0.139,54
1683442800000,0.14,63
1683446400000,0.14,74
1683450000000,0.14,112
1683453600000,0.14,122
1683457200000,0.14,121
1683460800000,0.14,137
1683464400000,0.139,150
1683468000000,0.139,172
1683471600000,0.139,135
1683475200000,0.138,152
1683478800000,0.139,182
1683482400000,0.139,176
1683486000000,0.142,245
1683489600000,0.148,283
1683493200000,0.136,136
1683496800000,0.133,112
1683500400000,0.129,85
1683504000000,0.127,88
1683507600000,0.127,65
1683511200000,0.132,53
1683514800000,0.126,48
1683518400000,0.121,45
1683522000000,0.127,28
1683525600000,0.131,50
1683529200000,0.131,58
1683532800000,0.134,57
1683536400000,0.137,86
1683540000000,0.129,109
1683543600000,0.127,89
1683547200000,0.134,152
1683550800000,0.129,117
1683554400000,0.129,123
1683558000000,0.129,122
1683561600000,0.13,167
1683565200000,0.13,133
1683568800000,0.129,139
1683572400000,0.13,180
1683576000000,0.13,154
1683579600000,0.13,118
1683583200000,0.129,91
1683586800000,0.128,69
1683590400000,0.128,55
1683594000000,0.128,38
1683597600000,0.129,34
1683601200000,0.137,39
1683604800000,0.14,54
1683608400000,0.129,35
1683612000000,0.14,63
1683615600000,0.133,52
1683619200000,0.131,63
1683622800000,0.129,65
1683626400000,0.129,92
1683630000000,0.138,129
1683633600000,0.133,91
1683637200000,0.132,95
1683640800000,0.134,110
1683644400000,0.131,142
1683648000000,0.129,133
1683651600000,0.133,162
1683655200000,0.133,116
1683658800000,0.134,162
1683662400000,0.133,157
1683666000000,0.13,83
1683669600000,0.132,80
1683673200000,0.126,61
1683676800000,0.133,73
1683680400000,0.126,47
1683684000000,0.127,36
1683687600000,0.126,53
1683691200000,0.133,27
1683694800000,0.13,28
1683698400000,0.129,50
1683702000000,0.133,48
1683705600000,0.132,58
1683709200000,0.136,75
1683712800000,0.136,103
1683716400000,0.136,81
1683720000000,0.142,77
1683723600000,0.142,102
1683727200000,0.139,99
1683730800000,0.14,128
1683734400000,0.137,128
1683738000000,0.136,131
1683741600000,0.136,138
1683745200000,0.136,142
1683748800000,0.137,170
1683752400000,0.135,112
1683756000000,0.134,98
1683759600000,0.133,79
1683763200000,0.139,53
1683766800000,0.133,42
1683770400000,0.132,36
1683774000000,0.129,26
1683777600000,0.133,36
1683781200000,0.133,28
1683784800000,0.133,49
1683788400000,0.135,70
1683792000000,0.132,71
1683795600000,0.133,74
1683799200000,0.134,73
1683802800000,0.134,71
1683806400000,0.14,115
1683810000000,0.143,117
1683813600000,0.143,126
1683817200000,0.143,147
1683820800000,0.141,121
1683824400000,0.139,141
1683828000000,0.131,160
1683831600000,0.131,157
1683835200000,0.131,141
1683838800000,0.13,103
1683842400000,0.128,90
1683846000000,0.131,73
1683849600000,0.131,57
1683853200000,0.129,30
1683856800000,0.13,36
1683860400000,0.13,19
1683864000000,0.13,30
1683867600000,0.131,25
1683871200000,0.135,48
1683874800000,0.14,98
1683878400000,0.131,53
1683882000000,0.13,45
1683885600000,0.131,55
1683889200000,0.138,108
1683892800000,0.13,84
1683896400000,0.133,95
1683900000000,0.132,115
1683903600000,0.13,112
1683907200000,0.13,165
1683910800000,0.131,116
1683914400000,0.133,140
1683918000000,0.132,143
1683921600000,0.131,128
1683925200000,0.13,144
1683928800000,0.128,130
1683932400000,0.13,89
1683936000000,0.134,99
1683939600000,0.13,49
1683943200000,0.131,36
1683946800000,0.138,38
1683950400000,0.138,32
1683954000000,0.141,60
1683957600000,0.138,65
1683961200000,0.138,79
1683964800000,0.128,100
1683968400000,0.128,83
1683972000000,0.128,99
1683975600000,0.125,197
1683979200000,0.138,126
1683982800000,0.128,124
1683986400000,0.135,123
1683990000000,0.13,113
1683993600000,0.135,121
1683997200000,0.128,135
1684000800000,0.128,132
1684004400000,0.128,125
1684008000000,0.132,145
1684011600000,0.128,136
1684015200000,0.128,134
1684018800000,0.128,88
1684022400000,0.137,99
1684026000000,0.128,59
1684029600000,0.128,26
1684033200000,0.136,76
1684036800000,0.131,38
1684040400000,0.129,42
1684044000000,0.128,67
1684047600000,0.132,64
1684051200000,0.137,108
1684054800000,0.138,91
1684058400000,0.135,103
1684062000000,0.13,95
1684065600000,0.13,137
1684069200000,0.135,147
1684072800000,0.13,111
1684076400000,0.13,116
1684080000000,0.13,125
1684083600000,0.13,123
1684087200000,0.13,149
1684090800000,0.133,167
1684094400000,0.13,130
1684098000000,0.13,118
1684101600000,0.13,91
1684105200000,0.121,82
1684108800000,0.124,63
1684112400000,0.13,45
1684116000000,0.118,37
1684119600000,0.122,32
1684123200000,0.117,34
1684126800000,0.125,43
1684130400000,0.13,26
1684134000000,0.137,74
1684137600000,0.128,33
1684141200000,0.128,45
1684144800000,0.128,55
1684148400000,0.13,89
1684152000000,0.13,78
1684155600000,0.133,95
1684159200000,0.14,111
1684162800000,0.14,119
1684166400000,0.14,124
1684170000000,0.135,115
1684173600000,0.129,127
1684177200000,0.128,129
1684180800000,0.135,158
1684184400000,0.135,114
1684188000000,0.139,118
1684191600000,0.13,70
1684195200000,0.13,36
1684198800000,0.125,35
1684202400000,0.13,19
1684206000000,0.129,24
1684209600000,0.127,23
1684213200000,0.13,64
1684216800000,0.13,45
1684220400000,0.13,40
1684224000000,0.152,281
1684227600000,0.13,61
1684231200000,0.125,79
1684234800000,0.125,63
1684238400000,0.126,88
1684242000000,0.124,90
1684245600000,0.128,128
1684249200000,0.133,140
1684252800000,0.127,118
1684256400000,0.13,111
1684260000000,0.126,121
1684263600000,0.129,124
1684267200000,0.127,154
1684270800000,0.127,138
1684274400000,0.125,75
1684278000000,0.125,33
1684281600000,0.126,53
1684285200000,0.137,51
1684288800000,0.128,48
1684292400000,0.126,23
1684296000000,0.131,36
1684299600000,0.124,36
1684303200000,0.127,34
1684306800000,0.129,51
1684310400000,0.126,51
1684314000000,0.13,84
1684317600000,0.135,75
1684321200000,0.13,110
1684324800000,0.131,109
1684328400000,0.13,104
1684332000000,0.13,106
1684335600000,0.13,128
1684339200000,0.13,143
1684342800000,0.131,137
1684346400000,0.13,163
1684350000000,0.13,189
1684353600000,0.13,141
1684357200000,0.13,120
1684360800000,0.13,88
1684364400000,0.13,88
1684368000000,0.13,46
1684371600000,0.13,56
1684375200000,0.134,73
1684378800000,0.134,53
1684382400000,0.136,78
1684386000000,0.13,32
1684389600000,0.13,31
1684393200000,0.14,137
1684396800000,0.132,57
1684400400000,0.13,72
1684404000000,0.13,72
1684407600000,0.13,79
1684411200000,0.133,120
1684414800000,0.13,82
1684418400000,0.13,119
1684422000000,0.131,108
1684425600000,0.131,98
1684429200000,0.138,148
1684432800000,0.137,153
1684436400000,0.13,148
1684440000000,0.13,115
1684443600000,0.13,115
1684447200000,0.13,97
1684450800000,0.13,101
1684454400000,0.134,46
1684458000000,0.127,47
1684461600000,0.129,37
1684465200000,0.126,28
1684468800000,0.135,245
1684472400000,0.137,49
1684476000000,0.13,27
1684479600000,0.133,56
1684483200000,0.13,47
1684486800000,0.129,63
1684490400000,0.13,78
1684494000000,0.13,97
1684497600000,0.13,98
1684501200000,0.129,115
1684504800000,0.129,118
1684508400000,0.128,156
1684512000000,0.129,124
1684515600000,0.128,125
1684519200000,0.13,141
1684522800000,0.13,130
1684526400000,0.13,170
1684530000000,0.13,139
1684533600000,0.13,137
1684537200000,0.13,83
1684540800000,0.13,75
1684544400000,0.125,38
1684548000000,0.124,49
1684551600000,0.126,32
1684555200000,0.127,29
1684558800000,0.13,56
1684562400000,0.129,36
1684566000000,0.128,53
1684569600000,0.131,83
1684573200000,0.134,113
